event_id,customer_id,event_type,page_url,event_timestamp,device_type,time_diff,new_session,session_id
1935,1.0,add-to-cart,/cart,2025-02-11 10:14:04+00:00,Desktop,,False,0
904,1.0,click,/help,2025-02-12 15:55:00+00:00,Mobile,1 days 05:40:56,True,1
866,1.0,add-to-cart,/account,2025-02-15 16:46:00+00:00,Mobile,3 days 00:51:00,True,2
928,1.0,Click,/cart,2025-02-17 07:54:00+00:00,Mobile,1 days 15:08:00,True,3
692,1.0,SEARCH,/product/105,2025-03-13 19:06:27+00:00,Desktop,24 days 11:12:27,True,4
430,1.0,add-to-cart,/products,2025-03-15 13:11:31+00:00,Desktop,1 days 18:05:04,True,5
634,1.0,LOG OUT,/search,2025-03-28 19:27:00+00:00,Other,13 days 06:15:29,True,6
1700,1.0,Page_View,/cart,2025-03-31 06:06:10+00:00,Mobile,2 days 10:39:10,True,7
996,1.0,purchase,/home,2025-04-20 04:16:54+00:00,Other,19 days 22:10:44,True,8
1934,1.0, purchase ,/products,2025-04-21 18:21:30+00:00,Desktop,1 days 14:04:36,True,9
1247,1.0,purchase,/product/101,2025-06-02 16:35:49+00:00,Mobile,41 days 22:14:19,True,10
1671,1.0,Logout,/account,2025-06-07 05:42:49+00:00,Mobile,4 days 13:07:00,True,11
567,2.0,pageview,/product/105,2025-02-02 20:32:00+00:00,Other,,False,0
141,2.0,log_out,/products,2025-02-07 18:37:37+00:00,Mobile,4 days 22:05:37,True,1
1751,2.0, purchase ,/product/101,2025-02-08 01:02:00+00:00,Desktop,0 days 06:24:23,True,2
681,2.0,Purchase,/products,2025-02-09 13:07:00+00:00,Mobile,1 days 12:05:00,True,3
1472,2.0,add-to-cart,/product/101,2025-04-15 08:54:10+00:00,Other,64 days 19:47:10,True,4
1636,2.0,Click,/cart,2025-04-23 02:46:44+00:00,Other,7 days 17:52:34,True,5
801,2.0,Search,/search,2025-05-14 09:39:35+00:00,Mobile,21 days 06:52:51,True,6
700,2.0,log_out,/orders,2025-05-15 08:19:54+00:00,Desktop,0 days 22:40:19,True,7
1662,2.0,logout,/orders,2025-05-23 17:03:00+00:00,Desktop,8 days 08:43:06,True,8
92,2.0,Add_To_Cart,/account,2025-05-26 13:23:34+00:00,Mobile,2 days 20:20:34,True,9
210,2.0,Logout,/products,2025-05-27 19:25:34+00:00,Mobile,1 days 06:02:00,True,10
1100,2.0,SEARCH,/help,2025-05-30 20:55:29+00:00,Other,3 days 01:29:55,True,11
897,2.0,PURCHASE,/cart,2025-06-07 11:36:41+00:00,Mobile,7 days 14:41:12,True,12
15,2.0,Add_To_Cart,/product/101,2025-06-13 12:52:27+00:00,Other,6 days 01:15:46,True,13
1353,2.0, page_view,/orders,2025-06-18 05:11:14+00:00,Other,4 days 16:18:47,True,14
510,2.0,serach,/account,2025-07-08 18:38:46+00:00,Desktop,20 days 13:27:32,True,15
1991,2.0,Logout,/product/101,2025-07-18 13:18:13+00:00,Mobile,9 days 18:39:27,True,16
607,3.0,PAGEVIEW,/product/105,2025-01-17 07:56:06+00:00,Mobile,,False,0
707,3.0,clik,/help,2025-02-06 02:27:00+00:00,Other,19 days 18:30:54,True,1
1666,3.0,page_view,/cart,2025-03-06 17:13:50+00:00,Desktop,28 days 14:46:50,True,2
985,3.0,Click,/cart,2025-04-06 00:20:00+00:00,Other,30 days 07:06:10,True,3
944,3.0,SEARCH,/products,2025-04-21 03:50:12+00:00,Desktop,15 days 03:30:12,True,4
509,3.0,clik,/search,2025-04-26 18:15:00+00:00,Other,5 days 14:24:48,True,5
952,3.0,add-to-cart,/product/105,2025-05-18 04:24:38+00:00,Mobile,21 days 10:09:38,True,6
849,3.0,purchase,/checkout,2025-05-23 06:26:03+00:00,Mobile,5 days 02:01:25,True,7
207,3.0,pageview,/home,2025-06-08 02:48:47+00:00,Mobile,15 days 20:22:44,True,8
1124,3.0,add-to-cart,/checkout,2025-07-04 12:35:01+00:00,Other,26 days 09:46:14,True,9
917,3.0,Page_View,/checkout,2025-07-05 07:19:53+00:00,Desktop,0 days 18:44:52,True,10
795,3.0,Add_To_Cart,/orders,2025-07-13 04:49:06+00:00,Desktop,7 days 21:29:13,True,11
589,4.0,Logout,/cart,2025-01-03 15:51:00+00:00,Other,,False,0
771,4.0,add-to-cart,/product/101,2025-01-19 06:42:00+00:00,Mobile,15 days 14:51:00,True,1
1839,4.0, purchase ,/home,2025-01-21 12:59:00+00:00,Mobile,2 days 06:17:00,True,2
1033,4.0,ADD TO CART,/checkout,2025-03-05 08:28:50+00:00,Other,42 days 19:29:50,True,3
1561,4.0,SEARCH,/products,2025-04-11 05:09:36+00:00,Desktop,36 days 20:40:46,True,4
308,4.0,Add_To_Cart,/product/101,2025-04-11 21:08:05+00:00,Other,0 days 15:58:29,True,5
1050,4.0,purchase,/checkout,2025-04-14 18:44:00+00:00,Other,2 days 21:35:55,True,6
121,4.0,Add_To_Cart,/help,2025-05-07 17:19:00+00:00,Mobile,22 days 22:35:00,True,7
822,4.0,Click,/products,2025-05-08 21:30:20+00:00,Desktop,1 days 04:11:20,True,8
1897,4.0,ADD TO CART,/home,2025-06-13 09:36:08+00:00,Mobile,35 days 12:05:48,True,9
1440,4.0, page_view,/search,2025-06-20 02:53:53+00:00,Desktop,6 days 17:17:45,True,10
1428,4.0,page_view,/search,2025-06-20 14:07:00+00:00,Mobile,0 days 11:13:07,True,11
1823,5.0,purchase,/home,2025-01-16 16:29:00+00:00,Other,,False,0
273,5.0,search,/orders,2025-02-23 15:24:00+00:00,Other,37 days 22:55:00,True,1
1849,5.0,Click,/checkout,2025-03-05 06:11:00+00:00,Desktop,9 days 14:47:00,True,2
743,5.0,purchase,/checkout,2025-05-02 06:03:13+00:00,Other,57 days 23:52:13,True,3
923,5.0,PAGEVIEW,/home,2025-05-02 10:21:41+00:00,Mobile,0 days 04:18:28,True,4
1357,5.0,pageview,/product/105,2025-05-19 13:46:38+00:00,Desktop,17 days 03:24:57,True,5
1887,5.0,clik,/orders,2025-06-22 13:03:00+00:00,Other,33 days 23:16:22,True,6
250,5.0,Purchase,/search,2025-06-28 16:29:20+00:00,Mobile,6 days 03:26:20,True,7
915,6.0,clik,/product/101,2025-01-01 09:17:00+00:00,Mobile,,False,0
1293,6.0,purchase,/home,2025-01-01 21:16:56+00:00,Other,0 days 11:59:56,True,1
1131,6.0,Page_View,/product/105,2025-01-02 11:44:05+00:00,Other,0 days 14:27:09,True,2
870,6.0,Logout,/home,2025-01-07 11:13:18+00:00,Other,4 days 23:29:13,True,3
1323,6.0,SEARCH,/help,2025-01-14 03:42:00+00:00,Mobile,6 days 16:28:42,True,4
1850,6.0,ADD TO CART,/checkout,2025-01-16 03:39:56+00:00,Desktop,1 days 23:57:56,True,5
1160,6.0,add-to-cart,/products,2025-01-20 06:30:31+00:00,Mobile,4 days 02:50:35,True,6
384,6.0,Search,/cart,2025-01-28 20:44:00+00:00,Mobile,8 days 14:13:29,True,7
419,6.0,Logout,/search,2025-02-17 06:35:45+00:00,Other,19 days 09:51:45,True,8
608,6.0,PAGEVIEW,/checkout,2025-02-18 19:13:59+00:00,Other,1 days 12:38:14,True,9
572,6.0,Page_View,/product/105,2025-02-24 07:30:00+00:00,Other,5 days 12:16:01,True,10
221,6.0,Purchase,/products,2025-03-01 01:42:13+00:00,Other,4 days 18:12:13,True,11
198,6.0,LOG OUT,/product/101,2025-03-07 00:21:29+00:00,Mobile,5 days 22:39:16,True,12
1008,6.0,Logout,/product/101,2025-03-31 07:05:26+00:00,Mobile,24 days 06:43:57,True,13
838,6.0,Logout,/cart,2025-04-12 15:42:07+00:00,Mobile,12 days 08:36:41,True,14
1563,6.0,serach,/product/101,2025-05-12 12:23:23+00:00,Desktop,29 days 20:41:16,True,15
882,6.0,Purchase,/help,2025-05-18 06:49:40+00:00,Other,5 days 18:26:17,True,16
1273,6.0,purchase,/products,2025-05-21 14:45:08+00:00,Desktop,3 days 07:55:28,True,17
136,6.0,PURCHASE,/product/105,2025-05-25 01:09:48+00:00,Mobile,3 days 10:24:40,True,18
939,6.0, purchase ,/checkout,2025-06-03 21:23:00+00:00,Other,9 days 20:13:12,True,19
445,6.0,purchase,/account,2025-06-03 23:19:00+00:00,Desktop,0 days 01:56:00,True,20
987,6.0, purchase ,/product/105,2025-06-05 18:24:03+00:00,Mobile,1 days 19:05:03,True,21
1538,6.0,clik,/orders,2025-06-24 04:45:56+00:00,Desktop,18 days 10:21:53,True,22
1302,6.0,add-to-cart,/product/101,2025-07-12 11:48:18+00:00,Mobile,18 days 07:02:22,True,23
1861,7.0, purchase ,/help,2025-02-05 08:29:38+00:00,Other,,False,0
1694,7.0,purchase,/products,2025-02-11 13:56:41+00:00,Mobile,6 days 05:27:03,True,1
1324,7.0,logout,/cart,2025-02-16 00:45:00+00:00,Mobile,4 days 10:48:19,True,2
206,7.0,add_to_cart,/help,2025-03-08 13:24:28+00:00,Other,20 days 12:39:28,True,3
1705,7.0,logout,/cart,2025-03-20 08:30:00+00:00,Desktop,11 days 19:05:32,True,4
1228,7.0,add-to-cart,/product/101,2025-04-29 21:25:50+00:00,Other,40 days 12:55:50,True,5
905,7.0, purchase ,/search,2025-05-09 03:15:00+00:00,Other,9 days 05:49:10,True,6
433,7.0,PURCHASE,/home,2025-05-16 20:59:04+00:00,Desktop,7 days 17:44:04,True,7
702,7.0,Click,/orders,2025-06-16 11:40:00+00:00,Other,30 days 14:40:56,True,8
1638,8.0,SEARCH,/product/105,2025-02-14 07:47:37+00:00,Desktop,,False,0
1336,8.0,Purchase,/products,2025-02-19 19:21:52+00:00,Mobile,5 days 11:34:15,True,1
1970,8.0,CLICK ,/cart,2025-03-04 18:20:00+00:00,Desktop,12 days 22:58:08,True,2
108,8.0,Click,/cart,2025-03-22 12:44:53+00:00,Other,17 days 18:24:53,True,3
1898,8.0,log_out,/products,2025-04-13 21:46:28+00:00,Other,22 days 09:01:35,True,4
1121,8.0,CLICK ,/product/105,2025-04-19 22:52:54+00:00,Desktop,6 days 01:06:26,True,5
1053,8.0,Page_View,/home,2025-05-16 00:00:00+00:00,Desktop,26 days 01:07:06,True,6
486,8.0,clik,/checkout,2025-06-21 19:45:47+00:00,Mobile,36 days 19:45:47,True,7
1600,8.0,add-to-cart,/product/105,2025-07-04 15:42:00+00:00,Mobile,12 days 19:56:13,True,8
975,8.0,clik,/search,2025-07-20 01:20:50+00:00,Mobile,15 days 09:38:50,True,9
1881,9.0,add_to_cart,/orders,2025-01-06 02:53:00+00:00,Desktop,,False,0
1625,9.0,Logout,/help,2025-01-08 04:57:00+00:00,Mobile,2 days 02:04:00,True,1
1574,9.0,Add_To_Cart,/products,2025-03-15 11:01:34+00:00,Mobile,66 days 06:04:34,True,2
329,9.0,click,/cart,2025-04-16 16:13:44+00:00,Mobile,32 days 05:12:10,True,3
367,9.0, purchase ,/help,2025-04-26 10:50:00+00:00,Mobile,9 days 18:36:16,True,4
103,9.0,ADD TO CART,/checkout,2025-04-27 00:23:00+00:00,Desktop,0 days 13:33:00,True,5
1890,9.0,add_to_cart,/orders,2025-05-13 23:38:36+00:00,Mobile,16 days 23:15:36,True,6
1386,9.0,Logout,/home,2025-06-09 02:03:24+00:00,Mobile,26 days 02:24:48,True,7
577,9.0,Click,/product/105,2025-06-27 11:20:00+00:00,Desktop,18 days 09:16:36,True,8
1480,9.0,Purchase,/home,2025-07-02 20:12:00+00:00,Desktop,5 days 08:52:00,True,9
24,9.0,purchase,/cart,2025-07-16 04:49:41+00:00,Other,13 days 08:37:41,True,10
1940,9.0, page_view,/account,2025-07-19 19:04:00+00:00,Mobile,3 days 14:14:19,True,11
1855,10.0,ADD TO CART,/cart,2025-01-04 12:11:00+00:00,Mobile,,False,0
130,10.0,PAGEVIEW,/home,2025-01-27 02:21:00+00:00,Mobile,22 days 14:10:00,True,1
1685,10.0,CLICK ,/products,2025-03-04 09:53:29+00:00,Other,36 days 07:32:29,True,2
1169,10.0,clik,/checkout,2025-03-09 13:03:00+00:00,Mobile,5 days 03:09:31,True,3
208,10.0,logout,/cart,2025-03-19 19:05:00+00:00,Other,10 days 06:02:00,True,4
853,10.0,pageview,/products,2025-03-25 18:23:53+00:00,Other,5 days 23:18:53,True,5
585,10.0,Logout,/checkout,2025-03-26 08:19:47+00:00,Desktop,0 days 13:55:54,True,6
398,10.0,serach,/help,2025-04-18 06:47:00+00:00,Desktop,22 days 22:27:13,True,7
1647,10.0, page_view,/cart,2025-06-11 07:38:00+00:00,Mobile,54 days 00:51:00,True,8
299,10.0,PURCHASE,/help,2025-06-21 13:27:00+00:00,Desktop,10 days 05:49:00,True,9
995,10.0,LOG OUT,/search,2025-06-27 23:52:27+00:00,Other,6 days 10:25:27,True,10
737,10.0,PURCHASE,/search,2025-07-15 14:41:59+00:00,Mobile,17 days 14:49:32,True,11
1241,10.0,page_view,/product/105,2025-07-17 08:11:00+00:00,Other,1 days 17:29:01,True,12
1404,11.0,log_out,/products,2025-01-30 04:25:03+00:00,Mobile,,False,0
1986,11.0, page_view,/cart,2025-02-03 15:17:01+00:00,Other,4 days 10:51:58,True,1
603,11.0,clik,/product/101,2025-03-13 05:10:53+00:00,Mobile,37 days 13:53:52,True,2
285,11.0,search,/checkout,2025-04-17 11:50:45+00:00,Desktop,35 days 06:39:52,True,3
730,11.0,logout,/help,2025-05-04 01:03:20+00:00,Desktop,16 days 13:12:35,True,4
788,11.0,Click,/account,2025-05-11 10:03:00+00:00,Other,7 days 08:59:40,True,5
1441,11.0,purchase,/products,2025-05-11 15:43:52+00:00,Desktop,0 days 05:40:52,True,6
363,11.0,SEARCH,/search,2025-05-14 19:05:00+00:00,Mobile,3 days 03:21:08,True,7
1617,11.0,LOG OUT,/orders,2025-05-24 18:48:21+00:00,Other,9 days 23:43:21,True,8
1722,11.0,add_to_cart,/home,2025-06-08 21:58:55+00:00,Mobile,15 days 03:10:34,True,9
204,11.0,click,/products,2025-06-11 06:55:00+00:00,Mobile,2 days 08:56:05,True,10
409,11.0,add_to_cart,/orders,2025-06-22 11:56:03+00:00,Other,11 days 05:01:03,True,11
1092,11.0,Page_View,/product/101,2025-06-23 12:58:09+00:00,Desktop,1 days 01:02:06,True,12
1943,11.0,PAGEVIEW,/search,2025-07-03 19:25:00+00:00,Desktop,10 days 06:26:51,True,13
1786,12.0,SEARCH,/orders,2025-01-03 15:47:00+00:00,Other,,False,0
763,12.0,Add_To_Cart,/account,2025-01-06 13:04:31+00:00,Mobile,2 days 21:17:31,True,1
674,12.0,PURCHASE,/products,2025-01-20 23:15:05+00:00,Mobile,14 days 10:10:34,True,2
1870,12.0,Click,/product/105,2025-01-23 09:36:36+00:00,Mobile,2 days 10:21:31,True,3
1754,12.0, page_view,/product/101,2025-01-28 06:34:00+00:00,Mobile,4 days 20:57:24,True,4
1785,12.0,Search,/product/105,2025-02-02 18:47:59+00:00,Other,5 days 12:13:59,True,5
1488,12.0,log_out,/cart,2025-02-03 06:53:35+00:00,Desktop,0 days 12:05:36,True,6
1036,12.0,add-to-cart,/product/101,2025-02-21 08:54:00+00:00,Other,18 days 02:00:25,True,7
668,12.0,ADD TO CART,/product/101,2025-02-27 08:00:00+00:00,Desktop,5 days 23:06:00,True,8
1164,12.0,SEARCH,/search,2025-03-04 04:07:01+00:00,Mobile,4 days 20:07:01,True,9
1174,12.0,add_to_cart,/cart,2025-03-11 09:38:32+00:00,Other,7 days 05:31:31,True,10
1059,12.0,add-to-cart,/orders,2025-03-14 10:08:28+00:00,Desktop,3 days 00:29:56,True,11
87,12.0,page_view,/checkout,2025-03-18 04:24:49+00:00,Mobile,3 days 18:16:21,True,12
89,12.0,click,/help,2025-03-31 13:20:50+00:00,Desktop,13 days 08:56:01,True,13
231,12.0,click,/account,2025-04-05 01:44:00+00:00,Desktop,4 days 12:23:10,True,14
1403,12.0,PURCHASE,/orders,2025-06-06 06:58:00+00:00,Other,62 days 05:14:00,True,15
1912,12.0,logout,/account,2025-06-25 03:46:00+00:00,Mobile,18 days 20:48:00,True,16
525,13.0,pageview,/home,2025-01-29 11:12:32+00:00,Other,,False,0
1952,13.0,ADD TO CART,/orders,2025-02-11 12:15:11+00:00,Mobile,13 days 01:02:39,True,1
173,13.0,page_view,/product/101,2025-02-13 10:22:00+00:00,Desktop,1 days 22:06:49,True,2
1801,13.0,serach,/home,2025-02-21 05:03:44+00:00,Mobile,7 days 18:41:44,True,3
1274,13.0,pageview,/account,2025-03-13 20:37:00+00:00,Desktop,20 days 15:33:16,True,4
499,13.0,Logout,/search,2025-04-10 15:17:36+00:00,Other,27 days 18:40:36,True,5
341,13.0,Logout,/product/105,2025-04-28 12:45:55+00:00,Mobile,17 days 21:28:19,True,6
261,13.0,purchase,/home,2025-05-15 02:06:16+00:00,Mobile,16 days 13:20:21,True,7
1775,13.0,PAGEVIEW,/products,2025-05-23 20:23:00+00:00,Other,8 days 18:16:44,True,8
1681,13.0,Purchase,/cart,2025-06-01 18:57:00+00:00,Other,8 days 22:34:00,True,9
599,13.0,Page_View,/product/101,2025-06-10 17:18:42+00:00,Desktop,8 days 22:21:42,True,10
1003,13.0,add_to_cart,/account,2025-06-16 09:14:44+00:00,Other,5 days 15:56:02,True,11
142,13.0,LOG OUT,/account,2025-06-17 15:36:00+00:00,Mobile,1 days 06:21:16,True,12
46,13.0,Page_View,/product/105,2025-06-27 18:30:17+00:00,Mobile,10 days 02:54:17,True,13
373,13.0,log_out,/search,2025-07-11 07:46:43+00:00,Desktop,13 days 13:16:26,True,14
790,14.0,Search,/products,2025-01-14 01:36:17+00:00,Mobile,,False,0
1101,14.0,Page_View,/product/105,2025-01-21 05:05:45+00:00,Mobile,7 days 03:29:28,True,1
1835,14.0,PURCHASE,/search,2025-01-31 15:06:27+00:00,Mobile,10 days 10:00:42,True,2
1837,14.0,logout,/product/105,2025-02-15 05:01:57+00:00,Other,14 days 13:55:30,True,3
153,14.0,ADD TO CART,/checkout,2025-03-08 20:45:57+00:00,Desktop,21 days 15:44:00,True,4
669,14.0,Page_View,/orders,2025-03-20 18:52:00+00:00,Mobile,11 days 22:06:03,True,5
1028,14.0,ADD TO CART,/cart,2025-03-26 13:42:00+00:00,Other,5 days 18:50:00,True,6
1422,14.0,search,/search,2025-05-11 01:26:28+00:00,Desktop,45 days 11:44:28,True,7
611,14.0,Logout,/cart,2025-06-03 10:40:00+00:00,Mobile,23 days 09:13:32,True,8
1027,14.0,SEARCH,/product/105,2025-06-20 15:53:00+00:00,Other,17 days 05:13:00,True,9
686,14.0,Click,/checkout,2025-07-16 21:15:03+00:00,Other,26 days 05:22:03,True,10
645,15.0,CLICK ,/account,2025-01-01 09:03:37+00:00,Desktop,,False,0
713,15.0,ADD TO CART,/products,2025-01-31 11:59:59+00:00,Mobile,30 days 02:56:22,True,1
976,15.0,Purchase,/products,2025-02-25 19:31:19+00:00,Mobile,25 days 07:31:20,True,2
411,15.0,Search,/product/105,2025-03-10 16:43:00+00:00,Mobile,12 days 21:11:41,True,3
576,15.0,CLICK ,/search,2025-04-06 21:10:33+00:00,Other,27 days 04:27:33,True,4
836,15.0,LOG OUT,/checkout,2025-04-22 01:15:14+00:00,Mobile,15 days 04:04:41,True,5
546,15.0,add-to-cart,/orders,2025-05-04 00:26:40+00:00,Mobile,11 days 23:11:26,True,6
1626,15.0,PURCHASE,/account,2025-05-16 22:38:25+00:00,Other,12 days 22:11:45,True,7
302,15.0,purchase,/checkout,2025-05-18 06:13:34+00:00,Desktop,1 days 07:35:09,True,8
1285,15.0,Purchase,/home,2025-05-18 07:51:08+00:00,Mobile,0 days 01:37:34,True,9
930,15.0,Add_To_Cart,/product/105,2025-05-21 00:11:00+00:00,Mobile,2 days 16:19:52,True,10
467,15.0,Page_View,/cart,2025-05-24 13:27:41+00:00,Desktop,3 days 13:16:41,True,11
977,15.0,Purchase,/help,2025-06-07 14:00:00+00:00,Desktop,14 days 00:32:19,True,12
184,15.0,Search,/home,2025-06-12 09:35:00+00:00,Mobile,4 days 19:35:00,True,13
1650,15.0,PURCHASE,/cart,2025-06-15 12:54:12+00:00,Mobile,3 days 03:19:12,True,14
1405,15.0, page_view,/account,2025-06-19 04:03:07+00:00,Mobile,3 days 15:08:55,True,15
1795,15.0,add-to-cart,/cart,2025-07-12 11:10:00+00:00,Mobile,23 days 07:06:53,True,16
1491,16.0,page_view,/product/101,2025-01-01 00:04:44+00:00,Other,,False,0
604,16.0,Purchase,/products,2025-01-03 21:17:00+00:00,Other,2 days 21:12:16,True,1
1610,16.0,click,/help,2025-01-07 11:31:00+00:00,Desktop,3 days 14:14:00,True,2
432,16.0,search,/cart,2025-01-15 04:20:29+00:00,Mobile,7 days 16:49:29,True,3
1771,16.0,page_view,/help,2025-01-24 12:36:48+00:00,Mobile,9 days 08:16:19,True,4
234,16.0,Purchase,/checkout,2025-01-28 04:27:41+00:00,Desktop,3 days 15:50:53,True,5
1226,16.0,Purchase,/product/101,2025-03-14 10:44:20+00:00,Desktop,45 days 06:16:39,True,6
1920,16.0,serach,/search,2025-04-05 08:45:00+00:00,Mobile,21 days 22:00:40,True,7
609,16.0,PAGEVIEW,/checkout,2025-04-13 20:20:00+00:00,Desktop,8 days 11:35:00,True,8
1218,16.0, purchase ,/account,2025-04-14 13:54:00+00:00,Desktop,0 days 17:34:00,True,9
1259,16.0,add-to-cart,/home,2025-04-14 18:12:00+00:00,Mobile,0 days 04:18:00,True,10
1809,16.0,PURCHASE,/product/105,2025-04-18 17:55:06+00:00,Mobile,3 days 23:43:06,True,11
391,16.0,Purchase,/checkout,2025-04-23 07:59:37+00:00,Mobile,4 days 14:04:31,True,12
1894,16.0,Click,/product/101,2025-05-02 18:41:17+00:00,Mobile,9 days 10:41:40,True,13
1352,16.0,search,/account,2025-05-08 07:57:25+00:00,Mobile,5 days 13:16:08,True,14
295,16.0,click,/account,2025-05-15 01:20:34+00:00,Mobile,6 days 17:23:09,True,15
1551,16.0,click,/home,2025-05-17 04:54:00+00:00,Desktop,2 days 03:33:26,True,16
1740,16.0,click,/account,2025-05-24 03:50:00+00:00,Desktop,6 days 22:56:00,True,17
657,16.0, page_view,/orders,2025-05-31 18:36:00+00:00,Mobile,7 days 14:46:00,True,18
1566,16.0,CLICK ,/product/105,2025-06-20 04:58:53+00:00,Other,19 days 10:22:53,True,19
1646,16.0,logout,/product/105,2025-06-26 17:26:51+00:00,Mobile,6 days 12:27:58,True,20
1025,16.0,log_out,/product/101,2025-07-13 23:21:00+00:00,Mobile,17 days 05:54:09,True,21
1844,16.0,CLICK ,/home,2025-07-17 18:52:27+00:00,Mobile,3 days 19:31:27,True,22
169,16.0, page_view,/product/105,2025-07-19 08:53:33+00:00,Other,1 days 14:01:06,True,23
1959,17.0,search,/account,2025-01-03 19:34:37+00:00,Mobile,,False,0
755,17.0,LOG OUT,/account,2025-02-05 10:35:00+00:00,Other,32 days 15:00:23,True,1
157,17.0,Search,/checkout,2025-02-26 11:14:00+00:00,Other,21 days 00:39:00,True,2
406,17.0,click,/home,2025-03-20 05:45:29+00:00,Mobile,21 days 18:31:29,True,3
84,17.0,Add_To_Cart,/cart,2025-04-03 08:05:23+00:00,Mobile,14 days 02:19:54,True,4
698,17.0,logout,/product/105,2025-04-12 15:43:34+00:00,Mobile,9 days 07:38:11,True,5
1380,17.0,logout,/products,2025-04-20 10:01:08+00:00,Mobile,7 days 18:17:34,True,6
618,17.0,Logout,/product/105,2025-04-20 23:29:19+00:00,Desktop,0 days 13:28:11,True,7
515,17.0,clik,/products,2025-05-07 09:15:13+00:00,Mobile,16 days 09:45:54,True,8
1762,17.0,logout,/checkout,2025-05-18 18:59:53+00:00,Mobile,11 days 09:44:40,True,9
1996,17.0,log_out,/home,2025-05-20 09:04:24+00:00,Mobile,1 days 14:04:31,True,10
1921,17.0, page_view,/account,2025-06-04 19:33:00+00:00,Mobile,15 days 10:28:36,True,11
1829,17.0,log_out,/orders,2025-06-05 01:26:57+00:00,Mobile,0 days 05:53:57,True,12
1086,17.0,PURCHASE,/help,2025-06-06 16:47:40+00:00,Mobile,1 days 15:20:43,True,13
310,17.0,Click,/product/101,2025-06-30 16:58:00+00:00,Mobile,24 days 00:10:20,True,14
1635,18.0,Click,/home,2025-02-04 10:25:36+00:00,Desktop,,False,0
1287,18.0, page_view,/search,2025-02-22 04:51:50+00:00,Mobile,17 days 18:26:14,True,1
841,18.0,Logout,/cart,2025-02-23 03:23:46+00:00,Mobile,0 days 22:31:56,True,2
14,18.0,PURCHASE,/product/105,2025-03-26 05:46:29+00:00,Desktop,31 days 02:22:43,True,3
56,18.0,PURCHASE,/help,2025-03-26 14:21:27+00:00,Mobile,0 days 08:34:58,True,4
933,18.0,Page_View,/cart,2025-03-28 12:41:00+00:00,Mobile,1 days 22:19:33,True,5
957,18.0,logout,/help,2025-04-15 00:20:39+00:00,Mobile,17 days 11:39:39,True,6
1553,18.0,Purchase,/home,2025-05-22 06:39:18+00:00,Mobile,37 days 06:18:39,True,7
820,18.0,SEARCH,/account,2025-06-15 15:24:30+00:00,Mobile,24 days 08:45:12,True,8
360,18.0,serach,/search,2025-06-28 19:59:27+00:00,Mobile,13 days 04:34:57,True,9
872,18.0,search,/checkout,2025-07-10 07:46:00+00:00,Mobile,11 days 11:46:33,True,10
1449,18.0, purchase ,/product/101,2025-07-12 16:28:38+00:00,Mobile,2 days 08:42:38,True,11
1513,18.0, page_view,/orders,2025-07-17 11:00:30+00:00,Mobile,4 days 18:31:52,True,12
1772,18.0,clik,/help,2025-07-17 18:46:29+00:00,Mobile,0 days 07:45:59,True,13
1459,18.0,Search,/home,2025-07-19 15:23:15+00:00,Other,1 days 20:36:46,True,14
851,19.0,search,/product/105,2025-01-10 05:43:00+00:00,Other,,False,0
438,19.0,Add_To_Cart,/product/105,2025-01-21 13:44:48+00:00,Mobile,11 days 08:01:48,True,1
1976,19.0,log_out,/product/105,2025-02-04 06:36:00+00:00,Desktop,13 days 16:51:12,True,2
400,19.0,log_out,/product/101,2025-02-04 14:46:12+00:00,Other,0 days 08:10:12,True,3
1589,19.0,serach,/product/105,2025-02-18 16:38:38+00:00,Mobile,14 days 01:52:26,True,4
1758,19.0,purchase,/product/101,2025-02-24 18:17:48+00:00,Mobile,6 days 01:39:10,True,5
1794,19.0,ADD TO CART,/product/105,2025-03-20 23:26:56+00:00,Other,24 days 05:09:08,True,6
1039,19.0,LOG OUT,/account,2025-04-09 03:54:00+00:00,Mobile,19 days 04:27:04,True,7
1500,19.0,serach,/product/101,2025-04-28 00:33:14+00:00,Other,18 days 20:39:14,True,8
1828,19.0,Page_View,/checkout,2025-05-21 12:30:26+00:00,Mobile,23 days 11:57:12,True,9
548,19.0,Click,/orders,2025-05-23 14:02:00+00:00,Desktop,2 days 01:31:34,True,10
762,19.0,search,/products,2025-06-02 03:06:00+00:00,Desktop,9 days 13:04:00,True,11
1011,19.0,page_view,/account,2025-06-07 03:15:00+00:00,Mobile,5 days 00:09:00,True,12
672,19.0,SEARCH,/home,2025-06-13 11:45:49+00:00,Other,6 days 08:30:49,True,13
323,19.0,search,/account,2025-07-06 14:18:40+00:00,Mobile,23 days 02:32:51,True,14
1858,19.0,log_out,/products,2025-07-16 07:01:00+00:00,Mobile,9 days 16:42:20,True,15
929,20.0,add_to_cart,/search,2025-01-26 15:35:00+00:00,Desktop,,False,0
1392,20.0,Logout,/account,2025-01-26 23:27:00+00:00,Mobile,0 days 07:52:00,True,1
1355,20.0,Logout,/products,2025-02-05 10:36:00+00:00,Mobile,9 days 11:09:00,True,2
989,20.0,Logout,/orders,2025-03-04 10:36:34+00:00,Desktop,27 days 00:00:34,True,3
1595,20.0,click,/products,2025-03-16 08:09:22+00:00,Mobile,11 days 21:32:48,True,4
1447,20.0, page_view,/product/101,2025-04-02 18:48:15+00:00,Other,17 days 10:38:53,True,5
655,20.0,Purchase,/home,2025-04-12 15:19:44+00:00,Mobile,9 days 20:31:29,True,6
1780,20.0,Purchase,/home,2025-05-09 02:31:16+00:00,Other,26 days 11:11:32,True,7
1089,20.0,pageview,/help,2025-05-24 17:40:30+00:00,Desktop,15 days 15:09:14,True,8
875,20.0,clik,/cart,2025-06-12 02:33:54+00:00,Desktop,18 days 08:53:24,True,9
1209,20.0,PURCHASE,/search,2025-06-12 08:09:09+00:00,Mobile,0 days 05:35:15,True,10
1055,20.0,Logout,/search,2025-07-17 05:32:00+00:00,Mobile,34 days 21:22:51,True,11
1910,20.0,log_out,/orders,2025-07-17 09:53:19+00:00,Other,0 days 04:21:19,True,12
999,21.0,Add_To_Cart,/product/105,2025-01-07 04:56:00+00:00,Mobile,,False,0
1084,21.0,log_out,/product/101,2025-01-07 22:13:24+00:00,Mobile,0 days 17:17:24,True,1
1106,21.0, page_view,/checkout,2025-01-16 19:48:00+00:00,Mobile,8 days 21:34:36,True,2
726,21.0,pageview,/account,2025-02-02 23:13:25+00:00,Mobile,17 days 03:25:25,True,3
1634,21.0,LOG OUT,/account,2025-02-16 14:48:21+00:00,Mobile,13 days 15:34:56,True,4
344,21.0,pageview,/orders,2025-02-22 17:22:00+00:00,Desktop,6 days 02:33:39,True,5
10,21.0, purchase ,/product/105,2025-03-15 10:18:41+00:00,Mobile,20 days 16:56:41,True,6
455,21.0,PURCHASE,/search,2025-04-07 19:43:00+00:00,Other,23 days 09:24:19,True,7
1655,21.0,Logout,/home,2025-04-13 11:34:05+00:00,Mobile,5 days 15:51:05,True,8
1490,21.0,Logout,/product/101,2025-05-12 01:45:36+00:00,Desktop,28 days 14:11:31,True,9
1354,21.0,PURCHASE,/home,2025-05-19 14:59:06+00:00,Desktop,7 days 13:13:30,True,10
1836,21.0,LOG OUT,/products,2025-05-22 12:36:35+00:00,Mobile,2 days 21:37:29,True,11
1402,21.0,search,/home,2025-06-14 18:10:49+00:00,Other,23 days 05:34:14,True,12
1489,21.0,click,/product/101,2025-06-15 21:35:31+00:00,Other,1 days 03:24:42,True,13
493,22.0,Add_To_Cart,/help,2025-01-02 16:49:36+00:00,Other,,False,0
1343,22.0,purchase,/search,2025-01-21 14:00:13+00:00,Mobile,18 days 21:10:37,True,1
1219,22.0,LOG OUT,/help,2025-01-22 03:05:05+00:00,Mobile,0 days 13:04:52,True,2
129,22.0, purchase ,/checkout,2025-01-26 15:50:55+00:00,Desktop,4 days 12:45:50,True,3
1137,22.0,PURCHASE,/product/105,2025-01-28 00:54:01+00:00,Mobile,1 days 09:03:06,True,4
594,22.0, purchase ,/product/101,2025-02-03 17:26:30+00:00,Mobile,6 days 16:32:29,True,5
869,22.0,add_to_cart,/product/105,2025-02-06 03:13:35+00:00,Mobile,2 days 09:47:05,True,6
1257,22.0,log_out,/home,2025-02-13 03:53:56+00:00,Mobile,7 days 00:40:21,True,7
185,22.0,serach,/products,2025-02-20 06:07:00+00:00,Desktop,7 days 02:13:04,True,8
3,22.0,serach,/product/101,2025-03-04 01:36:44+00:00,Desktop,11 days 19:29:44,True,9
775,22.0,log_out,/product/105,2025-03-14 00:41:50+00:00,Mobile,9 days 23:05:06,True,10
1346,22.0,add_to_cart,/product/101,2025-03-17 16:02:52+00:00,Other,3 days 15:21:02,True,11
1230,22.0,purchase,/search,2025-03-27 04:02:56+00:00,Desktop,9 days 12:00:04,True,12
1348,22.0,page_view,/product/101,2025-05-06 18:34:52+00:00,Mobile,40 days 14:31:56,True,13
1639,22.0,CLICK ,/product/101,2025-05-19 09:29:04+00:00,Mobile,12 days 14:54:12,True,14
1132,22.0,click,/help,2025-05-23 11:32:24+00:00,Desktop,4 days 02:03:20,True,15
490,22.0,Purchase,/orders,2025-06-18 20:51:28+00:00,Desktop,26 days 09:19:04,True,16
1885,23.0,PURCHASE,/products,2025-01-01 19:21:14+00:00,Other,,False,0
932,23.0,ADD TO CART,/checkout,2025-01-01 19:38:00+00:00,Mobile,0 days 00:16:46,False,0
912,23.0,click,/account,2025-01-31 01:28:40+00:00,Mobile,29 days 05:50:40,True,1
1001,23.0,logout,/product/101,2025-01-31 15:47:00+00:00,Other,0 days 14:18:20,True,2
1196,23.0,PURCHASE,/product/101,2025-02-17 07:50:00+00:00,Mobile,16 days 16:03:00,True,3
1281,23.0,purchase,/products,2025-02-24 02:09:26+00:00,Other,6 days 18:19:26,True,4
112,23.0, purchase ,/orders,2025-03-05 03:29:06+00:00,Mobile,9 days 01:19:40,True,5
823,23.0, purchase ,/products,2025-03-06 03:02:54+00:00,Mobile,0 days 23:33:48,True,6
188,23.0,Click,/products,2025-06-03 19:56:20+00:00,Other,89 days 16:53:26,True,7
619,23.0,ADD TO CART,/help,2025-06-12 06:17:00+00:00,Mobile,8 days 10:20:40,True,8
714,23.0,Add_To_Cart,/account,2025-06-20 21:19:00+00:00,Other,8 days 15:02:00,True,9
1680,23.0,Page_View,/account,2025-06-28 12:34:24+00:00,Other,7 days 15:15:24,True,10
1035,23.0,PAGEVIEW,/checkout,2025-07-09 07:20:00+00:00,Mobile,10 days 18:45:36,True,11
1103,24.0,search,/search,2025-01-02 02:11:00+00:00,Mobile,,False,0
1545,24.0,log_out,/cart,2025-01-12 07:53:00+00:00,Mobile,10 days 05:42:00,True,1
1194,24.0,Add_To_Cart,/orders,2025-01-24 19:03:36+00:00,Mobile,12 days 11:10:36,True,2
658,24.0,serach,/cart,2025-01-26 10:04:45+00:00,Mobile,1 days 15:01:09,True,3
1744,24.0,Purchase,/checkout,2025-02-12 01:59:16+00:00,Mobile,16 days 15:54:31,True,4
1834,24.0,Purchase,/search,2025-02-16 01:45:11+00:00,Mobile,3 days 23:45:55,True,5
1827,24.0,add_to_cart,/search,2025-03-06 04:00:28+00:00,Other,18 days 02:15:17,True,6
434,24.0,Logout,/orders,2025-03-22 21:51:00+00:00,Other,16 days 17:50:32,True,7
1977,24.0,CLICK ,/product/105,2025-04-12 14:24:39+00:00,Mobile,20 days 16:33:39,True,8
200,24.0,Logout,/account,2025-04-14 02:22:14+00:00,Other,1 days 11:57:35,True,9
673,24.0,add-to-cart,/orders,2025-04-20 16:45:56+00:00,Desktop,6 days 14:23:42,True,10
727,24.0,logout,/search,2025-06-17 20:25:00+00:00,Mobile,58 days 03:39:04,True,11
1899,24.0, page_view,/product/101,2025-06-23 00:30:12+00:00,Mobile,5 days 04:05:12,True,12
1588,24.0,serach,/product/105,2025-07-04 11:39:22+00:00,Desktop,11 days 11:09:10,True,13
1504,24.0,add_to_cart,/orders,2025-07-14 18:23:59+00:00,Mobile,10 days 06:44:37,True,14
272,24.0,add-to-cart,/home,2025-07-16 22:15:00+00:00,Desktop,2 days 03:51:01,True,15
159,25.0,serach,/orders,2025-01-14 04:08:00+00:00,Other,,False,0
1290,25.0, page_view,/orders,2025-01-15 20:47:38+00:00,Mobile,1 days 16:39:38,True,1
1206,25.0,Logout,/home,2025-02-07 23:45:00+00:00,Mobile,23 days 02:57:22,True,2
1670,25.0,PAGEVIEW,/home,2025-02-15 08:15:56+00:00,Desktop,7 days 08:30:56,True,3
1367,25.0,logout,/checkout,2025-03-08 02:43:00+00:00,Mobile,20 days 18:27:04,True,4
1082,25.0,SEARCH,/search,2025-07-15 13:23:00+00:00,Desktop,129 days 10:40:00,True,5
1245,25.0,purchase,/product/105,2025-07-19 15:35:00+00:00,Other,4 days 02:12:00,True,6
1372,26.0,SEARCH,/help,2025-01-10 02:53:23+00:00,Other,,False,0
1070,26.0,log_out,/product/105,2025-01-10 15:30:06+00:00,Desktop,0 days 12:36:43,True,1
401,26.0,pageview,/home,2025-01-29 14:29:26+00:00,Other,18 days 22:59:20,True,2
247,26.0,CLICK ,/product/105,2025-03-05 19:22:09+00:00,Mobile,35 days 04:52:43,True,3
1073,26.0, page_view,/account,2025-03-16 16:04:14+00:00,Desktop,10 days 20:42:05,True,4
1613,26.0,add-to-cart,/home,2025-03-26 01:01:26+00:00,Other,9 days 08:57:12,True,5
1592,26.0,page_view,/search,2025-04-12 03:22:41+00:00,Desktop,17 days 02:21:15,True,6
448,26.0,log_out,/products,2025-04-19 23:31:17+00:00,Desktop,7 days 20:08:36,True,7
1360,26.0,Search,/home,2025-04-26 08:24:49+00:00,Mobile,6 days 08:53:32,True,8
1587,26.0,PURCHASE,/checkout,2025-05-13 12:11:58+00:00,Mobile,17 days 03:47:09,True,9
696,26.0,click,/product/101,2025-05-21 22:16:57+00:00,Other,8 days 10:04:59,True,10
480,26.0,Add_To_Cart,/account,2025-05-27 07:01:01+00:00,Desktop,5 days 08:44:04,True,11
1955,26.0,PAGEVIEW,/account,2025-06-08 18:21:46+00:00,Desktop,12 days 11:20:45,True,12
593,26.0,PURCHASE,/product/105,2025-06-18 16:04:29+00:00,Other,9 days 21:42:43,True,13
1263,26.0,Click,/account,2025-06-20 21:15:00+00:00,Desktop,2 days 05:10:31,True,14
1520,26.0,logout,/product/105,2025-07-05 02:02:00+00:00,Mobile,14 days 04:47:00,True,15
379,26.0,clik,/products,2025-07-16 13:13:39+00:00,Mobile,11 days 11:11:39,True,16
660,27.0,Page_View,/help,2025-01-02 17:28:00+00:00,Mobile,,False,0
1002,27.0,LOG OUT,/search,2025-01-29 14:01:00+00:00,Other,26 days 20:33:00,True,1
35,27.0,ADD TO CART,/home,2025-02-18 23:07:00+00:00,Desktop,20 days 09:06:00,True,2
1134,27.0, page_view,/products,2025-02-22 06:48:36+00:00,Desktop,3 days 07:41:36,True,3
1064,27.0,logout,/home,2025-02-22 22:07:00+00:00,Mobile,0 days 15:18:24,True,4
1484,27.0,add_to_cart,/search,2025-02-25 14:45:50+00:00,Mobile,2 days 16:38:50,True,5
1279,27.0,add-to-cart,/home,2025-02-27 19:08:02+00:00,Desktop,2 days 04:22:12,True,6
1400,27.0,SEARCH,/orders,2025-03-02 20:34:25+00:00,Mobile,3 days 01:26:23,True,7
1852,27.0,Click,/product/101,2025-03-05 12:58:10+00:00,Other,2 days 16:23:45,True,8
1946,27.0,Purchase,/home,2025-04-06 17:35:25+00:00,Desktop,32 days 04:37:15,True,9
508,27.0,Click,/account,2025-05-18 06:05:00+00:00,Mobile,41 days 12:29:35,True,10
1204,27.0,purchase,/product/105,2025-06-13 03:18:23+00:00,Other,25 days 21:13:23,True,11
1408,27.0,Search,/search,2025-06-20 09:49:33+00:00,Mobile,7 days 06:31:10,True,12
595,27.0,CLICK ,/account,2025-06-20 15:10:38+00:00,Desktop,0 days 05:21:05,True,13
1629,27.0,Click,/account,2025-06-21 23:08:02+00:00,Desktop,1 days 07:57:24,True,14
95,27.0,CLICK ,/account,2025-07-15 20:43:41+00:00,Desktop,23 days 21:35:39,True,15
161,27.0,Click,/search,2025-07-19 02:08:00+00:00,Other,3 days 05:24:19,True,16
9,28.0,LOG OUT,/orders,2025-02-05 03:39:47+00:00,Desktop,,False,0
1815,28.0,search,/help,2025-02-26 18:08:18+00:00,Desktop,21 days 14:28:31,True,1
1540,28.0,add_to_cart,/products,2025-04-08 10:16:00+00:00,Mobile,40 days 16:07:42,True,2
228,28.0, purchase ,/product/101,2025-04-16 19:09:50+00:00,Mobile,8 days 08:53:50,True,3
1983,28.0,clik,/product/101,2025-05-07 14:29:29+00:00,Desktop,20 days 19:19:39,True,4
218,28.0,LOG OUT,/orders,2025-05-19 15:41:49+00:00,Other,12 days 01:12:20,True,5
1207,28.0,add_to_cart,/search,2025-06-06 14:22:00+00:00,Desktop,17 days 22:40:11,True,6
1531,28.0,CLICK ,/help,2025-06-12 19:21:00+00:00,Desktop,6 days 04:59:00,True,7
403,28.0,PURCHASE,/home,2025-07-08 07:15:00+00:00,Desktop,25 days 11:54:00,True,8
953,28.0,LOG OUT,/product/101,2025-07-16 23:25:00+00:00,Other,8 days 16:10:00,True,9
1041,29.0,Click,/home,2025-01-06 19:30:00+00:00,Other,,False,0
86,29.0,purchase,/home,2025-01-31 13:44:00+00:00,Mobile,24 days 18:14:00,True,1
834,29.0, purchase ,/cart,2025-02-28 00:59:03+00:00,Desktop,27 days 11:15:03,True,2
1713,29.0,Purchase,/help,2025-03-07 12:40:00+00:00,Desktop,7 days 11:40:57,True,3
1266,29.0,SEARCH,/search,2025-03-11 05:30:00+00:00,Mobile,3 days 16:50:00,True,4
1040,29.0,Page_View,/orders,2025-03-12 00:31:14+00:00,Desktop,0 days 19:01:14,True,5
561,29.0,purchase,/product/105,2025-03-26 09:04:40+00:00,Mobile,14 days 08:33:26,True,6
1192,29.0,Search,/home,2025-04-04 01:48:14+00:00,Mobile,8 days 16:43:34,True,7
1045,29.0,logout,/search,2025-05-08 18:27:04+00:00,Mobile,34 days 16:38:50,True,8
642,29.0,serach,/products,2025-05-17 20:46:31+00:00,Other,9 days 02:19:27,True,9
120,29.0,PURCHASE,/product/101,2025-06-01 10:51:47+00:00,Other,14 days 14:05:16,True,10
240,30.0,search,/checkout,2025-01-01 05:05:00+00:00,Other,,False,0
616,30.0,ADD TO CART,/product/105,2025-01-14 21:15:51+00:00,Desktop,13 days 16:10:51,True,1
1745,30.0,logout,/checkout,2025-02-04 00:17:00+00:00,Mobile,20 days 03:01:09,True,2
444,30.0,add_to_cart,/search,2025-02-04 15:48:23+00:00,Desktop,0 days 15:31:23,True,3
12,30.0,search,/product/101,2025-02-15 01:53:00+00:00,Mobile,10 days 10:04:37,True,4
1554,30.0,click,/cart,2025-03-13 15:17:41+00:00,Mobile,26 days 13:24:41,True,5
1533,30.0,page_view,/home,2025-03-15 21:39:00+00:00,Mobile,2 days 06:21:19,True,6
1303,30.0,ADD TO CART,/orders,2025-03-17 06:55:58+00:00,Mobile,1 days 09:16:58,True,7
1277,30.0,add_to_cart,/account,2025-04-02 14:35:44+00:00,Mobile,16 days 07:39:46,True,8
1607,30.0,Logout,/product/101,2025-04-10 21:48:00+00:00,Other,8 days 07:12:16,True,9
1932,30.0,click,/help,2025-04-20 13:38:51+00:00,Desktop,9 days 15:50:51,True,10
491,30.0,PURCHASE,/product/101,2025-04-22 03:57:00+00:00,Mobile,1 days 14:18:09,True,11
891,30.0,purchase,/cart,2025-06-11 02:06:35+00:00,Desktop,49 days 22:09:35,True,12
245,30.0,PURCHASE,/orders,2025-06-29 08:15:18+00:00,Other,18 days 06:08:43,True,13
27,30.0,Add_To_Cart,/cart,2025-07-05 03:02:51+00:00,Other,5 days 18:47:33,True,14
991,30.0,Add_To_Cart,/cart,2025-07-11 00:08:07+00:00,Other,5 days 21:05:16,True,15
517,30.0,clik,/cart,2025-07-20 11:49:02+00:00,Desktop,9 days 11:40:55,True,16
1225,31.0,ADD TO CART,/product/105,2025-02-08 22:09:02+00:00,Mobile,,False,0
847,31.0,PAGEVIEW,/cart,2025-03-05 17:18:21+00:00,Other,24 days 19:09:19,True,1
1803,31.0,serach,/products,2025-04-30 20:35:26+00:00,Mobile,56 days 03:17:05,True,2
138,31.0, page_view,/home,2025-05-13 18:43:39+00:00,Mobile,12 days 22:08:13,True,3
1777,31.0,purchase,/search,2025-05-28 19:38:00+00:00,Desktop,15 days 00:54:21,True,4
563,31.0,log_out,/products,2025-05-29 03:05:03+00:00,Other,0 days 07:27:03,True,5
275,31.0,add_to_cart,/product/101,2025-05-30 03:25:50+00:00,Mobile,1 days 00:20:47,True,6
1275,31.0,PAGEVIEW,/help,2025-06-11 07:02:30+00:00,Desktop,12 days 03:36:40,True,7
530,31.0,Logout,/checkout,2025-06-20 22:36:43+00:00,Other,9 days 15:34:13,True,8
1975,32.0,search,/help,2025-01-07 19:23:00+00:00,Desktop,,False,0
1090,32.0,Search,/search,2025-01-11 04:56:00+00:00,Other,3 days 09:33:00,True,1
1058,32.0,clik,/product/105,2025-01-11 11:03:00+00:00,Mobile,0 days 06:07:00,True,2
1818,32.0,LOG OUT,/product/105,2025-01-24 02:00:20+00:00,Mobile,12 days 14:57:20,True,3
531,32.0,Logout,/checkout,2025-02-07 22:27:00+00:00,Mobile,14 days 20:26:40,True,4
1926,32.0,click,/orders,2025-03-06 19:52:15+00:00,Other,26 days 21:25:15,True,5
1312,32.0,add-to-cart,/search,2025-03-14 19:07:00+00:00,Mobile,7 days 23:14:45,True,6
1299,32.0,Purchase,/orders,2025-04-13 08:15:09+00:00,Mobile,29 days 13:08:09,True,7
1301,32.0,Search,/checkout,2025-05-16 13:13:00+00:00,Desktop,33 days 04:57:51,True,8
104,32.0,log_out,/product/105,2025-05-20 07:09:00+00:00,Mobile,3 days 17:56:00,True,9
1466,32.0,ADD TO CART,/account,2025-07-20 04:54:40+00:00,Other,60 days 21:45:40,True,10
100,33.0,logout,/product/105,2025-01-01 01:54:55+00:00,Desktop,,False,0
1519,33.0,purchase,/account,2025-01-23 19:50:46+00:00,Mobile,22 days 17:55:51,True,1
825,33.0,SEARCH,/product/105,2025-02-11 13:52:33+00:00,Mobile,18 days 18:01:47,True,2
377,33.0,search,/search,2025-03-12 13:44:57+00:00,Other,28 days 23:52:24,True,3
1069,33.0,serach,/cart,2025-03-14 18:16:06+00:00,Other,2 days 04:31:09,True,4
1149,33.0,Search,/product/105,2025-03-27 15:07:20+00:00,Other,12 days 20:51:14,True,5
1689,33.0,Page_View,/home,2025-05-19 18:35:12+00:00,Mobile,53 days 03:27:52,True,6
212,33.0,click,/orders,2025-05-21 02:18:42+00:00,Desktop,1 days 07:43:30,True,7
1619,33.0,add_to_cart,/account,2025-06-04 18:15:48+00:00,Desktop,14 days 15:57:06,True,8
601,33.0, page_view,/home,2025-06-27 21:47:00+00:00,Other,23 days 03:31:12,True,9
1862,33.0,click,/orders,2025-07-01 08:40:51+00:00,Other,3 days 10:53:51,True,10
1026,33.0, purchase ,/help,2025-07-01 22:55:00+00:00,Desktop,0 days 14:14:09,True,11
1846,34.0,SEARCH,/home,2025-01-01 16:54:00+00:00,Desktop,,False,0
368,34.0,clik,/product/101,2025-01-09 10:05:09+00:00,Mobile,7 days 17:11:09,True,1
1016,34.0,add-to-cart,/home,2025-02-02 03:14:29+00:00,Mobile,23 days 17:09:20,True,2
831,34.0,PAGEVIEW,/account,2025-03-27 01:08:13+00:00,Other,52 days 21:53:44,True,3
99,34.0,logout,/search,2025-04-03 01:31:54+00:00,Mobile,7 days 00:23:41,True,4
922,34.0,pageview,/product/101,2025-04-30 18:20:23+00:00,Other,27 days 16:48:29,True,5
1641,34.0,log_out,/products,2025-05-02 20:40:00+00:00,Other,2 days 02:19:37,True,6
533,34.0,serach,/search,2025-05-06 23:26:52+00:00,Mobile,4 days 02:46:52,True,7
584,34.0,add_to_cart,/cart,2025-05-12 17:41:00+00:00,Desktop,5 days 18:14:08,True,8
1961,34.0,Search,/search,2025-05-26 14:44:00+00:00,Desktop,13 days 21:03:00,True,9
155,34.0, purchase ,/home,2025-05-27 06:21:46+00:00,Desktop,0 days 15:37:46,True,10
505,34.0,Click,/product/101,2025-06-04 08:55:43+00:00,Other,8 days 02:33:57,True,11
1066,34.0,PURCHASE,/product/105,2025-06-17 23:58:00+00:00,Mobile,13 days 15:02:17,True,12
1362,34.0,logout,/help,2025-07-01 20:44:17+00:00,Mobile,13 days 20:46:17,True,13
1052,34.0,CLICK ,/products,2025-07-12 03:33:16+00:00,Mobile,10 days 06:48:59,True,14
745,34.0,page_view,/account,2025-07-12 09:10:00+00:00,Other,0 days 05:36:44,True,15
1954,35.0,ADD TO CART,/search,2025-01-15 17:43:57+00:00,Mobile,,False,0
462,35.0,log_out,/account,2025-01-20 20:52:19+00:00,Desktop,5 days 03:08:22,True,1
1456,35.0,add-to-cart,/orders,2025-01-27 07:53:20+00:00,Mobile,6 days 11:01:01,True,2
109,35.0,Click,/help,2025-01-28 05:28:00+00:00,Other,0 days 21:34:40,True,3
1720,35.0,clik,/search,2025-02-10 16:25:33+00:00,Mobile,13 days 10:57:33,True,4
1120,35.0,PURCHASE,/help,2025-02-21 20:12:59+00:00,Mobile,11 days 03:47:26,True,5
483,35.0, purchase ,/product/101,2025-02-22 19:13:00+00:00,Desktop,0 days 23:00:01,True,6
1476,35.0,serach,/cart,2025-04-05 09:41:00+00:00,Mobile,41 days 14:28:00,True,7
840,35.0,logout,/home,2025-04-16 22:39:00+00:00,Mobile,11 days 12:58:00,True,8
1998,35.0,SEARCH,/orders,2025-04-24 19:17:00+00:00,Desktop,7 days 20:38:00,True,9
1883,35.0,Add_To_Cart,/orders,2025-05-27 08:28:36+00:00,Mobile,32 days 13:11:36,True,10
1254,35.0,click,/products,2025-05-31 00:06:00+00:00,Mobile,3 days 15:37:24,True,11
1148,35.0,purchase,/product/105,2025-06-16 14:00:00+00:00,Desktop,16 days 13:54:00,True,12
1905,35.0,LOG OUT,/product/105,2025-06-28 04:50:55+00:00,Mobile,11 days 14:50:55,True,13
715,35.0,SEARCH,/cart,2025-07-02 02:50:00+00:00,Mobile,3 days 21:59:05,True,14
1739,35.0,add_to_cart,/product/105,2025-07-16 10:34:00+00:00,Mobile,14 days 07:44:00,True,15
1696,36.0, purchase ,/checkout,2025-01-10 12:09:50+00:00,Mobile,,False,0
942,36.0,Purchase,/orders,2025-01-11 02:20:23+00:00,Mobile,0 days 14:10:33,True,1
1601,36.0,PAGEVIEW,/checkout,2025-01-19 05:59:40+00:00,Mobile,8 days 03:39:17,True,2
1138,36.0,add-to-cart,/account,2025-02-10 03:03:23+00:00,Desktop,21 days 21:03:43,True,3
1768,36.0,click,/product/101,2025-02-12 06:47:00+00:00,Mobile,2 days 03:43:37,True,4
791,36.0,log_out,/account,2025-02-26 23:52:56+00:00,Desktop,14 days 17:05:56,True,5
55,36.0,purchase,/checkout,2025-03-05 23:40:31+00:00,Desktop,6 days 23:47:35,True,6
47,36.0,logout,/product/101,2025-03-22 00:13:37+00:00,Other,16 days 00:33:06,True,7
79,36.0,Click,/product/105,2025-03-24 07:48:53+00:00,Other,2 days 07:35:16,True,8
1525,36.0,PURCHASE,/search,2025-04-01 02:23:25+00:00,Desktop,7 days 18:34:32,True,9
1339,36.0, purchase ,/search,2025-04-11 05:03:00+00:00,Mobile,10 days 02:39:35,True,10
117,36.0,Purchase,/orders,2025-05-20 00:24:50+00:00,Other,38 days 19:21:50,True,11
1401,36.0,clik,/products,2025-05-27 10:07:29+00:00,Other,7 days 09:42:39,True,12
367,36.0,add_to_cart,/products,2025-06-01 23:09:00+00:00,Other,5 days 13:01:31,True,13
800,36.0,pageview,/orders,2025-06-06 03:27:00+00:00,Other,4 days 04:18:00,True,14
688,36.0,Add_To_Cart,/account,2025-06-30 03:44:46+00:00,Mobile,24 days 00:17:46,True,15
988,36.0,PURCHASE,/products,2025-07-11 02:20:49+00:00,Other,10 days 22:36:03,True,16
886,37.0,Click,/home,2025-02-01 12:41:25+00:00,Desktop,,False,0
684,37.0, purchase ,/checkout,2025-02-11 21:12:30+00:00,Desktop,10 days 08:31:05,True,1
1385,37.0,pageview,/product/105,2025-02-14 22:34:51+00:00,Mobile,3 days 01:22:21,True,2
1238,37.0,clik,/orders,2025-02-15 17:41:12+00:00,Other,0 days 19:06:21,True,3
802,37.0,add_to_cart,/search,2025-03-14 18:07:00+00:00,Desktop,27 days 00:25:48,True,4
1633,37.0,Add_To_Cart,/home,2025-03-23 01:09:14+00:00,Other,8 days 07:02:14,True,5
1939,37.0,PAGEVIEW,/search,2025-04-24 23:34:26+00:00,Desktop,32 days 22:25:12,True,6
1879,37.0,Search,/search,2025-05-01 21:57:24+00:00,Other,6 days 22:22:58,True,7
1265,37.0,Add_To_Cart,/account,2025-05-02 16:04:00+00:00,Other,0 days 18:06:36,True,8
133,37.0,page_view,/account,2025-05-06 04:03:23+00:00,Other,3 days 11:59:23,True,9
1851,37.0,search,/product/105,2025-05-29 16:52:35+00:00,Desktop,23 days 12:49:12,True,10
258,37.0,Click,/checkout,2025-06-06 18:25:54+00:00,Mobile,8 days 01:33:19,True,11
1409,37.0,PAGEVIEW,/home,2025-06-24 12:40:33+00:00,Other,17 days 18:14:39,True,12
1383,37.0,log_out,/account,2025-07-03 15:09:31+00:00,Desktop,9 days 02:28:58,True,13
1618,37.0,Purchase,/cart,2025-07-12 08:55:00+00:00,Desktop,8 days 17:45:29,True,14
1017,38.0,ADD TO CART,/search,2025-01-22 16:11:25+00:00,Desktop,,False,0
1884,38.0,Add_To_Cart,/account,2025-02-05 13:35:36+00:00,Desktop,13 days 21:24:11,True,1
1249,38.0,page_view,/cart,2025-02-05 22:16:00+00:00,Mobile,0 days 08:40:24,True,2
855,38.0,CLICK ,/home,2025-02-08 18:01:06+00:00,Desktop,2 days 19:45:06,True,3
1811,38.0,Click,/account,2025-02-11 03:25:37+00:00,Other,2 days 09:24:31,True,4
514,38.0, purchase ,/checkout,2025-02-11 19:13:18+00:00,Mobile,0 days 15:47:41,True,5
1467,38.0,PURCHASE,/help,2025-02-28 01:00:44+00:00,Other,16 days 05:47:26,True,6
565,38.0,purchase,/help,2025-03-01 19:50:42+00:00,Mobile,1 days 18:49:58,True,7
172,38.0,page_view,/product/101,2025-03-16 11:51:00+00:00,Other,14 days 16:00:18,True,8
355,38.0,log_out,/product/105,2025-03-23 09:36:50+00:00,Desktop,6 days 21:45:50,True,9
990,38.0,click,/checkout,2025-04-03 14:47:56+00:00,Mobile,11 days 05:11:06,True,10
520,38.0,log_out,/products,2025-04-04 10:52:08+00:00,Desktop,0 days 20:04:12,True,11
170,38.0,log_out,/product/105,2025-05-04 10:15:00+00:00,Mobile,29 days 23:22:52,True,12
1707,38.0,Logout,/home,2025-05-06 16:34:01+00:00,Desktop,2 days 06:19:01,True,13
365,38.0,pageview,/cart,2025-05-25 08:03:00+00:00,Mobile,18 days 15:28:59,True,14
968,38.0,Add_To_Cart,/home,2025-05-30 09:09:37+00:00,Desktop,5 days 01:06:37,True,15
1358,38.0,ADD TO CART,/help,2025-06-11 02:41:00+00:00,Other,11 days 17:31:23,True,16
177,38.0,purchase,/cart,2025-07-05 07:57:00+00:00,Other,24 days 05:16:00,True,17
60,39.0,Search,/account,2025-01-19 14:38:30+00:00,Other,,False,0
164,39.0,PURCHASE,/account,2025-02-04 10:57:00+00:00,Desktop,15 days 20:18:30,True,1
440,39.0,page_view,/help,2025-02-21 05:42:22+00:00,Mobile,16 days 18:45:22,True,2
1719,39.0,clik,/products,2025-03-26 18:33:00+00:00,Other,33 days 12:50:38,True,3
650,39.0,Search,/home,2025-03-28 13:43:00+00:00,Other,1 days 19:10:00,True,4
383,39.0,search,/checkout,2025-03-29 02:53:00+00:00,Desktop,0 days 13:10:00,True,5
1012,39.0,PURCHASE,/product/101,2025-04-06 21:09:37+00:00,Mobile,8 days 18:16:37,True,6
1578,39.0,Add_To_Cart,/home,2025-04-16 07:42:00+00:00,Desktop,9 days 10:32:23,True,7
293,39.0,Purchase,/products,2025-05-04 05:31:52+00:00,Mobile,17 days 21:49:52,True,8
1586,39.0,logout,/product/105,2025-05-16 20:44:00+00:00,Mobile,12 days 15:12:08,True,9
1761,39.0,Page_View,/cart,2025-06-27 11:37:00+00:00,Mobile,41 days 14:53:00,True,10
1766,39.0,Purchase,/account,2025-07-06 20:08:53+00:00,Other,9 days 08:31:53,True,11
48,39.0,clik,/orders,2025-07-13 23:08:50+00:00,Mobile,7 days 02:59:57,True,12
294,39.0,log_out,/products,2025-07-17 10:22:00+00:00,Other,3 days 11:13:10,True,13
1903,39.0,search,/products,2025-07-18 18:39:00+00:00,Mobile,1 days 08:17:00,True,14
347,40.0,click,/search,2025-01-24 22:29:00+00:00,Desktop,,False,0
1381,40.0,Click,/products,2025-02-03 20:56:52+00:00,Other,9 days 22:27:52,True,1
736,40.0, page_view,/products,2025-02-13 09:10:00+00:00,Other,9 days 12:13:08,True,2
1418,40.0,add-to-cart,/help,2025-03-31 11:18:27+00:00,Desktop,46 days 02:08:27,True,3
1690,40.0,Logout,/help,2025-05-02 08:53:54+00:00,Mobile,31 days 21:35:27,True,4
924,40.0,Logout,/home,2025-06-07 14:37:36+00:00,Other,36 days 05:43:42,True,5
606,40.0,logout,/home,2025-07-16 06:59:00+00:00,Desktop,38 days 16:21:24,True,6
1550,41.0, purchase ,/product/101,2025-01-25 12:35:33+00:00,Mobile,,False,0
647,41.0,Add_To_Cart,/search,2025-02-07 19:18:09+00:00,Mobile,13 days 06:42:36,True,1
951,41.0,purchase,/product/101,2025-02-12 19:22:00+00:00,Other,5 days 00:03:51,True,2
981,41.0,purchase,/cart,2025-02-23 18:43:00+00:00,Mobile,10 days 23:21:00,True,3
1886,41.0,Add_To_Cart,/products,2025-03-13 07:20:49+00:00,Mobile,17 days 12:37:49,True,4
543,41.0,page_view,/products,2025-03-15 04:11:16+00:00,Mobile,1 days 20:50:27,True,5
1062,41.0,logout,/home,2025-04-09 06:22:34+00:00,Other,25 days 02:11:18,True,6
1487,41.0,Search,/search,2025-04-26 21:08:00+00:00,Desktop,17 days 14:45:26,True,7
1753,41.0, page_view,/product/105,2025-05-25 00:01:00+00:00,Desktop,28 days 02:53:00,True,8
1726,41.0,clik,/home,2025-06-26 16:20:52+00:00,Mobile,32 days 16:19:52,True,9
1703,42.0,Click,/help,2025-02-13 21:53:22+00:00,Other,,False,0
1175,42.0,Logout,/checkout,2025-02-19 10:33:00+00:00,Desktop,5 days 12:39:38,True,1
1373,42.0,PAGEVIEW,/checkout,2025-02-25 23:11:23+00:00,Desktop,6 days 12:38:23,True,2
399,42.0,clik,/product/105,2025-02-26 02:30:00+00:00,Mobile,0 days 03:18:37,True,3
123,42.0,Click,/products,2025-04-04 02:23:45+00:00,Other,36 days 23:53:45,True,4
1981,42.0,ADD TO CART,/checkout,2025-04-10 01:58:00+00:00,Other,5 days 23:34:15,True,5
1093,42.0,PAGEVIEW,/help,2025-05-07 00:39:57+00:00,Other,26 days 22:41:57,True,6
199,42.0,SEARCH,/search,2025-05-21 11:04:50+00:00,Other,14 days 10:24:53,True,7
806,42.0,Click,/cart,2025-05-22 06:19:19+00:00,Desktop,0 days 19:14:29,True,8
1116,42.0,add-to-cart,/cart,2025-05-28 10:44:12+00:00,Other,6 days 04:24:53,True,9
1229,42.0,serach,/checkout,2025-07-12 18:55:44+00:00,Mobile,45 days 08:11:32,True,10
1310,42.0, page_view,/orders,2025-07-19 17:46:55+00:00,Mobile,6 days 22:51:11,True,11
1915,43.0,serach,/home,2025-01-03 23:47:18+00:00,Mobile,,False,0
337,43.0,add_to_cart,/product/101,2025-01-08 10:24:40+00:00,Mobile,4 days 10:37:22,True,1
859,43.0,Add_To_Cart,/search,2025-01-30 22:15:28+00:00,Other,22 days 11:50:48,True,2
1698,43.0,SEARCH,/search,2025-03-08 15:19:00+00:00,Desktop,36 days 17:03:32,True,3
583,43.0,log_out,/search,2025-03-26 00:57:44+00:00,Other,17 days 09:38:44,True,4
158,43.0,LOG OUT,/search,2025-05-01 01:55:40+00:00,Mobile,36 days 00:57:56,True,5
796,43.0,SEARCH,/orders,2025-05-05 08:23:29+00:00,Other,4 days 06:27:49,True,6
797,43.0,serach,/products,2025-05-13 23:40:01+00:00,Other,8 days 15:16:32,True,7
1558,43.0,PURCHASE,/account,2025-06-24 01:22:45+00:00,Desktop,41 days 01:42:44,True,8
333,43.0,Search,/home,2025-06-26 09:16:50+00:00,Desktop,2 days 07:54:05,True,9
1833,44.0,clik,/products,2025-01-08 07:53:50+00:00,Desktop,,False,0
1127,44.0,add_to_cart,/search,2025-01-16 16:26:00+00:00,Mobile,8 days 08:32:10,True,1
1872,44.0,pageview,/checkout,2025-02-17 02:30:00+00:00,Mobile,31 days 10:04:00,True,2
1306,44.0,search,/cart,2025-02-25 06:48:00+00:00,Desktop,8 days 04:18:00,True,3
1465,44.0,pageview,/search,2025-03-20 10:14:12+00:00,Mobile,23 days 03:26:12,True,4
1262,44.0,Click,/products,2025-03-25 13:24:42+00:00,Desktop,5 days 03:10:30,True,5
1294,44.0,SEARCH,/orders,2025-04-07 18:07:00+00:00,Mobile,13 days 04:42:18,True,6
1728,44.0,log_out,/product/105,2025-04-13 04:58:28+00:00,Desktop,5 days 10:51:28,True,7
488,44.0,click,/checkout,2025-04-21 04:16:00+00:00,Mobile,7 days 23:17:32,True,8
1820,44.0,Page_View,/orders,2025-04-25 15:21:51+00:00,Mobile,4 days 11:05:51,True,9
1115,44.0,Search,/checkout,2025-05-02 02:01:00+00:00,Other,6 days 10:39:09,True,10
335,44.0, purchase ,/home,2025-05-04 04:40:29+00:00,Other,2 days 02:39:29,True,11
583,44.0, purchase ,/account,2025-05-08 10:17:24+00:00,Mobile,4 days 05:36:55,True,12
1452,44.0,click,/cart,2025-05-11 03:25:21+00:00,Mobile,2 days 17:07:57,True,13
416,44.0,add-to-cart,/help,2025-05-16 17:28:00+00:00,Mobile,5 days 14:02:39,True,14
1714,44.0,logout,/home,2025-05-17 19:35:00+00:00,Desktop,1 days 02:07:00,True,15
246,44.0,clik,/checkout,2025-05-27 08:11:47+00:00,Desktop,9 days 12:36:47,True,16
1368,44.0,Purchase,/checkout,2025-05-28 05:25:37+00:00,Desktop,0 days 21:13:50,True,17
938,44.0,SEARCH,/product/105,2025-06-07 23:55:00+00:00,Mobile,10 days 18:29:23,True,18
1317,44.0, purchase ,/account,2025-07-10 01:33:44+00:00,Mobile,32 days 01:38:44,True,19
252,44.0, purchase ,/product/105,2025-07-12 11:23:00+00:00,Desktop,2 days 09:49:16,True,20
350,45.0,click,/account,2025-01-28 10:35:41+00:00,Desktop,,False,0
1078,45.0,serach,/search,2025-02-09 14:34:00+00:00,Desktop,12 days 03:58:19,True,1
1937,45.0,purchase,/help,2025-02-15 01:09:00+00:00,Mobile,5 days 10:35:00,True,2
1697,45.0, purchase ,/product/101,2025-04-19 05:11:54+00:00,Mobile,63 days 04:02:54,True,3
901,45.0,CLICK ,/cart,2025-04-20 18:46:00+00:00,Other,1 days 13:34:06,True,4
1146,45.0,clik,/orders,2025-04-21 02:38:16+00:00,Other,0 days 07:52:16,True,5
224,45.0,purchase,/orders,2025-04-23 05:14:04+00:00,Desktop,2 days 02:35:48,True,6
1474,45.0,serach,/orders,2025-05-22 11:52:40+00:00,Other,29 days 06:38:36,True,7
1924,45.0,Logout,/help,2025-06-04 23:35:15+00:00,Other,13 days 11:42:35,True,8
1345,45.0,Click,/search,2025-06-20 17:18:00+00:00,Mobile,15 days 17:42:45,True,9
412,45.0,logout,/search,2025-06-23 17:57:00+00:00,Other,3 days 00:39:00,True,10
949,45.0,clik,/search,2025-06-28 05:43:00+00:00,Other,4 days 11:46:00,True,11
49,45.0,Purchase,/products,2025-07-16 19:38:00+00:00,Mobile,18 days 13:55:00,True,12
110,46.0,clik,/cart,2025-01-31 02:10:51+00:00,Desktop,,False,0
554,46.0,search,/products,2025-02-19 14:00:14+00:00,Mobile,19 days 11:49:23,True,1
1693,46.0,pageview,/cart,2025-02-19 14:34:00+00:00,Other,0 days 00:33:46,True,2
864,46.0,Search,/cart,2025-03-28 18:38:39+00:00,Mobile,37 days 04:04:39,True,3
516,46.0,Add_To_Cart,/product/101,2025-05-09 01:51:00+00:00,Other,41 days 07:12:21,True,4
1332,46.0,clik,/cart,2025-05-21 12:36:00+00:00,Other,12 days 10:45:00,True,5
1942,46.0,add_to_cart,/help,2025-05-23 11:32:00+00:00,Other,1 days 22:56:00,True,6
1272,46.0,CLICK ,/search,2025-05-24 00:44:04+00:00,Mobile,0 days 13:12:04,True,7
1243,46.0,CLICK ,/home,2025-06-08 02:04:10+00:00,Other,15 days 01:20:06,True,8
1049,46.0,pageview,/products,2025-07-06 05:46:12+00:00,Mobile,28 days 03:42:02,True,9
1094,47.0,CLICK ,/orders,2025-01-07 15:20:57+00:00,Mobile,,False,0
1453,47.0,ADD TO CART,/search,2025-02-01 19:06:00+00:00,Mobile,25 days 03:45:03,True,1
1985,47.0,purchase,/checkout,2025-02-13 19:32:00+00:00,Mobile,12 days 00:26:00,True,2
1088,47.0,add-to-cart,/search,2025-02-14 09:19:06+00:00,Mobile,0 days 13:47:06,True,3
964,47.0,Add_To_Cart,/product/105,2025-02-23 08:06:21+00:00,Mobile,8 days 22:47:15,True,4
1505,47.0,add_to_cart,/search,2025-03-16 22:05:42+00:00,Mobile,21 days 13:59:21,True,5
909,47.0,pageview,/cart,2025-04-05 08:32:58+00:00,Desktop,19 days 10:27:16,True,6
1637,47.0, page_view,/account,2025-05-03 19:39:00+00:00,Desktop,28 days 11:06:02,True,7
523,47.0,Purchase,/home,2025-05-13 02:05:00+00:00,Other,9 days 06:26:00,True,8
1181,47.0,page_view,/products,2025-05-21 17:17:08+00:00,Other,8 days 15:12:08,True,9
1255,47.0,PAGEVIEW,/product/101,2025-05-24 07:05:21+00:00,Mobile,2 days 13:48:13,True,10
183,47.0,clik,/checkout,2025-06-08 19:30:45+00:00,Other,15 days 12:25:24,True,11
1043,47.0,CLICK ,/orders,2025-06-27 04:20:55+00:00,Desktop,18 days 08:50:10,True,12
101,47.0,Click,/home,2025-07-02 23:41:26+00:00,Other,5 days 19:20:31,True,13
1411,47.0,add-to-cart,/products,2025-07-08 20:00:51+00:00,Other,5 days 20:19:25,True,14
693,47.0,page_view,/home,2025-07-17 04:21:23+00:00,Other,8 days 08:20:32,True,15
1656,48.0,Click,/help,2025-01-19 10:59:00+00:00,Desktop,,False,0
1502,48.0,Purchase,/checkout,2025-01-20 18:29:00+00:00,Mobile,1 days 07:30:00,True,1
678,48.0,Add_To_Cart,/orders,2025-01-31 09:19:00+00:00,Desktop,10 days 14:50:00,True,2
1305,48.0,Search,/cart,2025-02-04 14:39:53+00:00,Mobile,4 days 05:20:53,True,3
314,48.0, purchase ,/search,2025-02-19 07:02:26+00:00,Desktop,14 days 16:22:33,True,4
301,48.0,search,/products,2025-03-04 19:59:00+00:00,Mobile,13 days 12:56:34,True,5
1007,48.0,ADD TO CART,/home,2025-03-26 00:56:30+00:00,Mobile,21 days 04:57:30,True,6
728,48.0,CLICK ,/products,2025-04-03 19:49:00+00:00,Mobile,8 days 18:52:30,True,7
1661,48.0,logout,/checkout,2025-04-22 17:26:00+00:00,Other,18 days 21:37:00,True,8
970,48.0,Purchase,/orders,2025-05-04 12:00:42+00:00,Other,11 days 18:34:42,True,9
146,48.0,Logout,/products,2025-05-10 12:08:49+00:00,Mobile,6 days 00:08:07,True,10
1246,48.0,page_view,/search,2025-05-27 11:01:00+00:00,Other,16 days 22:52:11,True,11
529,48.0,LOG OUT,/products,2025-06-16 03:28:19+00:00,Mobile,19 days 16:27:19,True,12
1198,48.0,add-to-cart,/product/105,2025-07-01 03:45:15+00:00,Mobile,15 days 00:16:56,True,13
1817,48.0, purchase ,/checkout,2025-07-02 17:24:00+00:00,Other,1 days 13:38:45,True,14
45,49.0,purchase,/home,2025-01-22 15:54:27+00:00,Other,,False,0
1731,49.0,Purchase,/checkout,2025-01-30 03:24:18+00:00,Other,7 days 11:29:51,True,1
1712,49.0,serach,/search,2025-02-11 18:51:25+00:00,Mobile,12 days 15:27:07,True,2
1179,49.0,purchase,/products,2025-03-07 15:29:59+00:00,Desktop,23 days 20:38:34,True,3
1446,49.0,CLICK ,/help,2025-03-10 14:32:19+00:00,Mobile,2 days 23:02:20,True,4
429,49.0,purchase,/cart,2025-03-19 15:35:00+00:00,Desktop,9 days 01:02:41,True,5
1971,49.0,SEARCH,/product/105,2025-03-23 22:58:29+00:00,Mobile,4 days 07:23:29,True,6
1948,49.0,Purchase,/product/105,2025-03-29 23:26:08+00:00,Mobile,6 days 00:27:39,True,7
1432,49.0,SEARCH,/products,2025-04-08 03:09:00+00:00,Desktop,9 days 03:42:52,True,8
835,49.0,search,/orders,2025-04-10 12:44:00+00:00,Other,2 days 09:35:00,True,9
617,49.0,clik,/home,2025-05-06 02:12:03+00:00,Mobile,25 days 13:28:03,True,10
1492,49.0,pageview,/help,2025-05-23 21:30:00+00:00,Mobile,17 days 19:17:57,True,11
1337,49.0,LOG OUT,/products,2025-06-05 02:54:00+00:00,Mobile,12 days 05:24:00,True,12
25,49.0, purchase ,/products,2025-06-19 17:08:00+00:00,Mobile,14 days 14:14:00,True,13
799,49.0,add-to-cart,/orders,2025-06-23 11:56:00+00:00,Other,3 days 18:48:00,True,14
1199,49.0,add-to-cart,/orders,2025-06-23 12:35:34+00:00,Other,0 days 00:39:34,True,15
1406,49.0,Click,/home,2025-07-04 01:28:08+00:00,Other,10 days 12:52:34,True,16
1841,49.0, page_view,/product/101,2025-07-20 14:27:15+00:00,Mobile,16 days 12:59:07,True,17
1013,50.0,Click,/home,2025-01-09 07:10:00+00:00,Mobile,,False,0
1892,50.0,PAGEVIEW,/home,2025-01-11 12:25:00+00:00,Mobile,2 days 05:15:00,True,1
1814,50.0,purchase,/product/105,2025-01-12 20:33:00+00:00,Mobile,1 days 08:08:00,True,2
262,50.0,CLICK ,/search,2025-02-03 16:53:10+00:00,Mobile,21 days 20:20:10,True,3
1187,50.0,purchase,/orders,2025-02-22 21:31:27+00:00,Other,19 days 04:38:17,True,4
474,50.0,SEARCH,/products,2025-03-02 14:24:00+00:00,Desktop,7 days 16:52:33,True,5
338,50.0,PAGEVIEW,/checkout,2025-03-11 13:05:31+00:00,Other,8 days 22:41:31,True,6
1130,50.0,serach,/home,2025-03-16 15:01:42+00:00,Other,5 days 01:56:11,True,7
1155,50.0, page_view,/help,2025-03-31 21:31:00+00:00,Mobile,15 days 06:29:18,True,8
1071,50.0,search,/product/105,2025-04-05 14:47:00+00:00,Mobile,4 days 17:16:00,True,9
717,50.0, purchase ,/search,2025-04-16 19:50:00+00:00,Mobile,11 days 05:03:00,True,10
1205,50.0,purchase,/help,2025-05-12 17:30:00+00:00,Mobile,25 days 21:40:00,True,11
1577,50.0,add_to_cart,/cart,2025-05-30 06:15:50+00:00,Other,17 days 12:45:50,True,12
1506,50.0,page_view,/orders,2025-06-15 17:09:17+00:00,Other,16 days 10:53:27,True,13
712,50.0,SEARCH,/product/105,2025-06-25 12:43:56+00:00,Mobile,9 days 19:34:39,True,14
716,50.0,purchase,/products,2025-07-06 08:09:00+00:00,Mobile,10 days 19:25:04,True,15
1184,50.0,logout,/product/101,2025-07-09 19:17:00+00:00,Mobile,3 days 11:08:00,True,16
1826,50.0,Logout,/checkout,2025-07-12 12:43:00+00:00,Mobile,2 days 17:26:00,True,17
784,50.0,PAGEVIEW,/product/105,2025-07-14 16:32:00+00:00,Desktop,2 days 03:49:00,True,18
405,51.0,search,/search,2025-01-22 17:48:00+00:00,Other,,False,0
539,51.0, page_view,/cart,2025-02-12 22:01:36+00:00,Desktop,21 days 04:13:36,True,1
1672,51.0,Purchase,/search,2025-03-04 07:11:54+00:00,Desktop,19 days 09:10:18,True,2
1395,51.0,pageview,/checkout,2025-03-06 18:51:00+00:00,Mobile,2 days 11:39:06,True,3
725,51.0,serach,/orders,2025-03-08 18:32:19+00:00,Desktop,1 days 23:41:19,True,4
307,51.0,PAGEVIEW,/checkout,2025-03-19 07:32:17+00:00,Desktop,10 days 12:59:58,True,5
135,51.0,SEARCH,/products,2025-04-10 05:23:00+00:00,Other,21 days 21:50:43,True,6
447,51.0,search,/products,2025-04-13 22:37:06+00:00,Mobile,3 days 17:14:06,True,7
23,51.0,Page_View,/help,2025-04-19 11:44:04+00:00,Mobile,5 days 13:06:58,True,8
982,51.0,Click,/checkout,2025-05-02 20:38:00+00:00,Desktop,13 days 08:53:56,True,9
1112,51.0,LOG OUT,/product/105,2025-06-05 23:31:00+00:00,Mobile,34 days 02:53:00,True,10
1222,51.0,purchase,/cart,2025-06-07 16:04:53+00:00,Desktop,1 days 16:33:53,True,11
44,51.0, purchase ,/help,2025-06-28 07:19:43+00:00,Mobile,20 days 15:14:50,True,12
8,51.0,CLICK ,/home,2025-07-02 02:22:00+00:00,Desktop,3 days 19:02:17,True,13
1125,51.0,logout,/cart,2025-07-13 18:02:56+00:00,Mobile,11 days 15:40:56,True,14
521,51.0,click,/products,2025-07-19 15:15:59+00:00,Mobile,5 days 21:13:03,True,15
29,52.0,Logout,/home,2025-03-16 07:52:58+00:00,Other,,False,0
18,52.0,SEARCH,/products,2025-03-17 11:39:14+00:00,Mobile,1 days 03:46:16,True,1
1388,52.0, page_view,/product/101,2025-03-31 15:29:00+00:00,Other,14 days 03:49:46,True,2
498,52.0,Search,/products,2025-04-21 23:51:00+00:00,Mobile,21 days 08:22:00,True,3
351,52.0,Click,/orders,2025-05-04 12:04:21+00:00,Other,12 days 12:13:21,True,4
636,52.0,click,/help,2025-05-16 08:44:48+00:00,Other,11 days 20:40:27,True,5
241,52.0,logout,/products,2025-05-21 09:46:53+00:00,Other,5 days 01:02:05,True,6
786,52.0,add-to-cart,/product/101,2025-05-28 20:06:00+00:00,Mobile,7 days 10:19:07,True,7
1300,52.0,Add_To_Cart,/orders,2025-06-21 21:46:00+00:00,Desktop,24 days 01:40:00,True,8
1967,53.0,Purchase,/cart,2025-01-08 14:00:00+00:00,Mobile,,False,0
881,53.0, purchase ,/account,2025-01-14 08:31:46+00:00,Other,5 days 18:31:46,True,1
1583,53.0,purchase,/products,2025-01-16 20:52:02+00:00,Other,2 days 12:20:16,True,2
1923,53.0,click,/account,2025-01-19 14:59:36+00:00,Other,2 days 18:07:34,True,3
600,53.0,logout,/checkout,2025-01-27 16:49:00+00:00,Other,8 days 01:49:24,True,4
535,53.0,ADD TO CART,/home,2025-01-31 11:19:00+00:00,Desktop,3 days 18:30:00,True,5
1022,53.0,Purchase,/product/105,2025-02-10 20:26:25+00:00,Desktop,10 days 09:07:25,True,6
312,53.0,add-to-cart,/cart,2025-02-18 03:08:11+00:00,Desktop,7 days 06:41:46,True,7
1185,53.0,Purchase,/product/101,2025-03-13 03:00:15+00:00,Desktop,22 days 23:52:04,True,8
861,53.0,Search,/help,2025-03-15 10:20:07+00:00,Other,2 days 07:19:52,True,9
466,53.0,Page_View,/account,2025-03-15 20:10:16+00:00,Desktop,0 days 09:50:09,True,10
457,53.0,Search,/product/105,2025-03-21 18:05:58+00:00,Mobile,5 days 21:55:42,True,11
1331,53.0,Page_View,/help,2025-03-29 00:35:51+00:00,Other,7 days 06:29:53,True,12
1582,53.0,Search,/product/105,2025-04-29 14:08:00+00:00,Other,31 days 13:32:09,True,13
1315,53.0,Search,/product/105,2025-05-10 04:04:00+00:00,Desktop,10 days 13:56:00,True,14
336,53.0,pageview,/cart,2025-06-23 10:35:34+00:00,Desktop,44 days 06:31:34,True,15
428,53.0,add-to-cart,/product/101,2025-07-01 18:48:58+00:00,Desktop,8 days 08:13:24,True,16
544,53.0,pageview,/checkout,2025-07-02 01:19:24+00:00,Other,0 days 06:30:26,True,17
320,53.0,Page_View,/search,2025-07-02 06:56:29+00:00,Desktop,0 days 05:37:05,True,18
1250,53.0,LOG OUT,/products,2025-07-09 09:26:01+00:00,Desktop,7 days 02:29:32,True,19
260,53.0,Page_View,/product/105,2025-07-10 22:47:05+00:00,Mobile,1 days 13:21:04,True,20
764,54.0,add-to-cart,/product/101,2025-01-03 05:42:36+00:00,Mobile,,False,0
525,54.0,SEARCH,/checkout,2025-01-03 08:57:33+00:00,Mobile,0 days 03:14:57,True,1
415,54.0,search,/cart,2025-01-06 07:53:33+00:00,Other,2 days 22:56:00,True,2
1006,54.0,Logout,/product/101,2025-01-29 05:01:31+00:00,Desktop,22 days 21:07:58,True,3
833,54.0,logout,/orders,2025-02-03 08:46:02+00:00,Mobile,5 days 03:44:31,True,4
167,54.0,pageview,/cart,2025-02-09 06:44:43+00:00,Mobile,5 days 21:58:41,True,5
1984,54.0,logout,/account,2025-03-18 23:30:00+00:00,Mobile,37 days 16:45:17,True,6
1329,54.0, page_view,/product/101,2025-03-21 17:46:14+00:00,Desktop,2 days 18:16:14,True,7
1691,54.0,click,/product/101,2025-04-25 11:58:00+00:00,Mobile,34 days 18:11:46,True,8
754,54.0, purchase ,/products,2025-05-01 03:22:00+00:00,Other,5 days 15:24:00,True,9
1180,54.0, page_view,/search,2025-05-02 13:24:20+00:00,Mobile,1 days 10:02:20,True,10
521,54.0,Page_View,/search,2025-05-10 05:05:00+00:00,Other,7 days 15:40:40,True,11
1316,54.0,add_to_cart,/cart,2025-05-18 13:47:00+00:00,Mobile,8 days 08:42:00,True,12
1847,54.0,add-to-cart,/home,2025-05-20 00:42:45+00:00,Mobile,1 days 10:55:45,True,13
777,54.0,ADD TO CART,/checkout,2025-05-23 10:31:39+00:00,Other,3 days 09:48:54,True,14
1880,54.0, page_view,/product/105,2025-06-04 09:11:39+00:00,Desktop,11 days 22:40:00,True,15
2,54.0,Search,/account,2025-06-06 15:55:54+00:00,Mobile,2 days 06:44:15,True,16
71,54.0,log_out,/account,2025-06-12 17:44:58+00:00,Mobile,6 days 01:49:04,True,17
623,54.0,SEARCH,/account,2025-06-14 18:04:26+00:00,Mobile,2 days 00:19:28,True,18
954,54.0,ADD TO CART,/checkout,2025-06-20 21:40:48+00:00,Other,6 days 03:36:22,True,19
1114,54.0,Add_To_Cart,/checkout,2025-06-25 19:27:39+00:00,Mobile,4 days 21:46:51,True,20
721,54.0,click,/product/101,2025-06-28 22:09:24+00:00,Mobile,3 days 02:41:45,True,21
808,55.0, purchase ,/home,2025-01-07 13:05:48+00:00,Desktop,,False,0
1318,55.0,page_view,/product/105,2025-01-15 16:56:00+00:00,Other,8 days 03:50:12,True,1
500,55.0,Logout,/account,2025-01-24 01:32:00+00:00,Desktop,8 days 08:36:00,True,2
1350,55.0,Click,/products,2025-02-15 17:43:00+00:00,Mobile,22 days 16:11:00,True,3
400,55.0,Add_To_Cart,/orders,2025-03-07 12:29:00+00:00,Desktop,19 days 18:46:00,True,4
691,55.0,add_to_cart,/cart,2025-03-31 22:26:00+00:00,Mobile,24 days 09:57:00,True,5
854,55.0,click,/checkout,2025-04-03 10:26:57+00:00,Other,2 days 12:00:57,True,6
625,55.0,clik,/home,2025-04-03 20:45:43+00:00,Mobile,0 days 10:18:46,True,7
361,55.0, purchase ,/checkout,2025-04-19 19:00:00+00:00,Desktop,15 days 22:14:17,True,8
654,55.0,click,/products,2025-05-02 05:03:07+00:00,Other,12 days 10:03:07,True,9
1523,55.0,Logout,/cart,2025-05-19 16:12:00+00:00,Mobile,17 days 11:08:53,True,10
590,55.0,PURCHASE,/checkout,2025-05-26 01:59:08+00:00,Other,6 days 09:47:08,True,11
722,55.0,search,/help,2025-06-02 05:01:00+00:00,Mobile,7 days 03:01:52,True,12
1483,55.0,CLICK ,/cart,2025-06-21 11:16:00+00:00,Mobile,19 days 06:15:00,True,13
1602,55.0,add_to_cart,/products,2025-06-22 10:21:00+00:00,Mobile,0 days 23:05:00,True,14
1176,55.0,Click,/cart,2025-06-25 11:45:34+00:00,Other,3 days 01:24:34,True,15
644,56.0,CLICK ,/products,2025-01-29 02:21:47+00:00,Desktop,,False,0
1778,56.0,search,/products,2025-02-05 08:56:41+00:00,Mobile,7 days 06:34:54,True,1
1507,56.0,Click,/help,2025-03-27 16:37:00+00:00,Mobile,50 days 07:40:19,True,2
1710,56.0,search,/checkout,2025-04-24 22:19:00+00:00,Desktop,28 days 05:42:00,True,3
562,56.0,LOG OUT,/cart,2025-05-02 07:21:53+00:00,Other,7 days 09:02:53,True,4
774,56.0,Add_To_Cart,/product/105,2025-05-07 15:02:00+00:00,Mobile,5 days 07:40:07,True,5
667,56.0,Logout,/products,2025-05-17 03:43:00+00:00,Mobile,9 days 12:41:00,True,6
1227,56.0,SEARCH,/product/105,2025-06-17 01:23:00+00:00,Desktop,30 days 21:40:00,True,7
551,56.0,LOG OUT,/checkout,2025-07-12 22:28:17+00:00,Other,25 days 21:05:17,True,8
1765,57.0,logout,/help,2025-01-09 15:18:39+00:00,Mobile,,False,0
1426,57.0, purchase ,/account,2025-01-21 11:37:04+00:00,Desktop,11 days 20:18:25,True,1
1877,57.0,Search,/product/105,2025-02-22 06:50:26+00:00,Mobile,31 days 19:13:22,True,2
1978,57.0,Click,/product/105,2025-03-28 20:09:02+00:00,Desktop,34 days 13:18:36,True,3
1081,57.0,PURCHASE,/checkout,2025-04-13 04:46:33+00:00,Desktop,15 days 08:37:31,True,4
1723,57.0,PAGEVIEW,/checkout,2025-04-19 13:37:13+00:00,Other,6 days 08:50:40,True,5
1584,57.0,page_view,/checkout,2025-05-13 21:02:02+00:00,Mobile,24 days 07:24:49,True,6
1559,57.0,add-to-cart,/help,2025-05-18 07:08:49+00:00,Mobile,4 days 10:06:47,True,7
1123,57.0,PAGEVIEW,/search,2025-06-30 19:29:18+00:00,Mobile,43 days 12:20:29,True,8
426,57.0, purchase ,/cart,2025-07-06 13:46:00+00:00,Mobile,5 days 18:16:42,True,9
705,57.0,Add_To_Cart,/help,2025-07-12 12:09:28+00:00,Other,5 days 22:23:28,True,10
375,58.0,SEARCH,/cart,2025-01-07 19:05:03+00:00,Desktop,,False,0
937,58.0,PURCHASE,/orders,2025-01-29 05:27:00+00:00,Mobile,21 days 10:21:57,True,1
1396,58.0,log_out,/home,2025-02-14 14:04:10+00:00,Other,16 days 08:37:10,True,2
1576,58.0,click,/search,2025-03-12 04:15:23+00:00,Mobile,25 days 14:11:13,True,3
139,58.0,Click,/product/105,2025-04-19 02:43:27+00:00,Mobile,37 days 22:28:04,True,4
697,58.0, page_view,/products,2025-05-15 16:50:01+00:00,Desktop,26 days 14:06:34,True,5
214,58.0,SEARCH,/help,2025-05-26 11:51:00+00:00,Mobile,10 days 19:00:59,True,6
50,58.0,add-to-cart,/account,2025-05-30 21:24:05+00:00,Desktop,4 days 09:33:05,True,7
769,58.0,SEARCH,/checkout,2025-06-05 12:27:12+00:00,Other,5 days 15:03:07,True,8
496,58.0,Search,/product/105,2025-06-14 09:20:51+00:00,Mobile,8 days 20:53:39,True,9
1895,58.0,log_out,/checkout,2025-07-14 10:43:38+00:00,Other,30 days 01:22:47,True,10
526,58.0,log_out,/checkout,2025-07-20 20:25:49+00:00,Desktop,6 days 09:42:11,True,11
552,59.0,add_to_cart,/product/101,2025-01-01 19:30:00+00:00,Mobile,,False,0
1688,59.0,PURCHASE,/orders,2025-01-16 00:53:34+00:00,Desktop,14 days 05:23:34,True,1
778,59.0,search,/checkout,2025-01-27 00:14:03+00:00,Mobile,10 days 23:20:29,True,2
1757,59.0,clik,/home,2025-02-07 07:48:00+00:00,Mobile,11 days 07:33:57,True,3
1737,59.0,Logout,/help,2025-02-24 00:36:26+00:00,Mobile,16 days 16:48:26,True,4
328,59.0,add_to_cart,/products,2025-03-24 11:57:24+00:00,Other,28 days 11:20:58,True,5
19,59.0,LOG OUT,/account,2025-05-01 17:51:42+00:00,Desktop,38 days 05:54:18,True,6
1511,59.0,CLICK ,/search,2025-05-09 05:58:35+00:00,Other,7 days 12:06:53,True,7
222,59.0,PAGEVIEW,/products,2025-05-14 20:53:17+00:00,Desktop,5 days 14:54:42,True,8
1972,59.0,search,/orders,2025-05-17 12:27:00+00:00,Other,2 days 15:33:43,True,9
1541,59.0,click,/product/101,2025-05-27 22:49:09+00:00,Desktop,10 days 10:22:09,True,10
160,59.0,Search,/products,2025-06-11 05:20:40+00:00,Mobile,14 days 06:31:31,True,11
1391,59.0,clik,/product/105,2025-06-17 18:11:53+00:00,Other,6 days 12:51:13,True,12
626,59.0,CLICK ,/product/105,2025-06-19 05:00:07+00:00,Other,1 days 10:48:14,True,13
947,60.0,SEARCH,/products,2025-01-05 22:20:14+00:00,Desktop,,False,0
271,60.0,PAGEVIEW,/products,2025-02-07 01:17:00+00:00,Mobile,32 days 02:56:46,True,1
741,60.0,click,/account,2025-02-21 12:21:00+00:00,Other,14 days 11:04:00,True,2
1177,60.0,click,/cart,2025-02-22 19:50:00+00:00,Mobile,1 days 07:29:00,True,3
1781,60.0,Add_To_Cart,/account,2025-02-26 11:29:01+00:00,Desktop,3 days 15:39:01,True,4
407,60.0,serach,/product/101,2025-04-05 20:29:45+00:00,Mobile,38 days 09:00:44,True,5
481,60.0,Search,/home,2025-04-20 19:16:09+00:00,Other,14 days 22:46:24,True,6
994,60.0,click,/account,2025-04-30 14:56:56+00:00,Mobile,9 days 19:40:47,True,7
1223,60.0,Add_To_Cart,/orders,2025-06-05 07:44:18+00:00,Other,35 days 16:47:22,True,8
1009,60.0,log_out,/product/101,2025-06-13 00:19:00+00:00,Desktop,7 days 16:34:42,True,9
566,60.0,logout,/checkout,2025-06-22 00:29:00+00:00,Desktop,9 days 00:10:00,True,10
1874,60.0,Logout,/account,2025-06-27 01:26:01+00:00,Mobile,5 days 00:57:01,True,11
1021,60.0,SEARCH,/home,2025-07-01 17:42:19+00:00,Mobile,4 days 16:16:18,True,12
1702,60.0,PURCHASE,/orders,2025-07-07 07:39:22+00:00,Other,5 days 13:57:03,True,13
1200,60.0,LOG OUT,/help,2025-07-11 12:48:16+00:00,Other,4 days 05:08:54,True,14
1624,61.0,Click,/home,2025-01-11 09:17:00+00:00,Desktop,,False,0
1755,61.0,serach,/search,2025-01-31 00:51:00+00:00,Other,19 days 15:34:00,True,1
1195,61.0,Click,/home,2025-02-20 19:45:04+00:00,Mobile,20 days 18:54:04,True,2
1683,61.0,log_out,/account,2025-03-19 02:48:28+00:00,Other,26 days 07:03:24,True,3
571,61.0,PURCHASE,/help,2025-03-27 19:19:00+00:00,Mobile,8 days 16:30:32,True,4
1590,61.0,CLICK ,/product/105,2025-04-19 13:05:00+00:00,Mobile,22 days 17:46:00,True,5
1374,61.0,logout,/product/105,2025-04-25 10:02:01+00:00,Desktop,5 days 20:57:01,True,6
1304,61.0,PURCHASE,/cart,2025-05-16 16:58:58+00:00,Desktop,21 days 06:56:57,True,7
459,61.0,add-to-cart,/help,2025-05-27 03:51:31+00:00,Desktop,10 days 10:52:33,True,8
1341,61.0,Page_View,/help,2025-06-04 02:49:00+00:00,Mobile,7 days 22:57:29,True,9
958,61.0,add_to_cart,/help,2025-06-17 12:35:32+00:00,Mobile,13 days 09:46:32,True,10
119,61.0,Logout,/product/101,2025-06-18 07:17:34+00:00,Mobile,0 days 18:42:02,True,11
485,61.0,add-to-cart,/product/105,2025-07-01 13:47:00+00:00,Mobile,13 days 06:29:26,True,12
1499,61.0,logout,/checkout,2025-07-14 06:27:26+00:00,Desktop,12 days 16:40:26,True,13
1083,61.0,serach,/cart,2025-07-18 19:26:03+00:00,Desktop,4 days 12:58:37,True,14
633,62.0,page_view,/home,2025-01-02 21:37:50+00:00,Mobile,,False,0
162,62.0,pageview,/product/105,2025-01-04 10:48:53+00:00,Desktop,1 days 13:11:03,True,1
710,62.0,Purchase,/cart,2025-02-09 07:03:34+00:00,Desktop,35 days 20:14:41,True,2
706,62.0,clik,/product/101,2025-02-15 06:36:31+00:00,Mobile,5 days 23:32:57,True,3
1014,62.0,clik,/search,2025-04-27 19:16:00+00:00,Mobile,71 days 12:39:29,True,4
1414,62.0,purchase,/checkout,2025-05-03 07:35:00+00:00,Mobile,5 days 12:19:00,True,5
1623,62.0,PURCHASE,/cart,2025-05-13 11:12:18+00:00,Other,10 days 03:37:18,True,6
816,62.0,search,/help,2025-06-20 08:25:24+00:00,Mobile,37 days 21:13:06,True,7
877,62.0,CLICK ,/product/105,2025-06-21 15:31:50+00:00,Other,1 days 07:06:26,True,8
1677,62.0,page_view,/account,2025-07-05 11:52:37+00:00,Mobile,13 days 20:20:47,True,9
340,62.0,Click,/checkout,2025-07-07 16:19:00+00:00,Mobile,2 days 04:26:23,True,10
232,62.0,PURCHASE,/help,2025-07-14 22:36:00+00:00,Mobile,7 days 06:17:00,True,11
118,63.0,LOG OUT,/account,2025-01-07 10:38:14+00:00,Desktop,,False,0
534,63.0,click,/product/105,2025-01-09 23:10:00+00:00,Mobile,2 days 12:31:46,True,1
742,63.0,serach,/products,2025-01-10 17:09:30+00:00,Desktop,0 days 17:59:30,True,2
450,63.0,Search,/home,2025-01-14 02:31:43+00:00,Mobile,3 days 09:22:13,True,3
1645,63.0,clik,/help,2025-01-20 05:06:08+00:00,Mobile,6 days 02:34:25,True,4
72,63.0,Click,/home,2025-03-09 19:24:40+00:00,Desktop,48 days 14:18:32,True,5
1292,63.0,Page_View,/product/101,2025-03-15 16:39:50+00:00,Other,5 days 21:15:10,True,6
1956,63.0,Purchase,/account,2025-03-25 22:48:00+00:00,Mobile,10 days 06:08:10,True,7
680,63.0,pageview,/search,2025-04-01 03:00:22+00:00,Mobile,6 days 04:12:22,True,8
72,63.0,CLICK ,/search,2025-04-02 00:31:08+00:00,Other,0 days 21:30:46,True,9
892,63.0,Page_View,/account,2025-05-02 16:46:53+00:00,Desktop,30 days 16:15:45,True,10
180,63.0,ADD TO CART,/home,2025-05-21 20:24:25+00:00,Mobile,19 days 03:37:32,True,11
738,63.0,add-to-cart,/account,2025-06-24 04:28:23+00:00,Other,33 days 08:03:58,True,12
452,63.0,LOG OUT,/orders,2025-07-15 01:27:56+00:00,Other,20 days 20:59:33,True,13
685,63.0,Search,/checkout,2025-07-19 12:32:46+00:00,Other,4 days 11:04:50,True,14
640,64.0,add-to-cart,/product/101,2025-01-30 15:42:34+00:00,Desktop,,False,0
1188,64.0, purchase ,/help,2025-02-06 22:04:38+00:00,Other,7 days 06:22:04,True,1
867,64.0,log_out,/cart,2025-03-23 05:09:02+00:00,Desktop,44 days 07:04:24,True,2
386,64.0,purchase,/home,2025-03-28 23:02:25+00:00,Desktop,5 days 17:53:23,True,3
1201,64.0,Page_View,/products,2025-04-05 09:07:00+00:00,Other,7 days 10:04:35,True,4
37,64.0,serach,/checkout,2025-04-05 10:26:02+00:00,Desktop,0 days 01:19:02,True,5
1649,64.0,SEARCH,/product/105,2025-04-27 05:10:00+00:00,Desktop,21 days 18:43:58,True,6
1178,64.0, purchase ,/cart,2025-04-28 17:21:00+00:00,Mobile,1 days 12:11:00,True,7
1532,64.0,Purchase,/product/101,2025-05-21 01:59:22+00:00,Other,22 days 08:38:22,True,8
1963,64.0,SEARCH,/cart,2025-06-11 18:08:00+00:00,Desktop,21 days 16:08:38,True,9
1072,65.0,Click,/checkout,2025-01-04 04:21:00+00:00,Mobile,,False,0
570,65.0,logout,/account,2025-02-21 20:58:12+00:00,Other,48 days 16:37:12,True,1
1458,65.0,add_to_cart,/checkout,2025-03-08 10:51:42+00:00,Mobile,14 days 13:53:30,True,2
538,65.0, purchase ,/product/101,2025-03-25 02:51:39+00:00,Other,16 days 15:59:57,True,3
734,65.0,SEARCH,/search,2025-03-28 09:23:00+00:00,Mobile,3 days 06:31:21,True,4
460,65.0,SEARCH,/product/101,2025-04-04 13:12:31+00:00,Mobile,7 days 03:49:31,True,5
1673,65.0,Purchase,/product/105,2025-04-15 23:05:00+00:00,Mobile,11 days 09:52:29,True,6
73,65.0, purchase ,/account,2025-04-24 15:10:05+00:00,Mobile,8 days 16:05:05,True,7
1581,65.0,ADD TO CART,/search,2025-05-08 06:41:10+00:00,Mobile,13 days 15:31:05,True,8
94,65.0, purchase ,/products,2025-05-18 19:09:17+00:00,Desktop,10 days 12:28:07,True,9
1798,65.0,search,/orders,2025-05-31 13:34:00+00:00,Other,12 days 18:24:43,True,10
821,65.0,LOG OUT,/product/101,2025-05-31 18:22:37+00:00,Other,0 days 04:48:37,True,11
1679,65.0,add-to-cart,/help,2025-06-14 07:34:00+00:00,Other,13 days 13:11:23,True,12
1105,65.0,clik,/cart,2025-07-08 07:33:00+00:00,Desktop,23 days 23:59:00,True,13
766,66.0,CLICK ,/products,2025-01-08 10:08:14+00:00,Mobile,,False,0
1197,66.0,logout,/account,2025-01-13 15:09:54+00:00,Desktop,5 days 05:01:40,True,1
229,66.0,SEARCH,/search,2025-01-18 07:24:24+00:00,Mobile,4 days 16:14:30,True,2
1475,66.0,click,/orders,2025-03-01 16:20:00+00:00,Other,42 days 08:55:36,True,3
1,66.0,SEARCH,/search,2025-04-05 10:43:00+00:00,Desktop,34 days 18:23:00,True,4
22,66.0, page_view,/product/101,2025-04-27 18:03:00+00:00,Desktop,22 days 07:20:00,True,5
1900,66.0,pageview,/orders,2025-05-06 03:35:00+00:00,Other,8 days 09:32:00,True,6
856,66.0,SEARCH,/product/105,2025-05-30 01:42:46+00:00,Other,23 days 22:07:46,True,7
1667,66.0,logout,/products,2025-06-07 14:09:00+00:00,Desktop,8 days 12:26:14,True,8
1729,66.0,Purchase,/product/105,2025-06-08 01:45:00+00:00,Other,0 days 11:36:00,True,9
1379,66.0,SEARCH,/orders,2025-07-07 18:27:00+00:00,Desktop,29 days 16:42:00,True,10
322,66.0,clik,/orders,2025-07-16 05:58:21+00:00,Mobile,8 days 11:31:21,True,11
1791,66.0, purchase ,/checkout,2025-07-20 12:09:54+00:00,Desktop,4 days 06:11:33,True,12
1622,67.0,add_to_cart,/product/105,2025-01-03 18:28:08+00:00,Mobile,,False,0
502,67.0,logout,/orders,2025-01-12 16:06:00+00:00,Other,8 days 21:37:52,True,1
1268,67.0,serach,/home,2025-01-28 07:57:00+00:00,Desktop,15 days 15:51:00,True,2
871,67.0,PURCHASE,/products,2025-01-31 14:56:00+00:00,Desktop,3 days 06:59:00,True,3
1830,67.0,log_out,/help,2025-02-15 01:44:00+00:00,Desktop,14 days 10:48:00,True,4
1032,67.0, purchase ,/home,2025-02-16 00:40:21+00:00,Desktop,0 days 22:56:21,True,5
291,67.0,add_to_cart,/cart,2025-02-24 10:01:49+00:00,Desktop,8 days 09:21:28,True,6
470,67.0,LOG OUT,/search,2025-03-02 19:07:00+00:00,Other,6 days 09:05:11,True,7
318,67.0,Page_View,/cart,2025-03-19 09:29:00+00:00,Desktop,16 days 14:22:00,True,8
782,67.0,log_out,/search,2025-03-24 23:30:14+00:00,Desktop,5 days 14:01:14,True,9
884,67.0,Logout,/product/101,2025-04-12 22:14:18+00:00,Other,18 days 22:44:04,True,10
1664,67.0,serach,/account,2025-04-13 23:19:49+00:00,Mobile,1 days 01:05:31,True,11
65,67.0,purchase,/search,2025-04-26 10:04:19+00:00,Mobile,12 days 10:44:30,True,12
63,67.0,Search,/search,2025-04-29 21:37:44+00:00,Mobile,3 days 11:33:25,True,13
107,67.0,add-to-cart,/products,2025-05-10 04:40:00+00:00,Mobile,10 days 07:02:16,True,14
1387,67.0,add-to-cart,/product/101,2025-05-22 14:22:01+00:00,Mobile,12 days 09:42:01,True,15
1326,67.0,LOG OUT,/help,2025-05-26 07:09:21+00:00,Mobile,3 days 16:47:20,True,16
810,67.0,page_view,/home,2025-06-16 03:21:38+00:00,Desktop,20 days 20:12:17,True,17
152,67.0,purchase,/home,2025-06-19 11:35:41+00:00,Desktop,3 days 08:14:03,True,18
1421,67.0,pageview,/products,2025-06-21 11:28:06+00:00,Mobile,1 days 23:52:25,True,19
1501,67.0,logout,/search,2025-06-24 21:41:31+00:00,Mobile,3 days 10:13:25,True,20
580,67.0,ADD TO CART,/orders,2025-07-03 15:30:17+00:00,Other,8 days 17:48:46,True,21
1938,67.0,clik,/home,2025-07-07 05:51:00+00:00,Desktop,3 days 14:20:43,True,22
1668,68.0,Click,/products,2025-01-06 01:14:00+00:00,Other,,False,0
708,68.0,pageview,/products,2025-01-06 03:52:00+00:00,Mobile,0 days 02:38:00,True,1
1522,68.0,CLICK ,/product/101,2025-01-16 12:55:17+00:00,Other,10 days 09:03:17,True,2
1063,68.0,LOG OUT,/home,2025-01-26 14:11:57+00:00,Other,10 days 01:16:40,True,3
651,68.0,Add_To_Cart,/orders,2025-02-03 10:48:50+00:00,Mobile,7 days 20:36:53,True,4
106,68.0, purchase ,/home,2025-02-06 22:17:05+00:00,Desktop,3 days 11:28:15,True,5
1416,68.0,PAGEVIEW,/checkout,2025-02-10 21:40:41+00:00,Desktop,3 days 23:23:36,True,6
1407,68.0,Click,/help,2025-02-24 01:18:36+00:00,Other,13 days 03:37:55,True,7
858,68.0,log_out,/orders,2025-03-23 08:12:53+00:00,Desktop,27 days 06:54:17,True,8
1927,68.0,logout,/product/101,2025-04-14 00:01:00+00:00,Desktop,21 days 15:48:07,True,9
287,68.0,Logout,/orders,2025-04-17 23:06:49+00:00,Other,3 days 23:05:49,True,10
372,68.0,page_view,/orders,2025-04-21 19:58:00+00:00,Other,3 days 20:51:11,True,11
1342,68.0,add_to_cart,/product/105,2025-04-27 07:05:59+00:00,Other,5 days 11:07:59,True,12
1608,68.0, purchase ,/checkout,2025-06-13 06:40:43+00:00,Desktop,46 days 23:34:44,True,13
1555,68.0, page_view,/checkout,2025-07-01 06:44:00+00:00,Mobile,18 days 00:03:17,True,14
306,69.0,clik,/orders,2025-01-06 01:15:59+00:00,Desktop,,False,0
542,69.0,purchase,/search,2025-01-06 10:27:00+00:00,Mobile,0 days 09:11:01,True,1
1660,69.0,Click,/products,2025-01-22 05:54:09+00:00,Mobile,15 days 19:27:09,True,2
1859,69.0,Add_To_Cart,/cart,2025-02-12 22:06:00+00:00,Desktop,21 days 16:11:51,True,3
973,69.0, page_view,/help,2025-03-04 08:51:47+00:00,Desktop,19 days 10:45:47,True,4
527,69.0,Search,/orders,2025-03-14 06:05:32+00:00,Desktop,9 days 21:13:45,True,5
282,69.0,clik,/orders,2025-03-14 10:26:00+00:00,Mobile,0 days 04:20:28,True,6
26,69.0,Click,/home,2025-03-18 14:43:46+00:00,Other,4 days 04:17:46,True,7
461,69.0,add_to_cart,/cart,2025-04-13 07:39:47+00:00,Mobile,25 days 16:56:01,True,8
235,69.0,ADD TO CART,/account,2025-04-16 17:50:00+00:00,Mobile,3 days 10:10:13,True,9
955,69.0, purchase ,/search,2025-04-26 05:59:55+00:00,Other,9 days 12:09:55,True,10
1709,69.0,logout,/checkout,2025-05-03 17:30:12+00:00,Desktop,7 days 11:30:17,True,11
1159,69.0,PAGEVIEW,/help,2025-05-13 15:11:00+00:00,Desktop,9 days 21:40:48,True,12
1750,69.0,page_view,/product/105,2025-05-15 13:06:00+00:00,Desktop,1 days 21:55:00,True,13
1356,69.0,Add_To_Cart,/account,2025-05-19 09:50:34+00:00,Mobile,3 days 20:44:34,True,14
746,69.0,clik,/checkout,2025-05-27 12:52:00+00:00,Desktop,8 days 03:01:26,True,15
1678,69.0,SEARCH,/product/105,2025-06-09 04:29:00+00:00,Other,12 days 15:37:00,True,16
1906,69.0,purchase,/account,2025-06-14 08:42:14+00:00,Mobile,5 days 04:13:14,True,17
956,69.0,Purchase,/products,2025-06-17 13:26:26+00:00,Mobile,3 days 04:44:12,True,18
1056,69.0,PAGEVIEW,/cart,2025-06-24 05:37:33+00:00,Mobile,6 days 16:11:07,True,19
1019,69.0,Click,/checkout,2025-06-24 05:40:40+00:00,Desktop,0 days 00:03:07,False,19
1486,69.0,log_out,/help,2025-07-18 04:56:56+00:00,Mobile,23 days 23:16:16,True,20
364,70.0,add_to_cart,/checkout,2025-01-03 15:29:00+00:00,Other,,False,0
40,70.0,pageview,/home,2025-01-20 21:03:48+00:00,Other,17 days 05:34:48,True,1
1773,70.0,ADD TO CART,/orders,2025-01-22 17:27:00+00:00,Other,1 days 20:23:12,True,2
1674,70.0,Purchase,/account,2025-03-05 13:35:19+00:00,Mobile,41 days 20:08:19,True,3
1413,70.0,Add_To_Cart,/product/105,2025-03-08 02:56:47+00:00,Mobile,2 days 13:21:28,True,4
569,70.0,clik,/cart,2025-03-16 11:00:33+00:00,Mobile,8 days 08:03:46,True,5
839,70.0,SEARCH,/product/105,2025-03-19 11:49:00+00:00,Desktop,3 days 00:48:27,True,6
913,70.0,click,/checkout,2025-03-23 22:10:57+00:00,Other,4 days 10:21:57,True,7
1481,70.0,CLICK ,/help,2025-03-26 07:56:19+00:00,Mobile,2 days 09:45:22,True,8
1999,70.0,pageview,/search,2025-04-12 03:03:53+00:00,Mobile,16 days 19:07:34,True,9
1612,70.0, purchase ,/account,2025-04-25 18:28:00+00:00,Mobile,13 days 15:24:07,True,10
463,70.0, purchase ,/cart,2025-04-27 21:48:35+00:00,Mobile,2 days 03:20:35,True,11
662,70.0,search,/product/105,2025-05-13 09:42:00+00:00,Mobile,15 days 11:53:25,True,12
1448,70.0,Logout,/cart,2025-05-17 22:32:14+00:00,Mobile,4 days 12:50:14,True,13
1990,70.0,logout,/cart,2025-06-30 16:27:02+00:00,Other,43 days 17:54:48,True,14
878,70.0,Page_View,/products,2025-07-13 09:26:00+00:00,Desktop,12 days 16:58:58,True,15
701,71.0,click,/orders,2025-01-11 20:09:00+00:00,Mobile,,False,0
575,71.0,click,/product/101,2025-01-26 00:53:43+00:00,Other,14 days 04:44:43,True,1
1974,71.0,add-to-cart,/home,2025-03-04 23:44:00+00:00,Mobile,37 days 22:50:17,True,2
357,71.0,pageview,/checkout,2025-03-14 00:15:27+00:00,Other,9 days 00:31:27,True,3
131,71.0,PAGEVIEW,/help,2025-05-04 22:01:27+00:00,Mobile,51 days 21:46:00,True,4
1444,71.0,clik,/cart,2025-06-26 17:35:00+00:00,Other,52 days 19:33:33,True,5
334,71.0,page_view,/checkout,2025-07-05 18:39:01+00:00,Desktop,9 days 01:04:01,True,6
557,71.0,Search,/products,2025-07-10 02:08:16+00:00,Desktop,4 days 07:29:15,True,7
1514,72.0,page_view,/products,2025-01-01 19:11:00+00:00,Mobile,,False,0
255,72.0, page_view,/products,2025-01-16 06:52:00+00:00,Mobile,14 days 11:41:00,True,1
902,72.0,Search,/products,2025-01-27 23:13:17+00:00,Desktop,11 days 16:21:17,True,2
179,72.0,logout,/home,2025-02-10 16:54:00+00:00,Mobile,13 days 17:40:43,True,3
33,72.0,Purchase,/account,2025-02-22 10:41:00+00:00,Other,11 days 17:47:00,True,4
1172,72.0,click,/checkout,2025-03-13 14:41:00+00:00,Desktop,19 days 04:00:00,True,5
1321,72.0,Click,/orders,2025-03-16 23:02:07+00:00,Desktop,3 days 08:21:07,True,6
1046,72.0,add-to-cart,/product/101,2025-04-01 02:46:17+00:00,Desktop,15 days 03:44:10,True,7
907,72.0,SEARCH,/products,2025-04-22 20:22:11+00:00,Other,21 days 17:35:54,True,8
1593,72.0,Search,/products,2025-05-07 21:50:53+00:00,Other,15 days 01:28:42,True,9
279,72.0,serach,/product/105,2025-05-20 11:20:00+00:00,Desktop,12 days 13:29:07,True,10
874,72.0,search,/home,2025-05-31 12:55:14+00:00,Desktop,11 days 01:35:14,True,11
1394,72.0,add-to-cart,/products,2025-06-15 14:47:00+00:00,Desktop,15 days 01:51:46,True,12
326,72.0,click,/product/101,2025-06-17 11:02:09+00:00,Desktop,1 days 20:15:09,True,13
236,72.0,ADD TO CART,/account,2025-06-18 03:47:00+00:00,Mobile,0 days 16:44:51,True,14
1461,72.0,clik,/checkout,2025-07-01 20:08:06+00:00,Desktop,13 days 16:21:06,True,15
1038,72.0,purchase,/product/105,2025-07-02 19:58:56+00:00,Other,0 days 23:50:50,True,16
1611,73.0,add-to-cart,/home,2025-01-01 04:26:00+00:00,Other,,False,0
916,73.0,pageview,/search,2025-01-24 05:46:05+00:00,Other,23 days 01:20:05,True,1
927,73.0,CLICK ,/home,2025-03-21 04:51:00+00:00,Other,55 days 23:04:55,True,2
1842,73.0,PURCHASE,/cart,2025-03-31 19:46:39+00:00,Other,10 days 14:55:39,True,3
1042,73.0,clik,/help,2025-04-10 23:16:00+00:00,Desktop,10 days 03:29:21,True,4
1838,73.0,page_view,/cart,2025-04-12 08:31:53+00:00,Mobile,1 days 09:15:53,True,5
1565,73.0,PAGEVIEW,/help,2025-04-27 06:08:54+00:00,Other,14 days 21:37:01,True,6
624,73.0,PURCHASE,/checkout,2025-05-06 20:44:23+00:00,Mobile,9 days 14:35:29,True,7
482,73.0,serach,/search,2025-05-07 03:14:45+00:00,Desktop,0 days 06:30:22,True,8
1054,73.0,Page_View,/product/105,2025-05-08 05:34:00+00:00,Mobile,1 days 02:19:15,True,9
1549,73.0,page_view,/orders,2025-05-18 11:21:35+00:00,Mobile,10 days 05:47:35,True,10
1030,73.0,log_out,/home,2025-06-01 20:06:36+00:00,Mobile,14 days 08:45:01,True,11
1572,73.0,PURCHASE,/search,2025-07-02 23:51:17+00:00,Other,31 days 03:44:41,True,12
311,73.0,add_to_cart,/orders,2025-07-04 03:11:20+00:00,Mobile,1 days 03:20:03,True,13
75,74.0,LOG OUT,/orders,2025-01-11 23:28:34+00:00,Other,,False,0
950,74.0,serach,/orders,2025-01-22 06:47:00+00:00,Desktop,10 days 07:18:26,True,1
1148,74.0,clik,/products,2025-01-29 16:34:02+00:00,Mobile,7 days 09:47:02,True,2
1410,74.0,Click,/help,2025-02-02 00:53:52+00:00,Desktop,3 days 08:19:50,True,3
253,74.0,Logout,/products,2025-03-02 17:27:00+00:00,Desktop,28 days 16:33:08,True,4
1569,74.0,Add_To_Cart,/product/105,2025-03-03 04:46:00+00:00,Mobile,0 days 11:19:00,True,5
1104,74.0,search,/products,2025-03-24 07:10:25+00:00,Desktop,21 days 02:24:25,True,6
757,74.0,clik,/product/105,2025-04-11 01:51:59+00:00,Other,17 days 18:41:34,True,7
227,74.0,CLICK ,/product/101,2025-04-14 19:36:40+00:00,Desktop,3 days 17:44:41,True,8
192,74.0,serach,/orders,2025-04-19 00:33:06+00:00,Other,4 days 04:56:26,True,9
1117,74.0,Click,/product/105,2025-05-01 00:20:32+00:00,Other,11 days 23:47:26,True,10
181,74.0, purchase ,/checkout,2025-05-08 23:41:01+00:00,Other,7 days 23:20:29,True,11
331,74.0,Add_To_Cart,/help,2025-05-14 23:40:00+00:00,Mobile,5 days 23:58:59,True,12
1314,74.0,LOG OUT,/product/105,2025-05-16 15:21:53+00:00,Mobile,1 days 15:41:53,True,13
993,74.0,page_view,/help,2025-05-23 03:34:10+00:00,Mobile,6 days 12:12:17,True,14
1864,74.0,Click,/product/101,2025-05-23 13:22:00+00:00,Mobile,0 days 09:47:50,True,15
1351,74.0,search,/search,2025-05-31 17:46:00+00:00,Other,8 days 04:24:00,True,16
80,74.0,serach,/account,2025-06-12 02:25:32+00:00,Desktop,11 days 08:39:32,True,17
171,74.0,click,/orders,2025-07-05 03:57:16+00:00,Desktop,23 days 01:31:44,True,18
661,74.0,click,/orders,2025-07-12 01:05:07+00:00,Desktop,6 days 21:07:51,True,19
442,75.0,Logout,/product/105,2025-02-13 17:00:46+00:00,Desktop,,False,0
1534,75.0,ADD TO CART,/product/101,2025-02-24 13:02:32+00:00,Desktop,10 days 20:01:46,True,1
581,75.0,Click,/product/105,2025-03-02 12:13:00+00:00,Other,5 days 23:10:28,True,2
276,75.0,Purchase,/checkout,2025-03-05 05:31:05+00:00,Other,2 days 17:18:05,True,3
1922,75.0,Purchase,/product/101,2025-03-07 05:38:00+00:00,Mobile,2 days 00:06:55,True,4
574,75.0,add_to_cart,/home,2025-03-14 05:14:00+00:00,Mobile,6 days 23:36:00,True,5
1644,75.0,add-to-cart,/account,2025-03-14 22:16:58+00:00,Mobile,0 days 17:02:58,True,6
1868,75.0,Logout,/product/101,2025-03-31 00:48:06+00:00,Mobile,16 days 02:31:08,True,7
435,75.0,click,/product/101,2025-04-06 15:26:21+00:00,Mobile,6 days 14:38:15,True,8
689,76.0,Click,/products,2025-01-10 08:12:59+00:00,Other,,False,0
404,76.0,logout,/account,2025-01-11 15:46:49+00:00,Mobile,1 days 07:33:50,True,1
1443,76.0,search,/cart,2025-01-23 18:27:00+00:00,Other,12 days 02:40:11,True,2
1960,76.0,Page_View,/home,2025-03-02 20:01:00+00:00,Mobile,38 days 01:34:00,True,3
31,76.0,clik,/orders,2025-03-30 20:42:24+00:00,Other,28 days 00:41:24,True,4
694,76.0,Add_To_Cart,/cart,2025-04-09 02:56:06+00:00,Mobile,9 days 06:13:42,True,5
472,76.0,LOG OUT,/products,2025-04-19 15:43:00+00:00,Mobile,10 days 12:46:54,True,6
845,76.0,PAGEVIEW,/help,2025-04-20 23:59:47+00:00,Mobile,1 days 08:16:47,True,7
547,76.0,Click,/cart,2025-04-25 02:54:40+00:00,Desktop,4 days 02:54:53,True,8
1657,76.0,serach,/product/105,2025-04-29 21:46:51+00:00,Other,4 days 18:52:11,True,9
1718,76.0,click,/search,2025-04-29 23:34:38+00:00,Mobile,0 days 01:47:47,True,10
325,76.0, purchase ,/search,2025-06-03 00:15:56+00:00,Desktop,34 days 00:41:18,True,11
389,76.0,page_view,/search,2025-06-07 07:04:51+00:00,Other,4 days 06:48:55,True,12
1902,76.0,Page_View,/help,2025-06-20 07:56:05+00:00,Desktop,13 days 00:51:14,True,13
1992,76.0,purchase,/product/101,2025-07-03 17:37:45+00:00,Mobile,13 days 09:41:40,True,14
77,76.0,serach,/product/101,2025-07-20 06:52:13+00:00,Other,16 days 13:14:28,True,15
1215,76.0,add_to_cart,/product/101,2025-07-20 07:56:00+00:00,Mobile,0 days 01:03:47,True,16
1904,77.0,LOG OUT,/orders,2025-01-01 11:16:38+00:00,Mobile,,False,0
1434,77.0,logout,/help,2025-01-04 02:45:00+00:00,Mobile,2 days 15:28:22,True,1
1186,77.0,Purchase,/product/105,2025-01-21 13:45:00+00:00,Mobile,17 days 11:00:00,True,2
1568,77.0,logout,/help,2025-02-07 20:15:00+00:00,Mobile,17 days 06:30:00,True,3
1431,77.0, purchase ,/product/105,2025-02-20 14:37:28+00:00,Mobile,12 days 18:22:28,True,4
966,77.0,Click,/orders,2025-02-26 11:36:23+00:00,Desktop,5 days 20:58:55,True,5
829,77.0,Page_View,/cart,2025-03-06 12:45:22+00:00,Mobile,8 days 01:08:59,True,6
1214,77.0,Click,/home,2025-03-11 10:32:00+00:00,Other,4 days 21:46:38,True,7
1965,77.0,SEARCH,/orders,2025-03-14 10:25:25+00:00,Mobile,2 days 23:53:25,True,8
1425,77.0,Page_View,/products,2025-03-27 06:42:51+00:00,Other,12 days 20:17:26,True,9
20,77.0,pageview,/search,2025-04-03 02:58:36+00:00,Mobile,6 days 20:15:45,True,10
1442,77.0,Logout,/search,2025-04-11 18:42:00+00:00,Mobile,8 days 15:43:24,True,11
353,77.0,logout,/search,2025-04-14 02:38:06+00:00,Other,2 days 07:56:06,True,12
300,77.0,Add_To_Cart,/checkout,2025-04-24 19:09:28+00:00,Desktop,10 days 16:31:22,True,13
280,77.0,Logout,/products,2025-04-26 09:52:16+00:00,Other,1 days 14:42:48,True,14
78,77.0,ADD TO CART,/cart,2025-05-12 21:52:06+00:00,Other,16 days 11:59:50,True,15
427,77.0,CLICK ,/search,2025-05-15 10:04:59+00:00,Other,2 days 12:12:53,True,16
615,77.0,PURCHASE,/product/101,2025-06-14 01:33:00+00:00,Desktop,29 days 15:28:01,True,17
998,78.0,Page_View,/orders,2025-01-18 10:55:20+00:00,Desktop,,False,0
1319,78.0, page_view,/product/101,2025-01-19 10:47:13+00:00,Mobile,0 days 23:51:53,True,1
1964,78.0,ADD TO CART,/product/105,2025-02-01 17:01:40+00:00,Mobile,13 days 06:14:27,True,2
1843,78.0,Logout,/product/101,2025-02-10 15:11:34+00:00,Mobile,8 days 22:09:54,True,3
622,78.0,Add_To_Cart,/search,2025-02-18 00:00:55+00:00,Other,7 days 08:49:21,True,4
1552,78.0,log_out,/product/101,2025-03-12 10:56:19+00:00,Mobile,22 days 10:55:24,True,5
586,78.0,SEARCH,/home,2025-03-14 11:50:00+00:00,Mobile,2 days 00:53:41,True,6
189,78.0,CLICK ,/account,2025-03-17 14:51:08+00:00,Other,3 days 03:01:08,True,7
888,78.0,add-to-cart,/orders,2025-03-19 08:29:12+00:00,Desktop,1 days 17:38:04,True,8
1286,78.0,Page_View,/orders,2025-03-28 16:34:00+00:00,Desktop,9 days 08:04:48,True,9
948,78.0,log_out,/help,2025-04-10 15:59:35+00:00,Other,12 days 23:25:35,True,10
1871,78.0, purchase ,/product/101,2025-04-24 01:08:00+00:00,Mobile,13 days 09:08:25,True,11
1369,78.0,add_to_cart,/product/105,2025-05-10 03:35:00+00:00,Other,16 days 02:27:00,True,12
1609,78.0,PURCHASE,/cart,2025-05-12 21:46:50+00:00,Other,2 days 18:11:50,True,13
1548,78.0,click,/checkout,2025-05-15 03:33:00+00:00,Mobile,2 days 05:46:10,True,14
1183,78.0,ADD TO CART,/product/105,2025-05-22 18:20:48+00:00,Mobile,7 days 14:47:48,True,15
773,78.0,click,/orders,2025-06-05 21:04:36+00:00,Other,14 days 02:43:48,True,16
1235,78.0,Add_To_Cart,/search,2025-06-16 01:52:14+00:00,Desktop,10 days 04:47:38,True,17
1173,78.0,add-to-cart,/orders,2025-07-13 22:37:44+00:00,Mobile,27 days 20:45:30,True,18
497,78.0,PURCHASE,/product/101,2025-07-17 12:05:01+00:00,Mobile,3 days 13:27:17,True,19
753,79.0, page_view,/help,2025-01-26 20:28:32+00:00,Mobile,,False,0
507,79.0,serach,/cart,2025-02-04 00:12:07+00:00,Desktop,8 days 03:43:35,True,1
519,79.0,pageview,/home,2025-02-12 20:07:55+00:00,Other,8 days 19:55:48,True,2
1283,79.0,PURCHASE,/checkout,2025-02-24 23:51:49+00:00,Desktop,12 days 03:43:54,True,3
945,79.0,click,/checkout,2025-02-25 13:17:47+00:00,Mobile,0 days 13:25:58,True,4
850,79.0, page_view,/product/101,2025-03-12 08:55:31+00:00,Desktop,14 days 19:37:44,True,5
485,79.0,search,/help,2025-04-05 06:34:39+00:00,Mobile,23 days 21:39:08,True,6
62,79.0,serach,/checkout,2025-04-21 03:00:00+00:00,Desktop,15 days 20:25:21,True,7
1732,79.0,Click,/search,2025-04-27 00:54:10+00:00,Other,5 days 21:54:10,True,8
1544,79.0,ADD TO CART,/search,2025-05-25 17:50:00+00:00,Other,28 days 16:55:50,True,9
1258,79.0,CLICK ,/checkout,2025-06-01 13:58:00+00:00,Desktop,6 days 20:08:00,True,10
125,79.0,Click,/account,2025-06-26 09:08:11+00:00,Mobile,24 days 19:10:11,True,11
1366,79.0,Search,/product/101,2025-07-09 18:54:00+00:00,Desktop,13 days 09:45:49,True,12
1813,80.0,CLICK ,/product/101,2025-01-15 23:07:00+00:00,Desktop,,False,0
1529,80.0,CLICK ,/cart,2025-01-22 21:11:00+00:00,Mobile,6 days 22:04:00,True,1
1782,80.0,Logout,/orders,2025-01-28 17:07:00+00:00,Mobile,5 days 19:56:00,True,2
1450,80.0,PAGEVIEW,/products,2025-01-29 18:57:48+00:00,Desktop,1 days 01:50:48,True,3
1933,80.0,logout,/checkout,2025-02-03 00:05:30+00:00,Other,4 days 05:07:42,True,4
614,80.0,CLICK ,/search,2025-02-08 12:13:41+00:00,Desktop,5 days 12:08:11,True,5
1878,80.0,search,/account,2025-02-21 22:06:00+00:00,Desktop,13 days 09:52:19,True,6
1792,80.0, purchase ,/orders,2025-03-11 19:18:00+00:00,Mobile,17 days 21:12:00,True,7
568,80.0,Click,/home,2025-03-21 18:27:32+00:00,Other,9 days 23:09:32,True,8
632,80.0,Search,/products,2025-04-07 03:17:00+00:00,Mobile,16 days 08:49:28,True,9
1478,80.0, page_view,/search,2025-04-12 06:15:00+00:00,Mobile,5 days 02:58:00,True,10
1575,80.0,add_to_cart,/checkout,2025-04-13 19:09:00+00:00,Other,1 days 12:54:00,True,11
1936,80.0,purchase,/home,2025-05-06 15:12:41+00:00,Mobile,22 days 20:03:41,True,12
487,80.0,PURCHASE,/product/101,2025-05-24 01:37:00+00:00,Mobile,17 days 10:24:19,True,13
410,80.0,Add_To_Cart,/orders,2025-05-24 22:49:13+00:00,Other,0 days 21:12:13,True,14
1415,80.0,search,/account,2025-06-01 00:26:14+00:00,Mobile,7 days 01:37:01,True,15
303,80.0,click,/account,2025-06-19 16:02:16+00:00,Mobile,18 days 15:36:02,True,16
1288,80.0,purchase,/checkout,2025-06-24 08:54:21+00:00,Mobile,4 days 16:52:05,True,17
418,80.0,SEARCH,/product/101,2025-07-01 22:57:42+00:00,Mobile,7 days 14:03:21,True,18
1118,80.0,log_out,/search,2025-07-06 08:04:00+00:00,Desktop,4 days 09:06:18,True,19
1648,80.0,SEARCH,/product/101,2025-07-08 03:31:06+00:00,Mobile,1 days 19:27:06,True,20
392,81.0,click,/search,2025-01-02 05:59:05+00:00,Desktop,,False,0
911,81.0,clik,/orders,2025-01-10 11:01:39+00:00,Mobile,8 days 05:02:34,True,1
1627,81.0,purchase,/orders,2025-01-21 18:39:13+00:00,Desktop,11 days 07:37:34,True,2
1278,81.0,SEARCH,/product/105,2025-02-10 07:47:02+00:00,Mobile,19 days 13:07:49,True,3
1789,81.0,SEARCH,/search,2025-03-08 07:22:00+00:00,Mobile,25 days 23:34:58,True,4
759,81.0,PURCHASE,/orders,2025-03-24 06:05:05+00:00,Other,15 days 22:43:05,True,5
2,81.0,CLICK ,/cart,2025-04-09 16:37:19+00:00,Mobile,16 days 10:32:14,True,6
979,81.0,clik,/home,2025-05-11 15:31:10+00:00,Mobile,31 days 22:53:51,True,7
807,81.0,clik,/account,2025-05-15 14:44:20+00:00,Other,3 days 23:13:10,True,8
920,81.0,click,/help,2025-05-18 18:13:00+00:00,Other,3 days 03:28:40,True,9
1296,81.0,Purchase,/product/105,2025-06-07 17:29:00+00:00,Mobile,19 days 23:16:00,True,10
666,81.0,Search,/checkout,2025-06-15 16:38:00+00:00,Mobile,7 days 23:09:00,True,11
85,81.0,Search,/account,2025-06-30 03:00:00+00:00,Mobile,14 days 10:22:00,True,12
1384,82.0,SEARCH,/account,2025-01-02 04:23:54+00:00,Mobile,,False,0
612,82.0,SEARCH,/search,2025-01-05 19:58:00+00:00,Other,3 days 15:34:06,True,1
1079,82.0,PURCHASE,/product/101,2025-01-06 13:51:19+00:00,Mobile,0 days 17:53:19,True,2
1995,82.0, purchase ,/orders,2025-01-17 16:49:32+00:00,Mobile,11 days 02:58:13,True,3
156,82.0,SEARCH,/orders,2025-02-13 21:56:35+00:00,Desktop,27 days 05:07:03,True,4
1654,82.0,CLICK ,/account,2025-02-17 14:58:00+00:00,Other,3 days 17:01:25,True,5
1615,82.0,Add_To_Cart,/help,2025-02-27 10:13:03+00:00,Other,9 days 19:15:03,True,6
264,82.0,PURCHASE,/checkout,2025-02-28 02:28:00+00:00,Other,0 days 16:14:57,True,7
758,82.0,Search,/account,2025-05-13 05:27:14+00:00,Mobile,74 days 02:59:14,True,8
1930,82.0,Purchase,/home,2025-05-19 13:41:20+00:00,Other,6 days 08:14:06,True,9
1034,82.0,Click,/orders,2025-05-21 20:20:00+00:00,Other,2 days 06:38:40,True,10
1805,82.0,LOG OUT,/checkout,2025-06-10 03:04:00+00:00,Other,19 days 06:44:00,True,11
376,82.0,page_view,/help,2025-06-18 20:36:51+00:00,Mobile,8 days 17:32:51,True,12
166,82.0,logout,/help,2025-06-19 03:41:53+00:00,Mobile,0 days 07:05:02,True,13
1260,83.0,Search,/product/101,2025-03-01 07:47:02+00:00,Mobile,,False,0
1907,83.0,page_view,/account,2025-03-06 18:58:46+00:00,Mobile,5 days 11:11:44,True,1
1171,83.0,Search,/product/105,2025-03-15 15:49:00+00:00,Mobile,8 days 20:50:14,True,2
202,83.0,Logout,/home,2025-03-24 12:58:50+00:00,Other,8 days 21:09:50,True,3
491,83.0,Click,/products,2025-04-05 16:16:44+00:00,Desktop,12 days 03:17:54,True,4
449,83.0,add-to-cart,/help,2025-05-05 16:17:00+00:00,Mobile,30 days 00:00:16,True,5
1518,83.0,log_out,/account,2025-05-27 06:55:00+00:00,Other,21 days 14:38:00,True,6
1370,83.0,add-to-cart,/orders,2025-06-06 10:48:31+00:00,Desktop,10 days 03:53:31,True,7
1147,83.0,Logout,/home,2025-06-10 04:38:21+00:00,Mobile,3 days 17:49:50,True,8
512,83.0,purchase,/search,2025-06-15 11:28:00+00:00,Mobile,5 days 06:49:39,True,9
1239,83.0,purchase,/products,2025-07-11 23:16:10+00:00,Desktop,26 days 11:48:10,True,10
354,83.0,Page_View,/product/101,2025-07-13 20:51:00+00:00,Mobile,1 days 21:34:50,True,11
755,83.0,serach,/home,2025-07-20 07:32:00+00:00,Desktop,6 days 10:41:00,True,12
1494,83.0,logout,/search,2025-07-20 17:41:08+00:00,Other,0 days 10:09:08,True,13
76,84.0,add_to_cart,/search,2025-01-23 14:55:07+00:00,Desktop,,False,0
1953,84.0,add-to-cart,/product/101,2025-03-22 07:38:00+00:00,Mobile,57 days 16:42:53,True,1
321,84.0,click,/products,2025-04-26 20:23:05+00:00,Other,35 days 12:45:05,True,2
1889,84.0,add-to-cart,/cart,2025-04-30 04:43:00+00:00,Desktop,3 days 08:19:55,True,3
1015,84.0,ADD TO CART,/product/101,2025-05-05 17:29:42+00:00,Other,5 days 12:46:42,True,4
257,84.0,CLICK ,/checkout,2025-05-11 15:49:00+00:00,Mobile,5 days 22:19:18,True,5
1733,84.0,PAGEVIEW,/product/105,2025-05-14 02:24:00+00:00,Desktop,2 days 10:35:00,True,6
718,84.0, purchase ,/orders,2025-05-17 15:34:34+00:00,Other,3 days 13:10:34,True,7
1928,84.0,serach,/account,2025-06-07 23:47:00+00:00,Desktop,21 days 08:12:26,True,8
761,84.0,Add_To_Cart,/orders,2025-07-05 12:49:16+00:00,Mobile,27 days 13:02:16,True,9
997,84.0,LOG OUT,/help,2025-07-17 04:13:19+00:00,Mobile,11 days 15:24:03,True,10
1908,84.0,add_to_cart,/product/105,2025-07-18 01:07:30+00:00,Mobile,0 days 20:54:11,True,11
683,85.0,Click,/checkout,2025-01-02 11:56:55+00:00,Desktop,,False,0
1724,85.0,logout,/search,2025-01-04 21:20:12+00:00,Other,2 days 09:23:17,True,1
1515,85.0,clik,/products,2025-01-12 23:23:00+00:00,Mobile,8 days 02:02:48,True,2
752,85.0,PURCHASE,/help,2025-01-26 02:51:53+00:00,Mobile,13 days 03:28:53,True,3
366,85.0,search,/cart,2025-02-02 16:04:00+00:00,Desktop,7 days 13:12:07,True,4
1276,85.0,search,/search,2025-02-25 13:56:21+00:00,Mobile,22 days 21:52:21,True,5
370,85.0,PAGEVIEW,/product/101,2025-03-14 16:42:49+00:00,Mobile,17 days 02:46:28,True,6
1145,85.0,Search,/checkout,2025-03-30 13:11:00+00:00,Other,15 days 20:28:11,True,7
844,85.0,PAGEVIEW,/home,2025-03-31 00:58:00+00:00,Desktop,0 days 11:47:00,True,8
1065,85.0,Add_To_Cart,/account,2025-04-06 12:02:09+00:00,Desktop,6 days 11:04:09,True,9
1111,85.0,Click,/product/105,2025-04-11 15:09:00+00:00,Desktop,5 days 03:06:51,True,10
682,85.0, purchase ,/checkout,2025-04-20 05:34:00+00:00,Mobile,8 days 14:25:00,True,11
1217,85.0,add_to_cart,/account,2025-04-21 04:26:30+00:00,Other,0 days 22:52:30,True,12
283,85.0,Click,/home,2025-05-05 06:06:02+00:00,Other,14 days 01:39:32,True,13
1435,85.0,clik,/home,2025-05-19 05:06:00+00:00,Mobile,13 days 22:59:58,True,14
209,85.0,Click,/product/101,2025-05-20 09:40:00+00:00,Other,1 days 04:34:00,True,15
1869,85.0,Purchase,/cart,2025-05-22 13:12:00+00:00,Mobile,2 days 03:32:00,True,16
1330,85.0,Add_To_Cart,/orders,2025-05-24 00:53:00+00:00,Mobile,1 days 11:41:00,True,17
832,85.0,Page_View,/search,2025-05-25 19:44:53+00:00,Other,1 days 18:51:53,True,18
1010,85.0,logout,/search,2025-05-27 06:08:14+00:00,Mobile,1 days 10:23:21,True,19
1182,85.0,page_view,/checkout,2025-07-04 08:18:27+00:00,Desktop,38 days 02:10:13,True,20
628,85.0,LOG OUT,/account,2025-07-06 02:06:40+00:00,Other,1 days 17:48:13,True,21
798,85.0,add-to-cart,/home,2025-07-09 22:27:23+00:00,Mobile,3 days 20:20:43,True,22
1867,85.0,CLICK ,/cart,2025-07-19 20:55:20+00:00,Other,9 days 22:27:57,True,23
16,86.0,clik,/checkout,2025-01-02 08:24:00+00:00,Desktop,,False,0
1165,86.0,SEARCH,/orders,2025-01-18 21:11:00+00:00,Mobile,16 days 12:47:00,True,1
387,86.0,Search,/help,2025-01-19 01:47:00+00:00,Mobile,0 days 04:36:00,True,2
1527,86.0,Page_View,/products,2025-01-26 14:49:00+00:00,Mobile,7 days 13:02:00,True,3
193,86.0,Add_To_Cart,/cart,2025-02-07 01:44:00+00:00,Desktop,11 days 10:55:00,True,4
1570,86.0,Logout,/product/105,2025-02-21 01:51:44+00:00,Mobile,14 days 00:07:44,True,5
1659,86.0,Page_View,/product/105,2025-02-27 20:34:48+00:00,Mobile,6 days 18:43:04,True,6
178,86.0,logout,/account,2025-03-05 15:22:42+00:00,Other,5 days 18:47:54,True,7
1224,86.0, purchase ,/checkout,2025-03-20 09:41:00+00:00,Other,14 days 18:18:18,True,8
930,86.0,Purchase,/products,2025-03-23 04:25:00+00:00,Desktop,2 days 18:44:00,True,9
10,86.0,Click,/home,2025-03-26 22:30:06+00:00,Mobile,3 days 18:05:06,True,10
1596,86.0,Search,/product/101,2025-04-01 12:03:24+00:00,Other,5 days 13:33:18,True,11
946,86.0,Purchase,/cart,2025-04-15 06:01:00+00:00,Mobile,13 days 17:57:36,True,12
1759,86.0,LOG OUT,/cart,2025-04-25 15:56:00+00:00,Mobile,10 days 09:55:00,True,13
1603,86.0,serach,/help,2025-06-01 10:28:00+00:00,Other,36 days 18:32:00,True,14
1430,86.0,PAGEVIEW,/product/101,2025-06-06 19:32:02+00:00,Desktop,5 days 09:04:02,True,15
1271,86.0,LOG OUT,/products,2025-06-09 06:56:00+00:00,Mobile,2 days 11:23:58,True,16
914,86.0,search,/products,2025-07-14 16:09:00+00:00,Mobile,35 days 09:13:00,True,17
1643,87.0,CLICK ,/orders,2025-01-17 05:09:20+00:00,Mobile,,False,0
748,87.0,logout,/search,2025-02-02 20:28:40+00:00,Mobile,16 days 15:19:20,True,1
309,87.0,Search,/account,2025-02-09 13:19:58+00:00,Other,6 days 16:51:18,True,2
980,87.0,PURCHASE,/orders,2025-02-19 03:48:14+00:00,Desktop,9 days 14:28:16,True,3
43,87.0,click,/products,2025-03-03 06:39:00+00:00,Other,12 days 02:50:46,True,4
70,87.0,add_to_cart,/product/101,2025-03-03 09:07:00+00:00,Mobile,0 days 02:28:00,True,5
805,87.0, purchase ,/products,2025-03-19 19:19:11+00:00,Other,16 days 10:12:11,True,6
424,87.0,pageview,/account,2025-03-23 19:38:32+00:00,Other,4 days 00:19:21,True,7
248,87.0,purchase,/orders,2025-05-04 11:39:00+00:00,Desktop,41 days 16:00:28,True,8
451,87.0,add_to_cart,/products,2025-05-14 15:50:29+00:00,Desktop,10 days 04:11:29,True,9
1135,87.0,LOG OUT,/checkout,2025-06-15 20:14:00+00:00,Desktop,32 days 04:23:31,True,10
1048,87.0,clik,/product/101,2025-06-24 18:20:55+00:00,Mobile,8 days 22:06:55,True,11
1692,87.0, purchase ,/products,2025-07-19 19:22:41+00:00,Mobile,25 days 01:01:46,True,12
1097,87.0,PURCHASE,/checkout,2025-07-20 13:26:00+00:00,Mobile,0 days 18:03:19,True,13
1190,88.0,click,/search,2025-01-06 12:36:00+00:00,Other,,False,0
396,88.0, purchase ,/product/101,2025-01-12 01:41:00+00:00,Desktop,5 days 13:05:00,True,1
25,88.0,PAGEVIEW,/search,2025-01-27 16:49:42+00:00,Desktop,15 days 15:08:42,True,2
960,88.0,Click,/search,2025-01-29 19:53:21+00:00,Desktop,2 days 03:03:39,True,3
479,88.0,add-to-cart,/search,2025-02-04 08:11:43+00:00,Other,5 days 12:18:22,True,4
1966,88.0, page_view,/help,2025-03-22 22:26:24+00:00,Desktop,46 days 14:14:41,True,5
1653,88.0,LOG OUT,/product/105,2025-04-25 15:16:39+00:00,Mobile,33 days 16:50:15,True,6
1585,88.0,click,/cart,2025-04-29 21:54:12+00:00,Other,4 days 06:37:33,True,7
898,88.0,LOG OUT,/orders,2025-05-01 14:13:00+00:00,Mobile,1 days 16:18:48,True,8
1158,88.0,search,/orders,2025-05-09 05:29:17+00:00,Other,7 days 15:16:17,True,9
1579,88.0,pageview,/products,2025-05-16 11:58:10+00:00,Mobile,7 days 06:28:53,True,10
555,88.0,Add_To_Cart,/products,2025-06-10 09:51:45+00:00,Desktop,24 days 21:53:35,True,11
733,88.0,search,/product/105,2025-06-24 20:09:49+00:00,Mobile,14 days 10:18:04,True,12
1075,88.0,logout,/help,2025-07-05 10:23:02+00:00,Mobile,10 days 14:13:13,True,13
921,88.0,CLICK ,/orders,2025-07-10 08:05:32+00:00,Desktop,4 days 21:42:30,True,14
880,88.0,ADD TO CART,/orders,2025-07-20 13:03:00+00:00,Desktop,10 days 04:57:28,True,15
437,89.0,PURCHASE,/product/101,2025-01-08 23:52:07+00:00,Mobile,,False,0
1631,89.0,serach,/orders,2025-01-09 17:50:57+00:00,Other,0 days 17:58:50,True,1
663,89.0,Add_To_Cart,/products,2025-01-12 07:02:12+00:00,Desktop,2 days 13:11:15,True,2
61,89.0,PAGEVIEW,/orders,2025-01-22 03:49:15+00:00,Other,9 days 20:47:03,True,3
1412,89.0,page_view,/product/105,2025-01-31 04:17:00+00:00,Other,9 days 00:27:45,True,4
1982,89.0,Page_View,/orders,2025-02-01 00:00:00+00:00,Desktop,0 days 19:43:00,True,5
1947,89.0,serach,/orders,2025-02-08 12:20:10+00:00,Other,7 days 12:20:10,True,6
1546,89.0,ADD TO CART,/orders,2025-03-07 14:29:56+00:00,Mobile,27 days 02:09:46,True,7
780,89.0,add_to_cart,/products,2025-03-19 02:16:21+00:00,Other,11 days 11:46:25,True,8
1244,89.0,PURCHASE,/home,2025-04-10 13:06:51+00:00,Other,22 days 10:50:30,True,9
413,89.0,Page_View,/search,2025-04-11 05:18:04+00:00,Mobile,0 days 16:11:13,True,10
518,89.0,logout,/home,2025-04-23 14:53:48+00:00,Mobile,12 days 09:35:44,True,11
793,89.0,add_to_cart,/product/101,2025-04-27 04:00:00+00:00,Other,3 days 13:06:12,True,12
1068,89.0,search,/products,2025-05-06 02:11:00+00:00,Mobile,8 days 22:11:00,True,13
1151,89.0,click,/orders,2025-05-07 04:58:04+00:00,Desktop,1 days 02:47:04,True,14
564,89.0,click,/search,2025-06-06 20:27:04+00:00,Mobile,30 days 15:29:00,True,15
1941,89.0,add_to_cart,/search,2025-06-18 05:55:34+00:00,Other,11 days 09:28:30,True,16
1005,89.0,page_view,/help,2025-07-09 21:18:23+00:00,Other,21 days 15:22:49,True,17
1253,89.0,LOG OUT,/products,2025-07-12 01:19:00+00:00,Mobile,2 days 04:00:37,True,18
414,90.0,Click,/orders,2025-01-06 09:26:43+00:00,Mobile,,False,0
842,90.0,purchase,/home,2025-01-09 08:17:00+00:00,Desktop,2 days 22:50:17,True,1
670,90.0,ADD TO CART,/help,2025-01-13 05:20:00+00:00,Mobile,3 days 21:03:00,True,2
1454,90.0,pageview,/account,2025-01-17 15:48:00+00:00,Mobile,4 days 10:28:00,True,3
205,90.0,serach,/products,2025-02-09 00:29:00+00:00,Mobile,22 days 08:41:00,True,4
111,90.0,CLICK ,/product/101,2025-03-05 11:25:32+00:00,Desktop,24 days 10:56:32,True,5
1517,90.0,search,/orders,2025-03-21 17:45:20+00:00,Desktop,16 days 06:19:48,True,6
1427,90.0,page_view,/home,2025-04-14 13:27:00+00:00,Other,23 days 19:41:40,True,7
1193,90.0,add_to_cart,/orders,2025-04-26 04:18:00+00:00,Desktop,11 days 14:51:00,True,8
1163,90.0,SEARCH,/orders,2025-05-02 01:17:27+00:00,Other,5 days 20:59:27,True,9
1994,90.0,Click,/product/105,2025-05-16 22:58:00+00:00,Desktop,14 days 21:40:33,True,10
296,90.0, page_view,/search,2025-05-28 16:05:00+00:00,Desktop,11 days 17:07:00,True,11
304,90.0, page_view,/home,2025-06-19 08:42:54+00:00,Other,21 days 16:37:54,True,12
553,90.0,purchase,/products,2025-06-21 14:43:00+00:00,Other,2 days 06:00:06,True,13
1095,90.0, purchase ,/checkout,2025-07-11 21:29:42+00:00,Other,20 days 06:46:42,True,14
371,91.0,Add_To_Cart,/orders,2025-01-04 09:59:00+00:00,Other,,False,0
317,91.0,logout,/search,2025-01-11 07:33:00+00:00,Mobile,6 days 21:34:00,True,1
443,91.0,Search,/search,2025-01-28 05:53:00+00:00,Other,16 days 22:20:00,True,2
492,91.0, purchase ,/products,2025-02-07 03:22:05+00:00,Desktop,9 days 21:29:05,True,3
1510,91.0,search,/products,2025-02-26 22:57:00+00:00,Desktop,19 days 19:34:55,True,4
703,91.0,Add_To_Cart,/account,2025-03-17 10:03:40+00:00,Other,18 days 11:06:40,True,5
965,91.0,CLICK ,/checkout,2025-04-24 10:50:28+00:00,Desktop,38 days 00:46:48,True,6
1424,91.0,pageview,/account,2025-05-17 16:43:00+00:00,Other,23 days 05:52:32,True,7
36,91.0,CLICK ,/cart,2025-05-17 20:22:00+00:00,Other,0 days 03:39:00,True,8
1498,91.0,CLICK ,/home,2025-05-19 10:06:25+00:00,Desktop,1 days 13:44:25,True,9
906,91.0,ADD TO CART,/orders,2025-06-04 06:10:00+00:00,Mobile,15 days 20:03:35,True,10
345,91.0,Logout,/product/101,2025-06-06 10:34:28+00:00,Mobile,2 days 04:24:28,True,11
348,91.0,Purchase,/product/105,2025-06-07 08:58:00+00:00,Mobile,0 days 22:23:32,True,12
1779,91.0,pageview,/product/101,2025-06-17 07:32:28+00:00,Desktop,9 days 22:34:28,True,13
1734,91.0,page_view,/products,2025-06-28 14:20:40+00:00,Other,11 days 06:48:12,True,14
652,91.0,Search,/help,2025-06-28 15:18:57+00:00,Desktop,0 days 00:58:17,True,15
783,92.0,Logout,/product/105,2025-01-20 15:03:13+00:00,Desktop,,False,0
804,92.0,Search,/account,2025-01-21 09:14:00+00:00,Other,0 days 18:10:47,True,1
501,92.0,purchase,/cart,2025-01-21 15:19:09+00:00,Desktop,0 days 06:05:09,True,2
974,92.0,pageview,/cart,2025-01-24 23:12:46+00:00,Mobile,3 days 07:53:37,True,3
963,92.0,serach,/account,2025-01-27 04:54:16+00:00,Mobile,2 days 05:41:30,True,4
1845,92.0,PURCHASE,/product/101,2025-02-12 17:41:00+00:00,Desktop,16 days 12:46:44,True,5
358,92.0, purchase ,/orders,2025-02-14 15:08:12+00:00,Other,1 days 21:27:12,True,6
380,92.0,page_view,/products,2025-03-06 14:01:00+00:00,Mobile,19 days 22:52:48,True,7
1251,92.0,click,/checkout,2025-03-09 10:20:56+00:00,Mobile,2 days 20:19:56,True,8
1727,92.0,ADD TO CART,/home,2025-03-18 06:45:29+00:00,Other,8 days 20:24:33,True,9
1107,92.0,search,/checkout,2025-04-03 22:43:38+00:00,Mobile,16 days 15:58:09,True,10
1640,92.0,Click,/cart,2025-04-06 01:28:52+00:00,Other,2 days 02:45:14,True,11
267,92.0, purchase ,/product/105,2025-04-19 20:15:33+00:00,Desktop,13 days 18:46:41,True,12
899,92.0,PAGEVIEW,/account,2025-05-01 02:00:19+00:00,Desktop,11 days 05:44:46,True,13
1126,92.0,page_view,/product/101,2025-05-14 05:45:15+00:00,Other,13 days 03:44:56,True,14
1423,92.0,page_view,/cart,2025-05-16 08:31:19+00:00,Other,2 days 02:46:04,True,15
394,92.0,PAGEVIEW,/checkout,2025-05-23 07:12:07+00:00,Mobile,6 days 22:40:48,True,16
598,92.0,Purchase,/account,2025-06-08 23:27:00+00:00,Mobile,16 days 16:14:53,True,17
51,92.0,Add_To_Cart,/account,2025-06-12 04:47:00+00:00,Other,3 days 05:20:00,True,18
605,92.0,Search,/search,2025-06-12 16:41:42+00:00,Mobile,0 days 11:54:42,True,19
967,92.0,SEARCH,/search,2025-06-22 09:09:47+00:00,Mobile,9 days 16:28:05,True,20
560,93.0,add-to-cart,/orders,2025-01-02 12:12:21+00:00,Mobile,,False,0
1950,93.0,log_out,/home,2025-01-11 21:45:07+00:00,Mobile,9 days 09:32:46,True,1
943,93.0, page_view,/orders,2025-01-21 10:59:40+00:00,Desktop,9 days 13:14:33,True,2
98,93.0,Add_To_Cart,/cart,2025-01-31 00:21:00+00:00,Desktop,9 days 13:21:20,True,3
1308,93.0,pageview,/home,2025-02-20 07:37:05+00:00,Desktop,20 days 07:16:05,True,4
1951,93.0,SEARCH,/product/105,2025-02-21 21:54:58+00:00,Other,1 days 14:17:53,True,5
213,93.0,ADD TO CART,/product/101,2025-03-02 03:18:39+00:00,Desktop,8 days 05:23:41,True,6
54,93.0,Click,/account,2025-03-10 09:17:31+00:00,Mobile,8 days 05:58:52,True,7
1074,93.0,purchase,/product/105,2025-03-15 17:10:09+00:00,Other,5 days 07:52:38,True,8
203,93.0,LOG OUT,/orders,2025-04-25 15:02:18+00:00,Desktop,40 days 21:52:09,True,9
1098,93.0,clik,/cart,2025-04-26 21:05:51+00:00,Other,1 days 06:03:33,True,10
1800,93.0,page_view,/account,2025-06-06 23:33:27+00:00,Desktop,41 days 02:27:36,True,11
2,93.0,search,/help,2025-06-17 18:36:14+00:00,Mobile,10 days 19:02:47,True,12
1857,93.0,PURCHASE,/search,2025-06-20 16:40:00+00:00,Desktop,2 days 22:03:46,True,13
102,93.0,pageview,/checkout,2025-06-22 01:11:14+00:00,Mobile,1 days 08:31:14,True,14
1665,93.0,Add_To_Cart,/products,2025-07-03 13:51:09+00:00,Mobile,11 days 12:39:55,True,15
286,94.0,add_to_cart,/product/105,2025-01-25 03:46:14+00:00,Other,,False,0
1711,94.0,logout,/products,2025-01-28 11:27:00+00:00,Desktop,3 days 07:40:46,True,1
1580,94.0,pageview,/cart,2025-02-23 11:52:00+00:00,Mobile,26 days 00:25:00,True,2
1473,94.0,click,/product/105,2025-02-28 23:48:00+00:00,Other,5 days 11:56:00,True,3
274,94.0,logout,/cart,2025-03-18 06:23:56+00:00,Desktop,17 days 06:35:56,True,4
1108,94.0,PURCHASE,/search,2025-03-18 15:20:34+00:00,Desktop,0 days 08:56:38,True,5
96,94.0,click,/product/105,2025-04-22 03:29:39+00:00,Mobile,34 days 12:09:05,True,6
931,94.0,log_out,/orders,2025-05-06 21:47:37+00:00,Desktop,14 days 18:17:58,True,7
1605,94.0,CLICK ,/products,2025-05-27 07:48:00+00:00,Other,20 days 10:00:23,True,8
1748,94.0,Purchase,/account,2025-05-28 13:13:11+00:00,Other,1 days 05:25:11,True,9
1686,94.0,logout,/account,2025-05-30 17:01:00+00:00,Other,2 days 03:47:49,True,10
330,94.0,logout,/search,2025-06-04 22:18:27+00:00,Other,5 days 05:17:27,True,11
217,94.0,page_view,/home,2025-06-11 00:52:37+00:00,Other,6 days 02:34:10,True,12
558,94.0,click,/orders,2025-06-24 17:56:29+00:00,Other,13 days 17:03:52,True,13
1676,94.0,Add_To_Cart,/search,2025-07-06 02:33:00+00:00,Mobile,11 days 08:36:31,True,14
1526,94.0,logout,/orders,2025-07-16 10:06:00+00:00,Desktop,10 days 07:33:00,True,15
471,95.0,Search,/account,2025-01-28 05:13:00+00:00,Other,,False,0
918,95.0, page_view,/cart,2025-02-05 18:20:26+00:00,Desktop,8 days 13:07:26,True,1
1866,95.0,add-to-cart,/search,2025-02-14 00:47:00+00:00,Other,8 days 06:26:34,True,2
1925,95.0, purchase ,/search,2025-02-17 11:58:00+00:00,Mobile,3 days 11:11:00,True,3
671,95.0,log_out,/search,2025-03-08 00:43:32+00:00,Mobile,18 days 12:45:32,True,4
1139,95.0,PAGEVIEW,/account,2025-03-18 01:57:00+00:00,Mobile,10 days 01:13:28,True,5
812,95.0,Click,/product/101,2025-03-21 23:59:00+00:00,Desktop,3 days 22:02:00,True,6
390,95.0,add_to_cart,/help,2025-03-24 06:48:02+00:00,Mobile,2 days 06:49:02,True,7
732,95.0,Logout,/home,2025-04-08 15:37:55+00:00,Desktop,15 days 08:49:53,True,8
1110,95.0,purchase,/product/101,2025-04-08 20:09:00+00:00,Mobile,0 days 04:31:05,True,9
638,95.0,Purchase,/help,2025-07-09 19:50:00+00:00,Other,91 days 23:41:00,True,10
127,96.0,ADD TO CART,/product/101,2025-01-23 22:42:40+00:00,Other,,False,0
1085,96.0,clik,/help,2025-02-20 04:26:00+00:00,Desktop,27 days 05:43:20,True,1
190,96.0,SEARCH,/orders,2025-02-21 06:39:00+00:00,Other,1 days 02:13:00,True,2
1931,96.0,Search,/cart,2025-03-26 19:45:41+00:00,Mobile,33 days 13:06:41,True,3
749,96.0,Purchase,/help,2025-03-31 06:12:43+00:00,Mobile,4 days 10:27:02,True,4
441,96.0,LOG OUT,/checkout,2025-05-09 23:39:15+00:00,Mobile,39 days 17:26:32,True,5
1365,96.0,ADD TO CART,/cart,2025-05-15 12:29:00+00:00,Desktop,5 days 12:49:45,True,6
1157,96.0,log_out,/home,2025-05-22 22:54:28+00:00,Other,7 days 10:25:28,True,7
653,96.0,search,/checkout,2025-05-28 03:43:50+00:00,Other,5 days 04:49:22,True,8
1770,96.0, purchase ,/product/105,2025-06-06 00:00:33+00:00,Mobile,8 days 20:16:43,True,9
211,96.0,SEARCH,/product/105,2025-06-15 16:09:10+00:00,Desktop,9 days 16:08:37,True,10
1804,97.0,CLICK ,/help,2025-01-14 23:32:16+00:00,Desktop,,False,0
1824,97.0,Logout,/search,2025-01-16 06:06:00+00:00,Desktop,1 days 06:33:44,True,1
1451,97.0,Search,/product/105,2025-01-28 07:13:30+00:00,Other,12 days 01:07:30,True,2
1280,97.0,add-to-cart,/product/101,2025-02-10 15:24:00+00:00,Other,13 days 08:10:30,True,3
369,97.0,Purchase,/search,2025-02-12 06:36:00+00:00,Mobile,1 days 15:12:00,True,4
699,97.0,log_out,/account,2025-02-22 05:00:10+00:00,Desktop,9 days 22:24:10,True,5
1914,97.0,Purchase,/cart,2025-02-25 10:51:00+00:00,Mobile,3 days 05:50:50,True,6
528,97.0,page_view,/orders,2025-03-03 09:46:27+00:00,Mobile,5 days 22:55:27,True,7
1730,97.0,purchase,/checkout,2025-03-16 14:42:15+00:00,Other,13 days 04:55:48,True,8
1695,97.0,add_to_cart,/home,2025-03-17 09:16:08+00:00,Mobile,0 days 18:33:53,True,9
370,97.0,Page_View,/search,2025-03-19 15:47:48+00:00,Desktop,2 days 06:31:40,True,10
1020,97.0,log_out,/product/105,2025-04-13 09:24:57+00:00,Other,24 days 17:37:09,True,11
244,97.0, purchase ,/help,2025-05-04 03:16:00+00:00,Desktop,20 days 17:51:03,True,12
256,97.0,click,/home,2025-05-12 18:03:30+00:00,Desktop,8 days 14:47:30,True,13
641,97.0,search,/products,2025-07-03 00:10:00+00:00,Other,51 days 06:06:30,True,14
375,97.0,Purchase,/checkout,2025-07-05 11:08:44+00:00,Mobile,2 days 10:58:44,True,15
475,97.0,Click,/search,2025-07-16 20:26:50+00:00,Desktop,11 days 09:18:06,True,16
1156,98.0,PURCHASE,/orders,2025-03-04 23:53:45+00:00,Mobile,,False,0
1776,98.0,Add_To_Cart,/home,2025-03-08 21:00:00+00:00,Desktop,3 days 21:06:15,True,1
343,98.0,CLICK ,/product/105,2025-03-12 17:20:00+00:00,Mobile,3 days 20:20:00,True,2
1987,98.0,clik,/search,2025-04-06 18:59:00+00:00,Mobile,25 days 01:39:00,True,3
1594,98.0,add-to-cart,/search,2025-04-24 08:08:09+00:00,Desktop,17 days 13:09:09,True,4
1812,98.0,add-to-cart,/cart,2025-05-01 00:24:00+00:00,Other,6 days 16:15:51,True,5
751,98.0,clik,/account,2025-05-22 19:10:00+00:00,Other,21 days 18:46:00,True,6
395,98.0,Logout,/search,2025-06-18 06:17:03+00:00,Mobile,26 days 11:07:03,True,7
1901,99.0,clik,/products,2025-01-02 17:27:00+00:00,Desktop,,False,0
93,99.0,logout,/home,2025-01-11 01:50:25+00:00,Desktop,8 days 08:23:25,True,1
219,99.0,Add_To_Cart,/search,2025-01-24 12:23:32+00:00,Desktop,13 days 10:33:07,True,2
1327,99.0,Add_To_Cart,/product/101,2025-01-28 05:53:49+00:00,Desktop,3 days 17:30:17,True,3
709,99.0,click,/home,2025-01-28 17:47:00+00:00,Mobile,0 days 11:53:11,True,4
908,99.0,serach,/product/105,2025-02-18 12:23:11+00:00,Mobile,20 days 18:36:11,True,5
266,99.0,Add_To_Cart,/home,2025-02-18 13:56:00+00:00,Other,0 days 01:32:49,True,6
6,99.0,SEARCH,/help,2025-03-05 08:35:19+00:00,Desktop,14 days 18:39:19,True,7
233,99.0,PAGEVIEW,/help,2025-04-15 08:12:00+00:00,Mobile,40 days 23:36:41,True,8
940,99.0,LOG OUT,/product/101,2025-04-17 00:28:00+00:00,Mobile,1 days 16:16:00,True,9
290,99.0,SEARCH,/checkout,2025-04-25 12:00:46+00:00,Desktop,8 days 11:32:46,True,10
465,99.0,logout,/orders,2025-04-29 04:15:09+00:00,Desktop,3 days 16:14:23,True,11
393,99.0,Click,/product/101,2025-05-14 14:26:15+00:00,Mobile,15 days 10:11:06,True,12
30,99.0,Add_To_Cart,/cart,2025-06-19 16:14:00+00:00,Desktop,36 days 01:47:45,True,13
1242,99.0,log_out,/orders,2025-06-21 19:17:50+00:00,Other,2 days 03:03:50,True,14
1328,100.0,purchase,/account,2025-01-06 17:30:00+00:00,Mobile,,False,0
1437,100.0,click,/products,2025-01-06 23:53:34+00:00,Desktop,0 days 06:23:34,True,1
1445,100.0,log_out,/product/101,2025-01-12 19:59:26+00:00,Desktop,5 days 20:05:52,True,2
1521,100.0,log_out,/product/105,2025-01-18 14:57:18+00:00,Other,5 days 18:57:52,True,3
476,100.0, purchase ,/checkout,2025-01-26 05:44:16+00:00,Mobile,7 days 14:46:58,True,4
735,100.0,Click,/help,2025-02-09 18:40:31+00:00,Mobile,14 days 12:56:15,True,5
1297,100.0,Logout,/product/101,2025-03-10 01:59:00+00:00,Desktop,28 days 07:18:29,True,6
281,100.0,Purchase,/home,2025-04-04 19:15:20+00:00,Mobile,25 days 17:16:20,True,7
1564,100.0,ADD TO CART,/home,2025-04-21 12:12:00+00:00,Desktop,16 days 16:56:40,True,8
110,100.0,Click,/account,2025-06-11 20:05:37+00:00,Desktop,51 days 07:53:37,True,9
1338,100.0,Search,/help,2025-06-14 13:40:09+00:00,Other,2 days 17:34:32,True,10
962,100.0,logout,/search,2025-07-05 01:18:00+00:00,Mobile,20 days 11:37:51,True,11
