[0m12:23:23.197362 [debug] [MainThread]: Sending event: {'category': 'dbt', 'action': 'invocation', 'label': 'start', 'context': [<snowplow_tracker.self_describing_json.SelfDescribingJson object at 0x000001A25C32D2B0>, <snowplow_tracker.self_describing_json.SelfDescribingJson object at 0x000001A25EA83ED0>, <snowplow_tracker.self_describing_json.SelfDescribingJson object at 0x000001A25EA83750>]}


============================== 12:23:23.203377 | 2ceb48a1-0f52-43c7-8448-3b71075a74f7 ==============================
[0m12:23:23.203377 [info ] [MainThread]: Running with dbt=1.12.0
[0m12:23:23.205326 [debug] [MainThread]: running dbt with arguments {'maximum_seed_size_mib': '1', 'no_print': 'None', 'static_parser': 'True', 'target_path': 'None', 'warn_error_options': 'WarnErrorOptionsV2(error=[], warn=[], silence=[])', 'version_check': 'True', 'printer_width': '80', 'write_json': 'True', 'empty': 'False', 'log_cache_events': 'False', 'introspect': 'True', 'cache_selected_only': 'False', 'fail_fast': 'False', 'debug': 'False', 'log_format': 'default', 'profiles_dir': 'C:\\Users\\ganas\\.dbt', 'send_anonymous_usage_stats': 'True', 'quiet': 'False', 'warn_error': 'None', 'partial_parse': 'True', 'invocation_command': 'dbt seed', 'hints_enabled': 'True', 'indirect_selection': 'eager', 'use_experimental_parser': 'False', 'use_colors': 'True', 'log_path': 'C:\\dbt_demo\\customer_revenue_analytics_lab1\\logs'}
[0m12:23:23.572440 [debug] [MainThread]: Sending event: {'category': 'dbt', 'action': 'project_id', 'label': '2ceb48a1-0f52-43c7-8448-3b71075a74f7', 'context': [<snowplow_tracker.self_describing_json.SelfDescribingJson object at 0x000001A25CA0DA70>]}
[0m12:23:23.679746 [debug] [MainThread]: Sending event: {'category': 'dbt', 'action': 'adapter_info', 'label': '2ceb48a1-0f52-43c7-8448-3b71075a74f7', 'context': [<snowplow_tracker.self_describing_json.SelfDescribingJson object at 0x000001A25EC03020>]}
[0m12:23:23.683293 [info ] [MainThread]: Registered adapter: duckdb=1.10.1
[0m12:23:23.986244 [debug] [MainThread]: checksum: 024111baf3b4c807d28d4840b1322898270ef1207e9b5c8ecf6ac433743b0014, vars: {}, profile: customer_revenue_analytics_lab1, target: dev, version: 1.12.0
[0m12:23:23.987864 [info ] [MainThread]: Unable to do partial parsing because saved manifest not found. Starting full parse.
[0m12:23:23.988903 [debug] [MainThread]: Sending event: {'category': 'dbt', 'action': 'partial_parser', 'label': '2ceb48a1-0f52-43c7-8448-3b71075a74f7', 'context': [<snowplow_tracker.self_describing_json.SelfDescribingJson object at 0x000001A25EB77550>]}
[0m12:23:26.530167 [debug] [MainThread]: Sending event: {'category': 'dbt', 'action': 'load_project', 'label': '2ceb48a1-0f52-43c7-8448-3b71075a74f7', 'context': [<snowplow_tracker.self_describing_json.SelfDescribingJson object at 0x000001A25E873E30>]}
[0m12:23:26.764147 [debug] [MainThread]: Wrote artifact WritableManifest to C:\dbt_demo\customer_revenue_analytics_lab1\target\manifest.json
[0m12:23:26.775947 [debug] [MainThread]: Wrote artifact SemanticManifest to C:\dbt_demo\customer_revenue_analytics_lab1\target\semantic_manifest.json
[0m12:23:26.810925 [debug] [MainThread]: Wrote artifact OsiDocument to C:\dbt_demo\customer_revenue_analytics_lab1\target\osi_document.json
[0m12:23:26.829157 [debug] [MainThread]: Sending event: {'category': 'dbt', 'action': 'resource_counts', 'label': '2ceb48a1-0f52-43c7-8448-3b71075a74f7', 'context': [<snowplow_tracker.self_describing_json.SelfDescribingJson object at 0x000001A25F55EB30>]}
[0m12:23:26.830103 [info ] [MainThread]: Found 2 models, 1 seed, 4 data tests, 486 macros
[0m12:23:26.830859 [debug] [MainThread]: Sending event: {'category': 'dbt', 'action': 'runnable_timing', 'label': '2ceb48a1-0f52-43c7-8448-3b71075a74f7', 'context': [<snowplow_tracker.self_describing_json.SelfDescribingJson object at 0x000001A260A3EF70>]}
[0m12:23:26.833343 [info ] [MainThread]: 
[0m12:23:26.834106 [info ] [MainThread]: Concurrency: 1 threads (target='dev')
[0m12:23:26.834797 [info ] [MainThread]: 
[0m12:23:26.835883 [debug] [MainThread]: Acquiring new duckdb connection 'master'
[0m12:23:26.837898 [debug] [ThreadPool]: Acquiring new duckdb connection 'list_dev'
[0m12:23:26.927547 [debug] [ThreadPool]: Using duckdb connection "list_dev"
[0m12:23:26.928274 [debug] [ThreadPool]: On list_dev: /* {"app": "dbt", "dbt_version": "1.12.0", "profile_name": "customer_revenue_analytics_lab1", "target_name": "dev", "connection_name": "list_dev"} */

    
    select schema_name
    from system.information_schema.schemata
    
    where lower(catalog_name) = '"dev"'
    
  
  
[0m12:23:26.928893 [debug] [ThreadPool]: Opening a new connection, currently in state init
[0m12:23:26.954131 [debug] [ThreadPool]: SQL status: OK in 0.025 seconds
[0m12:23:26.957164 [debug] [ThreadPool]: On list_dev: Close
[0m12:23:26.960133 [debug] [ThreadPool]: Re-using an available connection from the pool (formerly list_dev, now create_dev_main)
[0m12:23:26.961142 [debug] [ThreadPool]: Creating schema "database: "dev"
schema: "main"
"
[0m12:23:26.970934 [debug] [ThreadPool]: Using duckdb connection "create_dev_main"
[0m12:23:26.971435 [debug] [ThreadPool]: On create_dev_main: /* {"app": "dbt", "dbt_version": "1.12.0", "profile_name": "customer_revenue_analytics_lab1", "target_name": "dev", "connection_name": "create_dev_main"} */

    
        select type from duckdb_databases()
        where lower(database_name)='dev'
        and type='sqlite'
    
  
[0m12:23:26.971816 [debug] [ThreadPool]: Opening a new connection, currently in state closed
[0m12:23:26.973142 [debug] [ThreadPool]: SQL status: OK in 0.001 seconds
[0m12:23:26.974692 [debug] [ThreadPool]: Using duckdb connection "create_dev_main"
[0m12:23:26.975122 [debug] [ThreadPool]: On create_dev_main: BEGIN
[0m12:23:26.975801 [debug] [ThreadPool]: SQL status: OK in 0.000 seconds
[0m12:23:26.976161 [debug] [ThreadPool]: Using duckdb connection "create_dev_main"
[0m12:23:26.976463 [debug] [ThreadPool]: On create_dev_main: /* {"app": "dbt", "dbt_version": "1.12.0", "profile_name": "customer_revenue_analytics_lab1", "target_name": "dev", "connection_name": "create_dev_main"} */

    
    
        create schema if not exists "dev"."main"
    
[0m12:23:26.977093 [debug] [ThreadPool]: SQL status: OK in 0.000 seconds
[0m12:23:26.978075 [debug] [ThreadPool]: On create_dev_main: COMMIT
[0m12:23:26.978559 [debug] [ThreadPool]: Using duckdb connection "create_dev_main"
[0m12:23:26.979008 [debug] [ThreadPool]: On create_dev_main: COMMIT
[0m12:23:26.980053 [debug] [ThreadPool]: SQL status: OK in 0.000 seconds
[0m12:23:26.980628 [debug] [ThreadPool]: On create_dev_main: Close
[0m12:23:26.991931 [debug] [ThreadPool]: Acquiring new duckdb connection 'list_dev_main'
[0m12:23:26.999674 [debug] [ThreadPool]: Using duckdb connection "list_dev_main"
[0m12:23:27.000418 [debug] [ThreadPool]: On list_dev_main: BEGIN
[0m12:23:27.000872 [debug] [ThreadPool]: Opening a new connection, currently in state init
[0m12:23:27.001763 [debug] [ThreadPool]: SQL status: OK in 0.001 seconds
[0m12:23:27.002291 [debug] [ThreadPool]: Using duckdb connection "list_dev_main"
[0m12:23:27.002720 [debug] [ThreadPool]: On list_dev_main: /* {"app": "dbt", "dbt_version": "1.12.0", "profile_name": "customer_revenue_analytics_lab1", "target_name": "dev", "connection_name": "list_dev_main"} */
select
      'dev' as database,
      table_name as name,
      table_schema as schema,
      CASE table_type
        WHEN 'BASE TABLE' THEN 'table'
        WHEN 'VIEW' THEN 'view'
        WHEN 'LOCAL TEMPORARY' THEN 'table'
        END as type
    from system.information_schema.tables
    where lower(table_schema) = 'main'
    and lower(table_catalog) = 'dev'
  
[0m12:23:27.008458 [debug] [ThreadPool]: SQL status: OK in 0.005 seconds
[0m12:23:27.010738 [debug] [ThreadPool]: On list_dev_main: ROLLBACK
[0m12:23:27.012214 [debug] [ThreadPool]: Failed to rollback 'list_dev_main'
[0m12:23:27.012747 [debug] [ThreadPool]: On list_dev_main: Close
[0m12:23:27.014094 [debug] [MainThread]: Sending event: {'category': 'dbt', 'action': 'runnable_timing', 'label': '2ceb48a1-0f52-43c7-8448-3b71075a74f7', 'context': [<snowplow_tracker.self_describing_json.SelfDescribingJson object at 0x000001A260BE4B90>]}
[0m12:23:27.014851 [debug] [MainThread]: Using duckdb connection "master"
[0m12:23:27.015687 [debug] [MainThread]: On master: BEGIN
[0m12:23:27.016159 [debug] [MainThread]: Opening a new connection, currently in state init
[0m12:23:27.017013 [debug] [MainThread]: SQL status: OK in 0.001 seconds
[0m12:23:27.017591 [debug] [MainThread]: On master: COMMIT
[0m12:23:27.018095 [debug] [MainThread]: Using duckdb connection "master"
[0m12:23:27.018585 [debug] [MainThread]: On master: COMMIT
[0m12:23:27.019548 [debug] [MainThread]: SQL status: OK in 0.000 seconds
[0m12:23:27.020213 [debug] [MainThread]: On master: Close
[0m12:23:27.025155 [debug] [Thread-1 (]: Began running node seed.customer_revenue_analytics_lab1.sales_data
[0m12:23:27.026064 [info ] [Thread-1 (]: 1 of 1 START seed file main.sales_data ......................................... [RUN]
[0m12:23:27.027278 [debug] [Thread-1 (]: Acquiring new duckdb connection 'seed.customer_revenue_analytics_lab1.sales_data'
[0m12:23:27.028380 [debug] [Thread-1 (]: Began compiling node seed.customer_revenue_analytics_lab1.sales_data
[0m12:23:27.029251 [debug] [Thread-1 (]: Began executing node seed.customer_revenue_analytics_lab1.sales_data
[0m12:23:27.078650 [debug] [Thread-1 (]: Using duckdb connection "seed.customer_revenue_analytics_lab1.sales_data"
[0m12:23:27.079709 [debug] [Thread-1 (]: On seed.customer_revenue_analytics_lab1.sales_data: BEGIN
[0m12:23:27.080487 [debug] [Thread-1 (]: Opening a new connection, currently in state init
[0m12:23:27.081921 [debug] [Thread-1 (]: SQL status: OK in 0.001 seconds
[0m12:23:27.082534 [debug] [Thread-1 (]: Using duckdb connection "seed.customer_revenue_analytics_lab1.sales_data"
[0m12:23:27.083083 [debug] [Thread-1 (]: On seed.customer_revenue_analytics_lab1.sales_data: /* {"app": "dbt", "dbt_version": "1.12.0", "profile_name": "customer_revenue_analytics_lab1", "target_name": "dev", "node_id": "seed.customer_revenue_analytics_lab1.sales_data"} */

    create table "dev"."main"."sales_data" ("order_id" integer,"customer" text,"product" text,"amount" integer)
  
[0m12:23:27.084495 [debug] [Thread-1 (]: SQL status: OK in 0.001 seconds
[0m12:23:27.105376 [debug] [Thread-1 (]: Using duckdb connection "seed.customer_revenue_analytics_lab1.sales_data"
[0m12:23:27.106457 [debug] [Thread-1 (]: On seed.customer_revenue_analytics_lab1.sales_data: 
          COPY "dev"."main"."sales_data" FROM 'C:\dbt_demo\customer_revenue_analytics_lab1\seeds\sales_data.csv' (FORMAT CSV, HEADER TRUE, DELIMITER ',')
        ...
[0m12:23:27.114708 [debug] [Thread-1 (]: SQL status: OK in 0.007 seconds
[0m12:23:27.124985 [debug] [Thread-1 (]: Writing runtime SQL for node "seed.customer_revenue_analytics_lab1.sales_data"
[0m12:23:27.161067 [debug] [Thread-1 (]: On seed.customer_revenue_analytics_lab1.sales_data: COMMIT
[0m12:23:27.161990 [debug] [Thread-1 (]: Using duckdb connection "seed.customer_revenue_analytics_lab1.sales_data"
[0m12:23:27.162694 [debug] [Thread-1 (]: On seed.customer_revenue_analytics_lab1.sales_data: COMMIT
[0m12:23:27.166136 [debug] [Thread-1 (]: SQL status: OK in 0.003 seconds
[0m12:23:27.170187 [debug] [Thread-1 (]: On seed.customer_revenue_analytics_lab1.sales_data: Close
[0m12:23:27.173881 [debug] [Thread-1 (]: Sending event: {'category': 'dbt', 'action': 'run_model', 'label': '2ceb48a1-0f52-43c7-8448-3b71075a74f7', 'context': [<snowplow_tracker.self_describing_json.SelfDescribingJson object at 0x000001A26098DBD0>]}
[0m12:23:27.174795 [info ] [Thread-1 (]: 1 of 1 OK loaded seed file main.sales_data ..................................... [[32mINSERT 5[0m in 0.14s]
[0m12:23:27.176646 [debug] [Thread-1 (]: Finished running node seed.customer_revenue_analytics_lab1.sales_data
[0m12:23:27.178838 [debug] [MainThread]: Using duckdb connection "master"
[0m12:23:27.179398 [debug] [MainThread]: On master: BEGIN
[0m12:23:27.179921 [debug] [MainThread]: Opening a new connection, currently in state closed
[0m12:23:27.180935 [debug] [MainThread]: SQL status: OK in 0.001 seconds
[0m12:23:27.181477 [debug] [MainThread]: On master: COMMIT
[0m12:23:27.181948 [debug] [MainThread]: Using duckdb connection "master"
[0m12:23:27.182369 [debug] [MainThread]: On master: COMMIT
[0m12:23:27.183390 [debug] [MainThread]: SQL status: OK in 0.001 seconds
[0m12:23:27.183981 [debug] [MainThread]: On master: Close
[0m12:23:27.184742 [debug] [MainThread]: Connection 'master' was properly closed.
[0m12:23:27.185490 [debug] [MainThread]: Connection 'create_dev_main' was properly closed.
[0m12:23:27.186194 [debug] [MainThread]: Connection 'list_dev_main' was properly closed.
[0m12:23:27.186731 [debug] [MainThread]: Connection 'seed.customer_revenue_analytics_lab1.sales_data' was properly closed.
[0m12:23:27.187676 [info ] [MainThread]: 
[0m12:23:27.189411 [info ] [MainThread]: Finished running 1 seed in 0 hours 0 minutes and 0.35 seconds (0.35s).
[0m12:23:27.191195 [debug] [MainThread]: Command end result
[0m12:23:27.252467 [debug] [MainThread]: Wrote artifact WritableManifest to C:\dbt_demo\customer_revenue_analytics_lab1\target\manifest.json
[0m12:23:27.258633 [debug] [MainThread]: Wrote artifact SemanticManifest to C:\dbt_demo\customer_revenue_analytics_lab1\target\semantic_manifest.json
[0m12:23:27.265249 [debug] [MainThread]: Wrote artifact OsiDocument to C:\dbt_demo\customer_revenue_analytics_lab1\target\osi_document.json
[0m12:23:27.276623 [debug] [MainThread]: Wrote artifact RunExecutionResult to C:\dbt_demo\customer_revenue_analytics_lab1\target\run_results.json
[0m12:23:27.277196 [info ] [MainThread]: 
[0m12:23:27.278096 [info ] [MainThread]: [32mCompleted successfully[0m
[0m12:23:27.280357 [info ] [MainThread]: 
[0m12:23:27.282043 [info ] [MainThread]: Done. PASS=1 WARN=0 ERROR=0 SKIP=0 NO-OP=0 REUSED=0 TOTAL=1
[0m12:23:27.286142 [debug] [MainThread]: Command `dbt seed` succeeded at 12:23:27.285901 after 4.35 seconds
[0m12:23:27.286801 [debug] [MainThread]: Sending event: {'category': 'dbt', 'action': 'invocation', 'label': 'end', 'context': [<snowplow_tracker.self_describing_json.SelfDescribingJson object at 0x000001A25F5CF070>, <snowplow_tracker.self_describing_json.SelfDescribingJson object at 0x000001A260CA3C80>, <snowplow_tracker.self_describing_json.SelfDescribingJson object at 0x000001A2609F5950>]}
[0m12:23:27.287402 [debug] [MainThread]: Flushing usage events
[0m12:23:28.282468 [debug] [MainThread]: An error was encountered while trying to flush usage events
[0m12:29:58.797169 [debug] [MainThread]: Sending event: {'category': 'dbt', 'action': 'invocation', 'label': 'start', 'context': [<snowplow_tracker.self_describing_json.SelfDescribingJson object at 0x00000295A249D2B0>, <snowplow_tracker.self_describing_json.SelfDescribingJson object at 0x00000295A4C03ED0>, <snowplow_tracker.self_describing_json.SelfDescribingJson object at 0x00000295A4C03750>]}


============================== 12:29:58.804503 | 87cecb40-54a7-4db8-b4cc-a8ce18f9e990 ==============================
[0m12:29:58.804503 [info ] [MainThread]: Running with dbt=1.12.0
[0m12:29:58.805515 [debug] [MainThread]: running dbt with arguments {'maximum_seed_size_mib': '1', 'no_print': 'None', 'static_parser': 'True', 'target_path': 'None', 'warn_error_options': 'WarnErrorOptionsV2(error=[], warn=[], silence=[])', 'version_check': 'True', 'printer_width': '80', 'write_json': 'True', 'introspect': 'True', 'log_cache_events': 'False', 'empty': 'False', 'cache_selected_only': 'False', 'fail_fast': 'False', 'debug': 'False', 'log_format': 'default', 'partial_parse': 'True', 'send_anonymous_usage_stats': 'True', 'quiet': 'False', 'warn_error': 'None', 'profiles_dir': 'C:\\Users\\ganas\\.dbt', 'use_colors': 'True', 'hints_enabled': 'True', 'indirect_selection': 'eager', 'use_experimental_parser': 'False', 'invocation_command': 'dbt run', 'log_path': 'C:\\dbt_demo\\customer_revenue_analytics_lab1\\logs'}
[0m12:29:59.218154 [debug] [MainThread]: Sending event: {'category': 'dbt', 'action': 'project_id', 'label': '87cecb40-54a7-4db8-b4cc-a8ce18f9e990', 'context': [<snowplow_tracker.self_describing_json.SelfDescribingJson object at 0x00000295A2B95A70>]}
[0m12:29:59.318073 [debug] [MainThread]: Sending event: {'category': 'dbt', 'action': 'adapter_info', 'label': '87cecb40-54a7-4db8-b4cc-a8ce18f9e990', 'context': [<snowplow_tracker.self_describing_json.SelfDescribingJson object at 0x00000295A4D83020>]}
[0m12:29:59.321396 [info ] [MainThread]: Registered adapter: duckdb=1.10.1
[0m12:29:59.612968 [debug] [MainThread]: checksum: 024111baf3b4c807d28d4840b1322898270ef1207e9b5c8ecf6ac433743b0014, vars: {}, profile: customer_revenue_analytics_lab1, target: dev, version: 1.12.0
[0m12:29:59.927723 [debug] [MainThread]: Partial parsing enabled: 0 files deleted, 1 files added, 0 files changed.
[0m12:29:59.928506 [debug] [MainThread]: Partial parsing: added file: customer_revenue_analytics_lab1://models\example\customer_sales.sql
[0m12:30:00.443350 [debug] [MainThread]: Sending event: {'category': 'dbt', 'action': 'load_project', 'label': '87cecb40-54a7-4db8-b4cc-a8ce18f9e990', 'context': [<snowplow_tracker.self_describing_json.SelfDescribingJson object at 0x00000295A5463650>]}
[0m12:30:00.579110 [debug] [MainThread]: Wrote artifact WritableManifest to C:\dbt_demo\customer_revenue_analytics_lab1\target\manifest.json
[0m12:30:00.584594 [debug] [MainThread]: Wrote artifact SemanticManifest to C:\dbt_demo\customer_revenue_analytics_lab1\target\semantic_manifest.json
[0m12:30:00.614206 [debug] [MainThread]: Wrote artifact OsiDocument to C:\dbt_demo\customer_revenue_analytics_lab1\target\osi_document.json
[0m12:30:00.631113 [debug] [MainThread]: Sending event: {'category': 'dbt', 'action': 'resource_counts', 'label': '87cecb40-54a7-4db8-b4cc-a8ce18f9e990', 'context': [<snowplow_tracker.self_describing_json.SelfDescribingJson object at 0x00000295A57946E0>]}
[0m12:30:00.631877 [info ] [MainThread]: Found 3 models, 1 seed, 4 data tests, 486 macros
[0m12:30:00.632643 [debug] [MainThread]: Sending event: {'category': 'dbt', 'action': 'runnable_timing', 'label': '87cecb40-54a7-4db8-b4cc-a8ce18f9e990', 'context': [<snowplow_tracker.self_describing_json.SelfDescribingJson object at 0x00000295A5737A10>]}
[0m12:30:00.635962 [info ] [MainThread]: 
[0m12:30:00.636761 [info ] [MainThread]: Concurrency: 1 threads (target='dev')
[0m12:30:00.637594 [info ] [MainThread]: 
[0m12:30:00.639484 [debug] [MainThread]: Acquiring new duckdb connection 'master'
[0m12:30:00.648721 [debug] [ThreadPool]: Acquiring new duckdb connection 'list_dev'
[0m12:30:00.733219 [debug] [ThreadPool]: Using duckdb connection "list_dev"
[0m12:30:00.733829 [debug] [ThreadPool]: On list_dev: /* {"app": "dbt", "dbt_version": "1.12.0", "profile_name": "customer_revenue_analytics_lab1", "target_name": "dev", "connection_name": "list_dev"} */

    
    select schema_name
    from system.information_schema.schemata
    
    where lower(catalog_name) = '"dev"'
    
  
  
[0m12:30:00.734179 [debug] [ThreadPool]: Opening a new connection, currently in state init
[0m12:30:00.757532 [debug] [ThreadPool]: SQL status: OK in 0.023 seconds
[0m12:30:00.759339 [debug] [ThreadPool]: On list_dev: Close
[0m12:30:00.760804 [debug] [ThreadPool]: Re-using an available connection from the pool (formerly list_dev, now create_dev_main)
[0m12:30:00.761455 [debug] [ThreadPool]: Creating schema "database: "dev"
schema: "main"
"
[0m12:30:00.770999 [debug] [ThreadPool]: Using duckdb connection "create_dev_main"
[0m12:30:00.771455 [debug] [ThreadPool]: On create_dev_main: /* {"app": "dbt", "dbt_version": "1.12.0", "profile_name": "customer_revenue_analytics_lab1", "target_name": "dev", "connection_name": "create_dev_main"} */

    
        select type from duckdb_databases()
        where lower(database_name)='dev'
        and type='sqlite'
    
  
[0m12:30:00.771900 [debug] [ThreadPool]: Opening a new connection, currently in state closed
[0m12:30:00.773447 [debug] [ThreadPool]: SQL status: OK in 0.001 seconds
[0m12:30:00.775102 [debug] [ThreadPool]: Using duckdb connection "create_dev_main"
[0m12:30:00.775693 [debug] [ThreadPool]: On create_dev_main: BEGIN
[0m12:30:00.776393 [debug] [ThreadPool]: SQL status: OK in 0.000 seconds
[0m12:30:00.776956 [debug] [ThreadPool]: Using duckdb connection "create_dev_main"
[0m12:30:00.777668 [debug] [ThreadPool]: On create_dev_main: /* {"app": "dbt", "dbt_version": "1.12.0", "profile_name": "customer_revenue_analytics_lab1", "target_name": "dev", "connection_name": "create_dev_main"} */

    
    
        create schema if not exists "dev"."main"
    
[0m12:30:00.778652 [debug] [ThreadPool]: SQL status: OK in 0.000 seconds
[0m12:30:00.780224 [debug] [ThreadPool]: On create_dev_main: COMMIT
[0m12:30:00.780707 [debug] [ThreadPool]: Using duckdb connection "create_dev_main"
[0m12:30:00.781053 [debug] [ThreadPool]: On create_dev_main: COMMIT
[0m12:30:00.782082 [debug] [ThreadPool]: SQL status: OK in 0.000 seconds
[0m12:30:00.782688 [debug] [ThreadPool]: On create_dev_main: Close
[0m12:30:00.786486 [debug] [ThreadPool]: Acquiring new duckdb connection 'list_dev_main'
[0m12:30:00.797902 [debug] [ThreadPool]: Using duckdb connection "list_dev_main"
[0m12:30:00.798435 [debug] [ThreadPool]: On list_dev_main: BEGIN
[0m12:30:00.798964 [debug] [ThreadPool]: Opening a new connection, currently in state init
[0m12:30:00.800910 [debug] [ThreadPool]: SQL status: OK in 0.002 seconds
[0m12:30:00.801327 [debug] [ThreadPool]: Using duckdb connection "list_dev_main"
[0m12:30:00.801716 [debug] [ThreadPool]: On list_dev_main: /* {"app": "dbt", "dbt_version": "1.12.0", "profile_name": "customer_revenue_analytics_lab1", "target_name": "dev", "connection_name": "list_dev_main"} */
select
      'dev' as database,
      table_name as name,
      table_schema as schema,
      CASE table_type
        WHEN 'BASE TABLE' THEN 'table'
        WHEN 'VIEW' THEN 'view'
        WHEN 'LOCAL TEMPORARY' THEN 'table'
        END as type
    from system.information_schema.tables
    where lower(table_schema) = 'main'
    and lower(table_catalog) = 'dev'
  
[0m12:30:00.810019 [debug] [ThreadPool]: SQL status: OK in 0.008 seconds
[0m12:30:00.812880 [debug] [ThreadPool]: On list_dev_main: ROLLBACK
[0m12:30:00.814633 [debug] [ThreadPool]: Failed to rollback 'list_dev_main'
[0m12:30:00.815084 [debug] [ThreadPool]: On list_dev_main: Close
[0m12:30:00.816456 [debug] [MainThread]: Sending event: {'category': 'dbt', 'action': 'runnable_timing', 'label': '87cecb40-54a7-4db8-b4cc-a8ce18f9e990', 'context': [<snowplow_tracker.self_describing_json.SelfDescribingJson object at 0x00000295A54DBA00>]}
[0m12:30:00.817044 [debug] [MainThread]: Using duckdb connection "master"
[0m12:30:00.817404 [debug] [MainThread]: On master: BEGIN
[0m12:30:00.817715 [debug] [MainThread]: Opening a new connection, currently in state init
[0m12:30:00.818476 [debug] [MainThread]: SQL status: OK in 0.001 seconds
[0m12:30:00.818888 [debug] [MainThread]: On master: COMMIT
[0m12:30:00.819575 [debug] [MainThread]: Using duckdb connection "master"
[0m12:30:00.820206 [debug] [MainThread]: On master: COMMIT
[0m12:30:00.821053 [debug] [MainThread]: SQL status: OK in 0.000 seconds
[0m12:30:00.821455 [debug] [MainThread]: On master: Close
[0m12:30:00.825143 [debug] [Thread-1 (]: Began running node model.customer_revenue_analytics_lab1.customer_sales
[0m12:30:00.825946 [info ] [Thread-1 (]: 1 of 3 START sql view model main.customer_sales ................................ [RUN]
[0m12:30:00.827026 [debug] [Thread-1 (]: Acquiring new duckdb connection 'model.customer_revenue_analytics_lab1.customer_sales'
[0m12:30:00.827646 [debug] [Thread-1 (]: Began compiling node model.customer_revenue_analytics_lab1.customer_sales
[0m12:30:00.836185 [debug] [Thread-1 (]: Writing injected SQL for node "model.customer_revenue_analytics_lab1.customer_sales"
[0m12:30:00.839836 [debug] [Thread-1 (]: Began executing node model.customer_revenue_analytics_lab1.customer_sales
[0m12:30:00.887508 [debug] [Thread-1 (]: Writing runtime sql for node "model.customer_revenue_analytics_lab1.customer_sales"
[0m12:30:00.890920 [debug] [Thread-1 (]: Using duckdb connection "model.customer_revenue_analytics_lab1.customer_sales"
[0m12:30:00.891705 [debug] [Thread-1 (]: On model.customer_revenue_analytics_lab1.customer_sales: BEGIN
[0m12:30:00.892315 [debug] [Thread-1 (]: Opening a new connection, currently in state init
[0m12:30:00.893599 [debug] [Thread-1 (]: SQL status: OK in 0.001 seconds
[0m12:30:00.894085 [debug] [Thread-1 (]: Using duckdb connection "model.customer_revenue_analytics_lab1.customer_sales"
[0m12:30:00.894553 [debug] [Thread-1 (]: On model.customer_revenue_analytics_lab1.customer_sales: /* {"app": "dbt", "dbt_version": "1.12.0", "profile_name": "customer_revenue_analytics_lab1", "target_name": "dev", "node_id": "model.customer_revenue_analytics_lab1.customer_sales"} */

  
  create view "dev"."main"."customer_sales__dbt_tmp" as (
    SELECT
     customer,
     COUNT(order_id) AS total_orders_count,
     SUM(amount) AS total_spending,
     AVG(amount) AS average_order_value,
     SUM(amount) AS revenue
FROM "dev"."main"."sales_data"
GROUP BY customer
ORDER BY revenue DESC
  );

[0m12:30:00.896065 [debug] [Thread-1 (]: SQL status: OK in 0.001 seconds
[0m12:30:00.903683 [debug] [Thread-1 (]: Using duckdb connection "model.customer_revenue_analytics_lab1.customer_sales"
[0m12:30:00.904362 [debug] [Thread-1 (]: On model.customer_revenue_analytics_lab1.customer_sales: /* {"app": "dbt", "dbt_version": "1.12.0", "profile_name": "customer_revenue_analytics_lab1", "target_name": "dev", "node_id": "model.customer_revenue_analytics_lab1.customer_sales"} */
alter view "dev"."main"."customer_sales__dbt_tmp" rename to "customer_sales"
[0m12:30:00.905644 [debug] [Thread-1 (]: SQL status: OK in 0.000 seconds
[0m12:30:00.923684 [debug] [Thread-1 (]: On model.customer_revenue_analytics_lab1.customer_sales: COMMIT
[0m12:30:00.924415 [debug] [Thread-1 (]: Using duckdb connection "model.customer_revenue_analytics_lab1.customer_sales"
[0m12:30:00.925006 [debug] [Thread-1 (]: On model.customer_revenue_analytics_lab1.customer_sales: COMMIT
[0m12:30:00.935920 [debug] [Thread-1 (]: SQL status: OK in 0.010 seconds
[0m12:30:00.943269 [debug] [Thread-1 (]: Using duckdb connection "model.customer_revenue_analytics_lab1.customer_sales"
[0m12:30:00.944811 [debug] [Thread-1 (]: On model.customer_revenue_analytics_lab1.customer_sales: /* {"app": "dbt", "dbt_version": "1.12.0", "profile_name": "customer_revenue_analytics_lab1", "target_name": "dev", "node_id": "model.customer_revenue_analytics_lab1.customer_sales"} */

      drop view if exists "dev"."main"."customer_sales__dbt_backup" cascade
    
[0m12:30:00.945832 [debug] [Thread-1 (]: SQL status: OK in 0.000 seconds
[0m12:30:00.949012 [debug] [Thread-1 (]: On model.customer_revenue_analytics_lab1.customer_sales: Close
[0m12:30:00.952269 [debug] [Thread-1 (]: Sending event: {'category': 'dbt', 'action': 'run_model', 'label': '87cecb40-54a7-4db8-b4cc-a8ce18f9e990', 'context': [<snowplow_tracker.self_describing_json.SelfDescribingJson object at 0x00000295A59FD790>]}
[0m12:30:00.953115 [info ] [Thread-1 (]: 1 of 3 OK created sql view model main.customer_sales ........................... [[32mOK[0m in 0.12s]
[0m12:30:00.954171 [debug] [Thread-1 (]: Finished running node model.customer_revenue_analytics_lab1.customer_sales
[0m12:30:00.954895 [debug] [Thread-1 (]: Began running node model.customer_revenue_analytics_lab1.my_first_dbt_model
[0m12:30:00.955798 [info ] [Thread-1 (]: 2 of 3 START sql table model main.my_first_dbt_model ........................... [RUN]
[0m12:30:00.956733 [debug] [Thread-1 (]: Re-using an available connection from the pool (formerly model.customer_revenue_analytics_lab1.customer_sales, now model.customer_revenue_analytics_lab1.my_first_dbt_model)
[0m12:30:00.957466 [debug] [Thread-1 (]: Began compiling node model.customer_revenue_analytics_lab1.my_first_dbt_model
[0m12:30:00.960537 [debug] [Thread-1 (]: Writing injected SQL for node "model.customer_revenue_analytics_lab1.my_first_dbt_model"
[0m12:30:00.962077 [debug] [Thread-1 (]: Began executing node model.customer_revenue_analytics_lab1.my_first_dbt_model
[0m12:30:00.992431 [debug] [Thread-1 (]: Writing runtime sql for node "model.customer_revenue_analytics_lab1.my_first_dbt_model"
[0m12:30:00.994140 [debug] [Thread-1 (]: Using duckdb connection "model.customer_revenue_analytics_lab1.my_first_dbt_model"
[0m12:30:00.994869 [debug] [Thread-1 (]: On model.customer_revenue_analytics_lab1.my_first_dbt_model: BEGIN
[0m12:30:00.995438 [debug] [Thread-1 (]: Opening a new connection, currently in state closed
[0m12:30:00.996757 [debug] [Thread-1 (]: SQL status: OK in 0.001 seconds
[0m12:30:00.997432 [debug] [Thread-1 (]: Using duckdb connection "model.customer_revenue_analytics_lab1.my_first_dbt_model"
[0m12:30:00.998153 [debug] [Thread-1 (]: On model.customer_revenue_analytics_lab1.my_first_dbt_model: /* {"app": "dbt", "dbt_version": "1.12.0", "profile_name": "customer_revenue_analytics_lab1", "target_name": "dev", "node_id": "model.customer_revenue_analytics_lab1.my_first_dbt_model"} */

  
    
    

    create  table
      "dev"."main"."my_first_dbt_model__dbt_tmp"
  
    as (
      /*
    Welcome to your first dbt model!
    Did you know that you can also configure models directly within SQL files?
    This will override configurations stated in dbt_project.yml

    Try changing "table" to "view" below
*/



with source_data as (

    select 1 as id
    union all
    select null as id

)

select *
from source_data

/*
    Uncomment the line below to remove records with null `id` values
*/

-- where id is not null
    );
  
  
[0m12:30:01.000280 [debug] [Thread-1 (]: SQL status: OK in 0.002 seconds
[0m12:30:01.002859 [debug] [Thread-1 (]: Using duckdb connection "model.customer_revenue_analytics_lab1.my_first_dbt_model"
[0m12:30:01.003329 [debug] [Thread-1 (]: On model.customer_revenue_analytics_lab1.my_first_dbt_model: /* {"app": "dbt", "dbt_version": "1.12.0", "profile_name": "customer_revenue_analytics_lab1", "target_name": "dev", "node_id": "model.customer_revenue_analytics_lab1.my_first_dbt_model"} */
alter table "dev"."main"."my_first_dbt_model__dbt_tmp" rename to "my_first_dbt_model"
[0m12:30:01.004597 [debug] [Thread-1 (]: SQL status: OK in 0.001 seconds
[0m12:30:01.011513 [debug] [Thread-1 (]: On model.customer_revenue_analytics_lab1.my_first_dbt_model: COMMIT
[0m12:30:01.012026 [debug] [Thread-1 (]: Using duckdb connection "model.customer_revenue_analytics_lab1.my_first_dbt_model"
[0m12:30:01.012402 [debug] [Thread-1 (]: On model.customer_revenue_analytics_lab1.my_first_dbt_model: COMMIT
[0m12:30:01.015190 [debug] [Thread-1 (]: SQL status: OK in 0.002 seconds
[0m12:30:01.017140 [debug] [Thread-1 (]: Using duckdb connection "model.customer_revenue_analytics_lab1.my_first_dbt_model"
[0m12:30:01.017602 [debug] [Thread-1 (]: On model.customer_revenue_analytics_lab1.my_first_dbt_model: /* {"app": "dbt", "dbt_version": "1.12.0", "profile_name": "customer_revenue_analytics_lab1", "target_name": "dev", "node_id": "model.customer_revenue_analytics_lab1.my_first_dbt_model"} */

      drop table if exists "dev"."main"."my_first_dbt_model__dbt_backup" cascade
    
[0m12:30:01.018370 [debug] [Thread-1 (]: SQL status: OK in 0.000 seconds
[0m12:30:01.020801 [debug] [Thread-1 (]: On model.customer_revenue_analytics_lab1.my_first_dbt_model: Close
[0m12:30:01.021756 [debug] [Thread-1 (]: Sending event: {'category': 'dbt', 'action': 'run_model', 'label': '87cecb40-54a7-4db8-b4cc-a8ce18f9e990', 'context': [<snowplow_tracker.self_describing_json.SelfDescribingJson object at 0x00000295A5793540>]}
[0m12:30:01.022742 [info ] [Thread-1 (]: 2 of 3 OK created sql table model main.my_first_dbt_model ...................... [[32mOK[0m in 0.07s]
[0m12:30:01.024089 [debug] [Thread-1 (]: Finished running node model.customer_revenue_analytics_lab1.my_first_dbt_model
[0m12:30:01.025267 [debug] [Thread-1 (]: Began running node model.customer_revenue_analytics_lab1.my_second_dbt_model
[0m12:30:01.025940 [info ] [Thread-1 (]: 3 of 3 START sql view model main.my_second_dbt_model ........................... [RUN]
[0m12:30:01.026720 [debug] [Thread-1 (]: Re-using an available connection from the pool (formerly model.customer_revenue_analytics_lab1.my_first_dbt_model, now model.customer_revenue_analytics_lab1.my_second_dbt_model)
[0m12:30:01.027195 [debug] [Thread-1 (]: Began compiling node model.customer_revenue_analytics_lab1.my_second_dbt_model
[0m12:30:01.029330 [debug] [Thread-1 (]: Writing injected SQL for node "model.customer_revenue_analytics_lab1.my_second_dbt_model"
[0m12:30:01.035938 [debug] [Thread-1 (]: Began executing node model.customer_revenue_analytics_lab1.my_second_dbt_model
[0m12:30:01.044712 [debug] [Thread-1 (]: Writing runtime sql for node "model.customer_revenue_analytics_lab1.my_second_dbt_model"
[0m12:30:01.047158 [debug] [Thread-1 (]: Using duckdb connection "model.customer_revenue_analytics_lab1.my_second_dbt_model"
[0m12:30:01.047795 [debug] [Thread-1 (]: On model.customer_revenue_analytics_lab1.my_second_dbt_model: BEGIN
[0m12:30:01.048254 [debug] [Thread-1 (]: Opening a new connection, currently in state closed
[0m12:30:01.049690 [debug] [Thread-1 (]: SQL status: OK in 0.001 seconds
[0m12:30:01.050468 [debug] [Thread-1 (]: Using duckdb connection "model.customer_revenue_analytics_lab1.my_second_dbt_model"
[0m12:30:01.051089 [debug] [Thread-1 (]: On model.customer_revenue_analytics_lab1.my_second_dbt_model: /* {"app": "dbt", "dbt_version": "1.12.0", "profile_name": "customer_revenue_analytics_lab1", "target_name": "dev", "node_id": "model.customer_revenue_analytics_lab1.my_second_dbt_model"} */

  
  create view "dev"."main"."my_second_dbt_model__dbt_tmp" as (
    -- Use the `ref` function to select from other models

select *
from "dev"."main"."my_first_dbt_model"
where id = 1
  );

[0m12:30:01.052104 [debug] [Thread-1 (]: SQL status: OK in 0.001 seconds
[0m12:30:01.055522 [debug] [Thread-1 (]: Using duckdb connection "model.customer_revenue_analytics_lab1.my_second_dbt_model"
[0m12:30:01.056358 [debug] [Thread-1 (]: On model.customer_revenue_analytics_lab1.my_second_dbt_model: /* {"app": "dbt", "dbt_version": "1.12.0", "profile_name": "customer_revenue_analytics_lab1", "target_name": "dev", "node_id": "model.customer_revenue_analytics_lab1.my_second_dbt_model"} */
alter view "dev"."main"."my_second_dbt_model__dbt_tmp" rename to "my_second_dbt_model"
[0m12:30:01.057379 [debug] [Thread-1 (]: SQL status: OK in 0.000 seconds
[0m12:30:01.060329 [debug] [Thread-1 (]: On model.customer_revenue_analytics_lab1.my_second_dbt_model: COMMIT
[0m12:30:01.061396 [debug] [Thread-1 (]: Using duckdb connection "model.customer_revenue_analytics_lab1.my_second_dbt_model"
[0m12:30:01.062028 [debug] [Thread-1 (]: On model.customer_revenue_analytics_lab1.my_second_dbt_model: COMMIT
[0m12:30:01.063803 [debug] [Thread-1 (]: SQL status: OK in 0.001 seconds
[0m12:30:01.065842 [debug] [Thread-1 (]: Using duckdb connection "model.customer_revenue_analytics_lab1.my_second_dbt_model"
[0m12:30:01.066331 [debug] [Thread-1 (]: On model.customer_revenue_analytics_lab1.my_second_dbt_model: /* {"app": "dbt", "dbt_version": "1.12.0", "profile_name": "customer_revenue_analytics_lab1", "target_name": "dev", "node_id": "model.customer_revenue_analytics_lab1.my_second_dbt_model"} */

      drop view if exists "dev"."main"."my_second_dbt_model__dbt_backup" cascade
    
[0m12:30:01.067117 [debug] [Thread-1 (]: SQL status: OK in 0.000 seconds
[0m12:30:01.068700 [debug] [Thread-1 (]: On model.customer_revenue_analytics_lab1.my_second_dbt_model: Close
[0m12:30:01.069512 [debug] [Thread-1 (]: Sending event: {'category': 'dbt', 'action': 'run_model', 'label': '87cecb40-54a7-4db8-b4cc-a8ce18f9e990', 'context': [<snowplow_tracker.self_describing_json.SelfDescribingJson object at 0x00000295A5B21770>]}
[0m12:30:01.070440 [info ] [Thread-1 (]: 3 of 3 OK created sql view model main.my_second_dbt_model ...................... [[32mOK[0m in 0.04s]
[0m12:30:01.071551 [debug] [Thread-1 (]: Finished running node model.customer_revenue_analytics_lab1.my_second_dbt_model
[0m12:30:01.073160 [debug] [MainThread]: Using duckdb connection "master"
[0m12:30:01.073678 [debug] [MainThread]: On master: BEGIN
[0m12:30:01.074182 [debug] [MainThread]: Opening a new connection, currently in state closed
[0m12:30:01.075063 [debug] [MainThread]: SQL status: OK in 0.001 seconds
[0m12:30:01.075561 [debug] [MainThread]: On master: COMMIT
[0m12:30:01.075933 [debug] [MainThread]: Using duckdb connection "master"
[0m12:30:01.076253 [debug] [MainThread]: On master: COMMIT
[0m12:30:01.077139 [debug] [MainThread]: SQL status: OK in 0.000 seconds
[0m12:30:01.077666 [debug] [MainThread]: On master: Close
[0m12:30:01.078222 [debug] [MainThread]: Connection 'master' was properly closed.
[0m12:30:01.078944 [debug] [MainThread]: Connection 'create_dev_main' was properly closed.
[0m12:30:01.079740 [debug] [MainThread]: Connection 'list_dev_main' was properly closed.
[0m12:30:01.080277 [debug] [MainThread]: Connection 'model.customer_revenue_analytics_lab1.my_second_dbt_model' was properly closed.
[0m12:30:01.081064 [info ] [MainThread]: 
[0m12:30:01.081849 [info ] [MainThread]: Finished running 1 table model, 2 view models in 0 hours 0 minutes and 0.44 seconds (0.44s).
[0m12:30:01.083549 [debug] [MainThread]: Command end result
[0m12:30:01.129694 [debug] [MainThread]: Wrote artifact WritableManifest to C:\dbt_demo\customer_revenue_analytics_lab1\target\manifest.json
[0m12:30:01.134107 [debug] [MainThread]: Wrote artifact SemanticManifest to C:\dbt_demo\customer_revenue_analytics_lab1\target\semantic_manifest.json
[0m12:30:01.138528 [debug] [MainThread]: Wrote artifact OsiDocument to C:\dbt_demo\customer_revenue_analytics_lab1\target\osi_document.json
[0m12:30:01.148983 [debug] [MainThread]: Wrote artifact RunExecutionResult to C:\dbt_demo\customer_revenue_analytics_lab1\target\run_results.json
[0m12:30:01.149401 [info ] [MainThread]: 
[0m12:30:01.150263 [info ] [MainThread]: [32mCompleted successfully[0m
[0m12:30:01.150901 [info ] [MainThread]: 
[0m12:30:01.151532 [info ] [MainThread]: Done. PASS=3 WARN=0 ERROR=0 SKIP=0 NO-OP=0 REUSED=0 TOTAL=3
[0m12:30:01.152802 [debug] [MainThread]: Command `dbt run` succeeded at 12:30:01.152596 after 2.67 seconds
[0m12:30:01.153600 [debug] [MainThread]: Sending event: {'category': 'dbt', 'action': 'invocation', 'label': 'end', 'context': [<snowplow_tracker.self_describing_json.SelfDescribingJson object at 0x00000295A58386D0>, <snowplow_tracker.self_describing_json.SelfDescribingJson object at 0x00000295A574FA50>, <snowplow_tracker.self_describing_json.SelfDescribingJson object at 0x00000295A4C4AD60>]}
[0m12:30:01.154256 [debug] [MainThread]: Flushing usage events
[0m12:30:03.364107 [debug] [MainThread]: An error was encountered while trying to flush usage events
[0m12:30:37.519642 [debug] [MainThread]: Sending event: {'category': 'dbt', 'action': 'invocation', 'label': 'start', 'context': [<snowplow_tracker.self_describing_json.SelfDescribingJson object at 0x00000215884DD2B0>, <snowplow_tracker.self_describing_json.SelfDescribingJson object at 0x000002158AC33ED0>, <snowplow_tracker.self_describing_json.SelfDescribingJson object at 0x000002158AC33750>]}


============================== 12:30:37.527220 | 0143d230-e35b-4b73-b4d1-6197e83b15dc ==============================
[0m12:30:37.527220 [info ] [MainThread]: Running with dbt=1.12.0
[0m12:30:37.528256 [debug] [MainThread]: running dbt with arguments {'maximum_seed_size_mib': '1', 'no_print': 'None', 'static_parser': 'True', 'target_path': 'None', 'version_check': 'True', 'warn_error_options': 'WarnErrorOptionsV2(error=[], warn=[], silence=[])', 'printer_width': '80', 'write_json': 'True', 'introspect': 'True', 'log_cache_events': 'False', 'empty': 'None', 'cache_selected_only': 'False', 'log_format': 'default', 'debug': 'False', 'fail_fast': 'False', 'profiles_dir': 'C:\\Users\\ganas\\.dbt', 'send_anonymous_usage_stats': 'True', 'quiet': 'False', 'warn_error': 'None', 'partial_parse': 'True', 'invocation_command': 'dbt show --select customer_sales', 'hints_enabled': 'True', 'indirect_selection': 'eager', 'use_experimental_parser': 'False', 'use_colors': 'True', 'log_path': 'C:\\dbt_demo\\customer_revenue_analytics_lab1\\logs'}
[0m12:30:37.918107 [debug] [MainThread]: Sending event: {'category': 'dbt', 'action': 'project_id', 'label': '0143d230-e35b-4b73-b4d1-6197e83b15dc', 'context': [<snowplow_tracker.self_describing_json.SelfDescribingJson object at 0x0000021588BC5A70>]}
[0m12:30:38.021809 [debug] [MainThread]: Sending event: {'category': 'dbt', 'action': 'adapter_info', 'label': '0143d230-e35b-4b73-b4d1-6197e83b15dc', 'context': [<snowplow_tracker.self_describing_json.SelfDescribingJson object at 0x000002158ADB3020>]}
[0m12:30:38.038474 [info ] [MainThread]: Registered adapter: duckdb=1.10.1
[0m12:30:38.376020 [debug] [MainThread]: checksum: 024111baf3b4c807d28d4840b1322898270ef1207e9b5c8ecf6ac433743b0014, vars: {}, profile: customer_revenue_analytics_lab1, target: dev, version: 1.12.0
[0m12:30:38.720375 [debug] [MainThread]: Partial parsing enabled: 0 files deleted, 0 files added, 0 files changed.
[0m12:30:38.721084 [debug] [MainThread]: Nothing changed, skipping partial parsing.
[0m12:30:38.721637 [debug] [MainThread]: Partial parsing enabled, no changes found, skipping parsing
[0m12:30:38.741206 [debug] [MainThread]: Sending event: {'category': 'dbt', 'action': 'load_project', 'label': '0143d230-e35b-4b73-b4d1-6197e83b15dc', 'context': [<snowplow_tracker.self_describing_json.SelfDescribingJson object at 0x000002158B735650>]}
[0m12:30:38.961999 [debug] [MainThread]: Wrote artifact WritableManifest to C:\dbt_demo\customer_revenue_analytics_lab1\target\manifest.json
[0m12:30:38.966539 [debug] [MainThread]: Wrote artifact SemanticManifest to C:\dbt_demo\customer_revenue_analytics_lab1\target\semantic_manifest.json
[0m12:30:38.995783 [debug] [MainThread]: Wrote artifact OsiDocument to C:\dbt_demo\customer_revenue_analytics_lab1\target\osi_document.json
[0m12:30:38.999923 [debug] [MainThread]: Sending event: {'category': 'dbt', 'action': 'resource_counts', 'label': '0143d230-e35b-4b73-b4d1-6197e83b15dc', 'context': [<snowplow_tracker.self_describing_json.SelfDescribingJson object at 0x000002158B5E99A0>]}
[0m12:30:39.000791 [info ] [MainThread]: Found 3 models, 1 seed, 4 data tests, 486 macros
[0m12:30:39.001575 [debug] [MainThread]: Sending event: {'category': 'dbt', 'action': 'runnable_timing', 'label': '0143d230-e35b-4b73-b4d1-6197e83b15dc', 'context': [<snowplow_tracker.self_describing_json.SelfDescribingJson object at 0x000002158B683AF0>]}
[0m12:30:39.004574 [info ] [MainThread]: 
[0m12:30:39.005362 [info ] [MainThread]: Concurrency: 1 threads (target='dev')
[0m12:30:39.006039 [info ] [MainThread]: 
[0m12:30:39.007129 [debug] [MainThread]: Acquiring new duckdb connection 'master'
[0m12:30:39.032844 [debug] [ThreadPool]: Acquiring new duckdb connection 'list_dev_main'
[0m12:30:39.124241 [debug] [ThreadPool]: Using duckdb connection "list_dev_main"
[0m12:30:39.124736 [debug] [ThreadPool]: On list_dev_main: BEGIN
[0m12:30:39.125087 [debug] [ThreadPool]: Opening a new connection, currently in state init
[0m12:30:39.146921 [debug] [ThreadPool]: SQL status: OK in 0.022 seconds
[0m12:30:39.147434 [debug] [ThreadPool]: Using duckdb connection "list_dev_main"
[0m12:30:39.147881 [debug] [ThreadPool]: On list_dev_main: /* {"app": "dbt", "dbt_version": "1.12.0", "profile_name": "customer_revenue_analytics_lab1", "target_name": "dev", "connection_name": "list_dev_main"} */
select
      'dev' as database,
      table_name as name,
      table_schema as schema,
      CASE table_type
        WHEN 'BASE TABLE' THEN 'table'
        WHEN 'VIEW' THEN 'view'
        WHEN 'LOCAL TEMPORARY' THEN 'table'
        END as type
    from system.information_schema.tables
    where lower(table_schema) = 'main'
    and lower(table_catalog) = 'dev'
  
[0m12:30:39.155091 [debug] [ThreadPool]: SQL status: OK in 0.007 seconds
[0m12:30:39.156820 [debug] [ThreadPool]: On list_dev_main: ROLLBACK
[0m12:30:39.158191 [debug] [ThreadPool]: Failed to rollback 'list_dev_main'
[0m12:30:39.158647 [debug] [ThreadPool]: On list_dev_main: Close
[0m12:30:39.160940 [debug] [MainThread]: Sending event: {'category': 'dbt', 'action': 'runnable_timing', 'label': '0143d230-e35b-4b73-b4d1-6197e83b15dc', 'context': [<snowplow_tracker.self_describing_json.SelfDescribingJson object at 0x000002158B912D00>]}
[0m12:30:39.164658 [debug] [Thread-1 (]: Began running node model.customer_revenue_analytics_lab1.customer_sales
[0m12:30:39.165339 [debug] [Thread-1 (]: Acquiring new duckdb connection 'model.customer_revenue_analytics_lab1.customer_sales'
[0m12:30:39.165774 [debug] [Thread-1 (]: Began compiling node model.customer_revenue_analytics_lab1.customer_sales
[0m12:30:39.174165 [debug] [Thread-1 (]: Writing injected SQL for node "model.customer_revenue_analytics_lab1.customer_sales"
[0m12:30:39.175625 [debug] [Thread-1 (]: Began executing node model.customer_revenue_analytics_lab1.customer_sales
[0m12:30:39.187715 [debug] [Thread-1 (]: Using duckdb connection "model.customer_revenue_analytics_lab1.customer_sales"
[0m12:30:39.188285 [debug] [Thread-1 (]: On model.customer_revenue_analytics_lab1.customer_sales: /* {"app": "dbt", "dbt_version": "1.12.0", "profile_name": "customer_revenue_analytics_lab1", "target_name": "dev", "node_id": "model.customer_revenue_analytics_lab1.customer_sales"} */

  
  SELECT
     customer,
     COUNT(order_id) AS total_orders_count,
     SUM(amount) AS total_spending,
     AVG(amount) AS average_order_value,
     SUM(amount) AS revenue
FROM "dev"."main"."sales_data"
GROUP BY customer
ORDER BY revenue DESC
  
  limit 5

[0m12:30:39.188845 [debug] [Thread-1 (]: Opening a new connection, currently in state init
[0m12:30:39.195429 [debug] [Thread-1 (]: SQL status: OK in 0.007 seconds
[0m12:30:39.198545 [debug] [Thread-1 (]: On model.customer_revenue_analytics_lab1.customer_sales: Close
[0m12:30:39.199720 [debug] [Thread-1 (]: Finished running node model.customer_revenue_analytics_lab1.customer_sales
[0m12:30:39.201346 [debug] [MainThread]: Connection 'master' was properly closed.
[0m12:30:39.201958 [debug] [MainThread]: Connection 'list_dev_main' was properly closed.
[0m12:30:39.202478 [debug] [MainThread]: Connection 'model.customer_revenue_analytics_lab1.customer_sales' was properly closed.
[0m12:30:39.203727 [debug] [MainThread]: Command end result
[0m12:30:39.251982 [debug] [MainThread]: Wrote artifact WritableManifest to C:\dbt_demo\customer_revenue_analytics_lab1\target\manifest.json
[0m12:30:39.256027 [debug] [MainThread]: Wrote artifact SemanticManifest to C:\dbt_demo\customer_revenue_analytics_lab1\target\semantic_manifest.json
[0m12:30:39.260480 [debug] [MainThread]: Wrote artifact OsiDocument to C:\dbt_demo\customer_revenue_analytics_lab1\target\osi_document.json
[0m12:30:39.273954 [debug] [MainThread]: Wrote artifact RunExecutionResult to C:\dbt_demo\customer_revenue_analytics_lab1\target\run_results.json
[0m12:30:39.277326 [info ] [MainThread]: Previewing node 'customer_sales':
| customer | total_orders_count | total_spending | average_order_value | revenue |
| -------- | ------------------ | -------------- | ------------------- | ------- |
| Alice    |                  2 |          77500 |              38,750 |   77500 |
| Bob      |                  2 |          66200 |              33,100 |   66200 |
| Charlie  |                  1 |          15000 |              15,000 |   15000 |

[0m12:30:39.278743 [debug] [MainThread]: Command `dbt show` succeeded at 12:30:39.278502 after 2.01 seconds
[0m12:30:39.279436 [debug] [MainThread]: Sending event: {'category': 'dbt', 'action': 'invocation', 'label': 'end', 'context': [<snowplow_tracker.self_describing_json.SelfDescribingJson object at 0x000002158A8E7C50>, <snowplow_tracker.self_describing_json.SelfDescribingJson object at 0x000002158B671DE0>, <snowplow_tracker.self_describing_json.SelfDescribingJson object at 0x000002158B672360>]}
[0m12:30:39.280204 [debug] [MainThread]: Flushing usage events
[0m12:30:40.971522 [debug] [MainThread]: An error was encountered while trying to flush usage events
[0m12:33:02.003508 [debug] [MainThread]: Sending event: {'category': 'dbt', 'action': 'invocation', 'label': 'start', 'context': [<snowplow_tracker.self_describing_json.SelfDescribingJson object at 0x000001E02701D2B0>, <snowplow_tracker.self_describing_json.SelfDescribingJson object at 0x000001E029783ED0>, <snowplow_tracker.self_describing_json.SelfDescribingJson object at 0x000001E029783750>]}


============================== 12:33:02.010437 | 54909978-cf65-45b0-8f41-14f93e9f492a ==============================
[0m12:33:02.010437 [info ] [MainThread]: Running with dbt=1.12.0
[0m12:33:02.011495 [debug] [MainThread]: running dbt with arguments {'version_check': 'True', 'no_print': 'None', 'maximum_seed_size_mib': '1', 'warn_error_options': 'WarnErrorOptionsV2(error=[], warn=[], silence=[])', 'static_parser': 'True', 'target_path': 'None', 'printer_width': '80', 'write_json': 'True', 'empty': 'False', 'log_cache_events': 'False', 'introspect': 'True', 'cache_selected_only': 'False', 'fail_fast': 'False', 'debug': 'False', 'log_format': 'default', 'partial_parse': 'True', 'send_anonymous_usage_stats': 'True', 'quiet': 'False', 'warn_error': 'None', 'profiles_dir': 'C:\\Users\\ganas\\.dbt', 'invocation_command': 'dbt run', 'hints_enabled': 'True', 'indirect_selection': 'eager', 'use_experimental_parser': 'False', 'use_colors': 'True', 'log_path': 'C:\\dbt_demo\\customer_revenue_analytics_lab1\\logs'}
[0m12:33:02.424637 [debug] [MainThread]: Sending event: {'category': 'dbt', 'action': 'project_id', 'label': '54909978-cf65-45b0-8f41-14f93e9f492a', 'context': [<snowplow_tracker.self_describing_json.SelfDescribingJson object at 0x000001E02770DA70>]}
[0m12:33:02.548226 [debug] [MainThread]: Sending event: {'category': 'dbt', 'action': 'adapter_info', 'label': '54909978-cf65-45b0-8f41-14f93e9f492a', 'context': [<snowplow_tracker.self_describing_json.SelfDescribingJson object at 0x000001E029903020>]}
[0m12:33:02.554354 [info ] [MainThread]: Registered adapter: duckdb=1.10.1
[0m12:33:02.915013 [debug] [MainThread]: checksum: 024111baf3b4c807d28d4840b1322898270ef1207e9b5c8ecf6ac433743b0014, vars: {}, profile: customer_revenue_analytics_lab1, target: dev, version: 1.12.0
[0m12:33:03.285642 [debug] [MainThread]: Partial parsing enabled: 0 files deleted, 0 files added, 1 files changed.
[0m12:33:03.286471 [debug] [MainThread]: Partial parsing: updated file: customer_revenue_analytics_lab1://models\example\customer_sales.sql
[0m12:33:03.878885 [debug] [MainThread]: Sending event: {'category': 'dbt', 'action': 'load_project', 'label': '54909978-cf65-45b0-8f41-14f93e9f492a', 'context': [<snowplow_tracker.self_describing_json.SelfDescribingJson object at 0x000001E02A053750>]}
[0m12:33:04.022742 [debug] [MainThread]: Wrote artifact WritableManifest to C:\dbt_demo\customer_revenue_analytics_lab1\target\manifest.json
[0m12:33:04.027528 [debug] [MainThread]: Wrote artifact SemanticManifest to C:\dbt_demo\customer_revenue_analytics_lab1\target\semantic_manifest.json
[0m12:33:04.061369 [debug] [MainThread]: Wrote artifact OsiDocument to C:\dbt_demo\customer_revenue_analytics_lab1\target\osi_document.json
[0m12:33:04.080718 [debug] [MainThread]: Sending event: {'category': 'dbt', 'action': 'resource_counts', 'label': '54909978-cf65-45b0-8f41-14f93e9f492a', 'context': [<snowplow_tracker.self_describing_json.SelfDescribingJson object at 0x000001E02A384500>]}
[0m12:33:04.081592 [info ] [MainThread]: Found 3 models, 1 seed, 4 data tests, 486 macros
[0m12:33:04.082603 [debug] [MainThread]: Sending event: {'category': 'dbt', 'action': 'runnable_timing', 'label': '54909978-cf65-45b0-8f41-14f93e9f492a', 'context': [<snowplow_tracker.self_describing_json.SelfDescribingJson object at 0x000001E02A323A10>]}
[0m12:33:04.086294 [info ] [MainThread]: 
[0m12:33:04.087067 [info ] [MainThread]: Concurrency: 1 threads (target='dev')
[0m12:33:04.087779 [info ] [MainThread]: 
[0m12:33:04.089117 [debug] [MainThread]: Acquiring new duckdb connection 'master'
[0m12:33:04.097224 [debug] [ThreadPool]: Acquiring new duckdb connection 'list_dev'
[0m12:33:04.211718 [debug] [ThreadPool]: Using duckdb connection "list_dev"
[0m12:33:04.212446 [debug] [ThreadPool]: On list_dev: /* {"app": "dbt", "dbt_version": "1.12.0", "profile_name": "customer_revenue_analytics_lab1", "target_name": "dev", "connection_name": "list_dev"} */

    
    select schema_name
    from system.information_schema.schemata
    
    where lower(catalog_name) = '"dev"'
    
  
  
[0m12:33:04.212954 [debug] [ThreadPool]: Opening a new connection, currently in state init
[0m12:33:04.244042 [debug] [ThreadPool]: SQL status: OK in 0.031 seconds
[0m12:33:04.246654 [debug] [ThreadPool]: On list_dev: Close
[0m12:33:04.248042 [debug] [ThreadPool]: Re-using an available connection from the pool (formerly list_dev, now create_dev_main)
[0m12:33:04.248974 [debug] [ThreadPool]: Creating schema "database: "dev"
schema: "main"
"
[0m12:33:04.258150 [debug] [ThreadPool]: Using duckdb connection "create_dev_main"
[0m12:33:04.258995 [debug] [ThreadPool]: On create_dev_main: /* {"app": "dbt", "dbt_version": "1.12.0", "profile_name": "customer_revenue_analytics_lab1", "target_name": "dev", "connection_name": "create_dev_main"} */

    
        select type from duckdb_databases()
        where lower(database_name)='dev'
        and type='sqlite'
    
  
[0m12:33:04.259504 [debug] [ThreadPool]: Opening a new connection, currently in state closed
[0m12:33:04.261370 [debug] [ThreadPool]: SQL status: OK in 0.002 seconds
[0m12:33:04.263552 [debug] [ThreadPool]: Using duckdb connection "create_dev_main"
[0m12:33:04.264115 [debug] [ThreadPool]: On create_dev_main: BEGIN
[0m12:33:04.264947 [debug] [ThreadPool]: SQL status: OK in 0.000 seconds
[0m12:33:04.265442 [debug] [ThreadPool]: Using duckdb connection "create_dev_main"
[0m12:33:04.266127 [debug] [ThreadPool]: On create_dev_main: /* {"app": "dbt", "dbt_version": "1.12.0", "profile_name": "customer_revenue_analytics_lab1", "target_name": "dev", "connection_name": "create_dev_main"} */

    
    
        create schema if not exists "dev"."main"
    
[0m12:33:04.267063 [debug] [ThreadPool]: SQL status: OK in 0.000 seconds
[0m12:33:04.268511 [debug] [ThreadPool]: On create_dev_main: COMMIT
[0m12:33:04.269136 [debug] [ThreadPool]: Using duckdb connection "create_dev_main"
[0m12:33:04.269728 [debug] [ThreadPool]: On create_dev_main: COMMIT
[0m12:33:04.270709 [debug] [ThreadPool]: SQL status: OK in 0.000 seconds
[0m12:33:04.271377 [debug] [ThreadPool]: On create_dev_main: Close
[0m12:33:04.274070 [debug] [ThreadPool]: Acquiring new duckdb connection 'list_dev_main'
[0m12:33:04.289787 [debug] [ThreadPool]: Using duckdb connection "list_dev_main"
[0m12:33:04.290485 [debug] [ThreadPool]: On list_dev_main: BEGIN
[0m12:33:04.291250 [debug] [ThreadPool]: Opening a new connection, currently in state init
[0m12:33:04.292172 [debug] [ThreadPool]: SQL status: OK in 0.001 seconds
[0m12:33:04.292712 [debug] [ThreadPool]: Using duckdb connection "list_dev_main"
[0m12:33:04.293271 [debug] [ThreadPool]: On list_dev_main: /* {"app": "dbt", "dbt_version": "1.12.0", "profile_name": "customer_revenue_analytics_lab1", "target_name": "dev", "connection_name": "list_dev_main"} */
select
      'dev' as database,
      table_name as name,
      table_schema as schema,
      CASE table_type
        WHEN 'BASE TABLE' THEN 'table'
        WHEN 'VIEW' THEN 'view'
        WHEN 'LOCAL TEMPORARY' THEN 'table'
        END as type
    from system.information_schema.tables
    where lower(table_schema) = 'main'
    and lower(table_catalog) = 'dev'
  
[0m12:33:04.302354 [debug] [ThreadPool]: SQL status: OK in 0.008 seconds
[0m12:33:04.304164 [debug] [ThreadPool]: On list_dev_main: ROLLBACK
[0m12:33:04.305686 [debug] [ThreadPool]: Failed to rollback 'list_dev_main'
[0m12:33:04.306296 [debug] [ThreadPool]: On list_dev_main: Close
[0m12:33:04.309200 [debug] [MainThread]: Sending event: {'category': 'dbt', 'action': 'runnable_timing', 'label': '54909978-cf65-45b0-8f41-14f93e9f492a', 'context': [<snowplow_tracker.self_describing_json.SelfDescribingJson object at 0x000001E02A0CFA00>]}
[0m12:33:04.310237 [debug] [MainThread]: Using duckdb connection "master"
[0m12:33:04.310767 [debug] [MainThread]: On master: BEGIN
[0m12:33:04.311122 [debug] [MainThread]: Opening a new connection, currently in state init
[0m12:33:04.311911 [debug] [MainThread]: SQL status: OK in 0.001 seconds
[0m12:33:04.312456 [debug] [MainThread]: On master: COMMIT
[0m12:33:04.313020 [debug] [MainThread]: Using duckdb connection "master"
[0m12:33:04.313527 [debug] [MainThread]: On master: COMMIT
[0m12:33:04.314406 [debug] [MainThread]: SQL status: OK in 0.000 seconds
[0m12:33:04.314972 [debug] [MainThread]: On master: Close
[0m12:33:04.319574 [debug] [Thread-1 (]: Began running node model.customer_revenue_analytics_lab1.customer_sales
[0m12:33:04.320498 [info ] [Thread-1 (]: 1 of 3 START sql view model main.customer_sales ................................ [RUN]
[0m12:33:04.321643 [debug] [Thread-1 (]: Acquiring new duckdb connection 'model.customer_revenue_analytics_lab1.customer_sales'
[0m12:33:04.322187 [debug] [Thread-1 (]: Began compiling node model.customer_revenue_analytics_lab1.customer_sales
[0m12:33:04.332958 [debug] [Thread-1 (]: Writing injected SQL for node "model.customer_revenue_analytics_lab1.customer_sales"
[0m12:33:04.334441 [debug] [Thread-1 (]: Began executing node model.customer_revenue_analytics_lab1.customer_sales
[0m12:33:04.386062 [debug] [Thread-1 (]: Writing runtime sql for node "model.customer_revenue_analytics_lab1.customer_sales"
[0m12:33:04.387636 [debug] [Thread-1 (]: Using duckdb connection "model.customer_revenue_analytics_lab1.customer_sales"
[0m12:33:04.388174 [debug] [Thread-1 (]: On model.customer_revenue_analytics_lab1.customer_sales: BEGIN
[0m12:33:04.388631 [debug] [Thread-1 (]: Opening a new connection, currently in state init
[0m12:33:04.389813 [debug] [Thread-1 (]: SQL status: OK in 0.001 seconds
[0m12:33:04.390576 [debug] [Thread-1 (]: Using duckdb connection "model.customer_revenue_analytics_lab1.customer_sales"
[0m12:33:04.391118 [debug] [Thread-1 (]: On model.customer_revenue_analytics_lab1.customer_sales: /* {"app": "dbt", "dbt_version": "1.12.0", "profile_name": "customer_revenue_analytics_lab1", "target_name": "dev", "node_id": "model.customer_revenue_analytics_lab1.customer_sales"} */

  
  create view "dev"."main"."customer_sales__dbt_tmp" as (
    SELECT
     customer,
     COUNT(order_id) AS total_orders_count,
     SUM(amount) AS total_spending,
     AVG(amount) AS average_order_value,
     SUM(amount) AS revenue
FROM "dev"."main"."sales_data"
--GROUP BY customer
ORDER BY revenue DESC
  );

[0m12:33:04.392599 [debug] [Thread-1 (]: DuckDB adapter: duckdb error: Binder Error: column "customer" must appear in the GROUP BY clause or must be part of an aggregate function.
Either add it to the GROUP BY list, or use "ANY_VALUE(customer)" if the exact value of "customer" is not important.

LINE 6:      customer,
             ^
[0m12:33:04.393164 [debug] [Thread-1 (]: DuckDB adapter: Error running SQL: /* {"app": "dbt", "dbt_version": "1.12.0", "profile_name": "customer_revenue_analytics_lab1", "target_name": "dev", "node_id": "model.customer_revenue_analytics_lab1.customer_sales"} */

  
  create view "dev"."main"."customer_sales__dbt_tmp" as (
    SELECT
     customer,
     COUNT(order_id) AS total_orders_count,
     SUM(amount) AS total_spending,
     AVG(amount) AS average_order_value,
     SUM(amount) AS revenue
FROM "dev"."main"."sales_data"
--GROUP BY customer
ORDER BY revenue DESC
  );

[0m12:33:04.393621 [debug] [Thread-1 (]: DuckDB adapter: Rolling back transaction.
[0m12:33:04.393995 [debug] [Thread-1 (]: On model.customer_revenue_analytics_lab1.customer_sales: ROLLBACK
[0m12:33:04.396714 [debug] [Thread-1 (]: Failed to rollback 'model.customer_revenue_analytics_lab1.customer_sales'
[0m12:33:04.397660 [debug] [Thread-1 (]: On model.customer_revenue_analytics_lab1.customer_sales: Close
[0m12:33:04.408046 [debug] [Thread-1 (]: Runtime Error in model customer_sales (models\example\customer_sales.sql)
  Binder Error: column "customer" must appear in the GROUP BY clause or must be part of an aggregate function.
  Either add it to the GROUP BY list, or use "ANY_VALUE(customer)" if the exact value of "customer" is not important.
  
  LINE 6:      customer,
               ^
[0m12:33:04.410429 [debug] [Thread-1 (]: Sending event: {'category': 'dbt', 'action': 'run_model', 'label': '54909978-cf65-45b0-8f41-14f93e9f492a', 'context': [<snowplow_tracker.self_describing_json.SelfDescribingJson object at 0x000001E02A5F0E90>]}
[0m12:33:04.411273 [error] [Thread-1 (]: 1 of 3 ERROR creating sql view model main.customer_sales ....................... [[31mERROR[0m in 0.09s]
[0m12:33:04.412279 [debug] [Thread-1 (]: Finished running node model.customer_revenue_analytics_lab1.customer_sales
[0m12:33:04.412859 [debug] [Thread-1 (]: Began running node model.customer_revenue_analytics_lab1.my_first_dbt_model
[0m12:33:04.414172 [debug] [Thread-4 (]: Marking all children of 'model.customer_revenue_analytics_lab1.customer_sales' to be skipped because of status 'error'.  Reason: Runtime Error in model customer_sales (models\example\customer_sales.sql)
  Binder Error: column "customer" must appear in the GROUP BY clause or must be part of an aggregate function.
  Either add it to the GROUP BY list, or use "ANY_VALUE(customer)" if the exact value of "customer" is not important.
  
  LINE 6:      customer,
               ^.
[0m12:33:04.413485 [info ] [Thread-1 (]: 2 of 3 START sql table model main.my_first_dbt_model ........................... [RUN]
[0m12:33:04.415725 [debug] [Thread-1 (]: Re-using an available connection from the pool (formerly model.customer_revenue_analytics_lab1.customer_sales, now model.customer_revenue_analytics_lab1.my_first_dbt_model)
[0m12:33:04.416199 [debug] [Thread-1 (]: Began compiling node model.customer_revenue_analytics_lab1.my_first_dbt_model
[0m12:33:04.418398 [debug] [Thread-1 (]: Writing injected SQL for node "model.customer_revenue_analytics_lab1.my_first_dbt_model"
[0m12:33:04.420428 [debug] [Thread-1 (]: Began executing node model.customer_revenue_analytics_lab1.my_first_dbt_model
[0m12:33:04.448033 [debug] [Thread-1 (]: Writing runtime sql for node "model.customer_revenue_analytics_lab1.my_first_dbt_model"
[0m12:33:04.449877 [debug] [Thread-1 (]: Using duckdb connection "model.customer_revenue_analytics_lab1.my_first_dbt_model"
[0m12:33:04.450459 [debug] [Thread-1 (]: On model.customer_revenue_analytics_lab1.my_first_dbt_model: BEGIN
[0m12:33:04.450861 [debug] [Thread-1 (]: Opening a new connection, currently in state closed
[0m12:33:04.451720 [debug] [Thread-1 (]: SQL status: OK in 0.001 seconds
[0m12:33:04.452136 [debug] [Thread-1 (]: Using duckdb connection "model.customer_revenue_analytics_lab1.my_first_dbt_model"
[0m12:33:04.452521 [debug] [Thread-1 (]: On model.customer_revenue_analytics_lab1.my_first_dbt_model: /* {"app": "dbt", "dbt_version": "1.12.0", "profile_name": "customer_revenue_analytics_lab1", "target_name": "dev", "node_id": "model.customer_revenue_analytics_lab1.my_first_dbt_model"} */

  
    
    

    create  table
      "dev"."main"."my_first_dbt_model__dbt_tmp"
  
    as (
      /*
    Welcome to your first dbt model!
    Did you know that you can also configure models directly within SQL files?
    This will override configurations stated in dbt_project.yml

    Try changing "table" to "view" below
*/



with source_data as (

    select 1 as id
    union all
    select null as id

)

select *
from source_data

/*
    Uncomment the line below to remove records with null `id` values
*/

-- where id is not null
    );
  
  
[0m12:33:04.454105 [debug] [Thread-1 (]: SQL status: OK in 0.001 seconds
[0m12:33:04.460923 [debug] [Thread-1 (]: Using duckdb connection "model.customer_revenue_analytics_lab1.my_first_dbt_model"
[0m12:33:04.461417 [debug] [Thread-1 (]: On model.customer_revenue_analytics_lab1.my_first_dbt_model: /* {"app": "dbt", "dbt_version": "1.12.0", "profile_name": "customer_revenue_analytics_lab1", "target_name": "dev", "node_id": "model.customer_revenue_analytics_lab1.my_first_dbt_model"} */

    SELECT index_name
    FROM duckdb_indexes()
    WHERE schema_name = 'main'
      AND table_name = 'my_first_dbt_model'
  
[0m12:33:04.462567 [debug] [Thread-1 (]: SQL status: OK in 0.001 seconds
[0m12:33:04.464857 [debug] [Thread-1 (]: Using duckdb connection "model.customer_revenue_analytics_lab1.my_first_dbt_model"
[0m12:33:04.465606 [debug] [Thread-1 (]: On model.customer_revenue_analytics_lab1.my_first_dbt_model: /* {"app": "dbt", "dbt_version": "1.12.0", "profile_name": "customer_revenue_analytics_lab1", "target_name": "dev", "node_id": "model.customer_revenue_analytics_lab1.my_first_dbt_model"} */

    SELECT COUNT(*) as remaining_indexes
    FROM duckdb_indexes()
    WHERE schema_name = 'main'
      AND table_name = 'my_first_dbt_model'
  
[0m12:33:04.466925 [debug] [Thread-1 (]: SQL status: OK in 0.001 seconds
[0m12:33:04.475178 [debug] [Thread-1 (]: Using duckdb connection "model.customer_revenue_analytics_lab1.my_first_dbt_model"
[0m12:33:04.475732 [debug] [Thread-1 (]: On model.customer_revenue_analytics_lab1.my_first_dbt_model: /* {"app": "dbt", "dbt_version": "1.12.0", "profile_name": "customer_revenue_analytics_lab1", "target_name": "dev", "node_id": "model.customer_revenue_analytics_lab1.my_first_dbt_model"} */
alter table "dev"."main"."my_first_dbt_model" rename to "my_first_dbt_model__dbt_backup"
[0m12:33:04.476658 [debug] [Thread-1 (]: SQL status: OK in 0.000 seconds
[0m12:33:04.479096 [debug] [Thread-1 (]: Using duckdb connection "model.customer_revenue_analytics_lab1.my_first_dbt_model"
[0m12:33:04.479758 [debug] [Thread-1 (]: On model.customer_revenue_analytics_lab1.my_first_dbt_model: /* {"app": "dbt", "dbt_version": "1.12.0", "profile_name": "customer_revenue_analytics_lab1", "target_name": "dev", "node_id": "model.customer_revenue_analytics_lab1.my_first_dbt_model"} */
alter table "dev"."main"."my_first_dbt_model__dbt_tmp" rename to "my_first_dbt_model"
[0m12:33:04.482473 [debug] [Thread-1 (]: SQL status: OK in 0.001 seconds
[0m12:33:04.512515 [debug] [Thread-1 (]: On model.customer_revenue_analytics_lab1.my_first_dbt_model: COMMIT
[0m12:33:04.513068 [debug] [Thread-1 (]: Using duckdb connection "model.customer_revenue_analytics_lab1.my_first_dbt_model"
[0m12:33:04.513470 [debug] [Thread-1 (]: On model.customer_revenue_analytics_lab1.my_first_dbt_model: COMMIT
[0m12:33:04.517269 [debug] [Thread-1 (]: SQL status: OK in 0.003 seconds
[0m12:33:04.523835 [debug] [Thread-1 (]: Using duckdb connection "model.customer_revenue_analytics_lab1.my_first_dbt_model"
[0m12:33:04.524322 [debug] [Thread-1 (]: On model.customer_revenue_analytics_lab1.my_first_dbt_model: /* {"app": "dbt", "dbt_version": "1.12.0", "profile_name": "customer_revenue_analytics_lab1", "target_name": "dev", "node_id": "model.customer_revenue_analytics_lab1.my_first_dbt_model"} */

      drop table if exists "dev"."main"."my_first_dbt_model__dbt_backup" cascade
    
[0m12:33:04.526327 [debug] [Thread-1 (]: SQL status: OK in 0.001 seconds
[0m12:33:04.530377 [debug] [Thread-1 (]: On model.customer_revenue_analytics_lab1.my_first_dbt_model: Close
[0m12:33:04.531501 [debug] [Thread-1 (]: Sending event: {'category': 'dbt', 'action': 'run_model', 'label': '54909978-cf65-45b0-8f41-14f93e9f492a', 'context': [<snowplow_tracker.self_describing_json.SelfDescribingJson object at 0x000001E02A382990>]}
[0m12:33:04.532625 [info ] [Thread-1 (]: 2 of 3 OK created sql table model main.my_first_dbt_model ...................... [[32mOK[0m in 0.12s]
[0m12:33:04.533701 [debug] [Thread-1 (]: Finished running node model.customer_revenue_analytics_lab1.my_first_dbt_model
[0m12:33:04.534680 [debug] [Thread-1 (]: Began running node model.customer_revenue_analytics_lab1.my_second_dbt_model
[0m12:33:04.535594 [info ] [Thread-1 (]: 3 of 3 START sql view model main.my_second_dbt_model ........................... [RUN]
[0m12:33:04.536548 [debug] [Thread-1 (]: Re-using an available connection from the pool (formerly model.customer_revenue_analytics_lab1.my_first_dbt_model, now model.customer_revenue_analytics_lab1.my_second_dbt_model)
[0m12:33:04.537039 [debug] [Thread-1 (]: Began compiling node model.customer_revenue_analytics_lab1.my_second_dbt_model
[0m12:33:04.540105 [debug] [Thread-1 (]: Writing injected SQL for node "model.customer_revenue_analytics_lab1.my_second_dbt_model"
[0m12:33:04.541505 [debug] [Thread-1 (]: Began executing node model.customer_revenue_analytics_lab1.my_second_dbt_model
[0m12:33:04.546385 [debug] [Thread-1 (]: Writing runtime sql for node "model.customer_revenue_analytics_lab1.my_second_dbt_model"
[0m12:33:04.547813 [debug] [Thread-1 (]: Using duckdb connection "model.customer_revenue_analytics_lab1.my_second_dbt_model"
[0m12:33:04.548362 [debug] [Thread-1 (]: On model.customer_revenue_analytics_lab1.my_second_dbt_model: BEGIN
[0m12:33:04.549738 [debug] [Thread-1 (]: Opening a new connection, currently in state closed
[0m12:33:04.551037 [debug] [Thread-1 (]: SQL status: OK in 0.001 seconds
[0m12:33:04.551727 [debug] [Thread-1 (]: Using duckdb connection "model.customer_revenue_analytics_lab1.my_second_dbt_model"
[0m12:33:04.552425 [debug] [Thread-1 (]: On model.customer_revenue_analytics_lab1.my_second_dbt_model: /* {"app": "dbt", "dbt_version": "1.12.0", "profile_name": "customer_revenue_analytics_lab1", "target_name": "dev", "node_id": "model.customer_revenue_analytics_lab1.my_second_dbt_model"} */

  
  create view "dev"."main"."my_second_dbt_model__dbt_tmp" as (
    -- Use the `ref` function to select from other models

select *
from "dev"."main"."my_first_dbt_model"
where id = 1
  );

[0m12:33:04.553826 [debug] [Thread-1 (]: SQL status: OK in 0.001 seconds
[0m12:33:04.557838 [debug] [Thread-1 (]: Using duckdb connection "model.customer_revenue_analytics_lab1.my_second_dbt_model"
[0m12:33:04.558553 [debug] [Thread-1 (]: On model.customer_revenue_analytics_lab1.my_second_dbt_model: /* {"app": "dbt", "dbt_version": "1.12.0", "profile_name": "customer_revenue_analytics_lab1", "target_name": "dev", "node_id": "model.customer_revenue_analytics_lab1.my_second_dbt_model"} */
alter view "dev"."main"."my_second_dbt_model" rename to "my_second_dbt_model__dbt_backup"
[0m12:33:04.559850 [debug] [Thread-1 (]: SQL status: OK in 0.001 seconds
[0m12:33:04.563173 [debug] [Thread-1 (]: Using duckdb connection "model.customer_revenue_analytics_lab1.my_second_dbt_model"
[0m12:33:04.564010 [debug] [Thread-1 (]: On model.customer_revenue_analytics_lab1.my_second_dbt_model: /* {"app": "dbt", "dbt_version": "1.12.0", "profile_name": "customer_revenue_analytics_lab1", "target_name": "dev", "node_id": "model.customer_revenue_analytics_lab1.my_second_dbt_model"} */
alter view "dev"."main"."my_second_dbt_model__dbt_tmp" rename to "my_second_dbt_model"
[0m12:33:04.565307 [debug] [Thread-1 (]: SQL status: OK in 0.001 seconds
[0m12:33:04.568340 [debug] [Thread-1 (]: On model.customer_revenue_analytics_lab1.my_second_dbt_model: COMMIT
[0m12:33:04.569040 [debug] [Thread-1 (]: Using duckdb connection "model.customer_revenue_analytics_lab1.my_second_dbt_model"
[0m12:33:04.569728 [debug] [Thread-1 (]: On model.customer_revenue_analytics_lab1.my_second_dbt_model: COMMIT
[0m12:33:04.573849 [debug] [Thread-1 (]: SQL status: OK in 0.003 seconds
[0m12:33:04.576054 [debug] [Thread-1 (]: Using duckdb connection "model.customer_revenue_analytics_lab1.my_second_dbt_model"
[0m12:33:04.576768 [debug] [Thread-1 (]: On model.customer_revenue_analytics_lab1.my_second_dbt_model: /* {"app": "dbt", "dbt_version": "1.12.0", "profile_name": "customer_revenue_analytics_lab1", "target_name": "dev", "node_id": "model.customer_revenue_analytics_lab1.my_second_dbt_model"} */

      drop view if exists "dev"."main"."my_second_dbt_model__dbt_backup" cascade
    
[0m12:33:04.578528 [debug] [Thread-1 (]: SQL status: OK in 0.001 seconds
[0m12:33:04.580696 [debug] [Thread-1 (]: On model.customer_revenue_analytics_lab1.my_second_dbt_model: Close
[0m12:33:04.581420 [debug] [Thread-1 (]: Sending event: {'category': 'dbt', 'action': 'run_model', 'label': '54909978-cf65-45b0-8f41-14f93e9f492a', 'context': [<snowplow_tracker.self_describing_json.SelfDescribingJson object at 0x000001E02A8105F0>]}
[0m12:33:04.582220 [info ] [Thread-1 (]: 3 of 3 OK created sql view model main.my_second_dbt_model ...................... [[32mOK[0m in 0.04s]
[0m12:33:04.583130 [debug] [Thread-1 (]: Finished running node model.customer_revenue_analytics_lab1.my_second_dbt_model
[0m12:33:04.584804 [debug] [MainThread]: Using duckdb connection "master"
[0m12:33:04.585207 [debug] [MainThread]: On master: BEGIN
[0m12:33:04.585554 [debug] [MainThread]: Opening a new connection, currently in state closed
[0m12:33:04.586327 [debug] [MainThread]: SQL status: OK in 0.001 seconds
[0m12:33:04.586690 [debug] [MainThread]: On master: COMMIT
[0m12:33:04.587031 [debug] [MainThread]: Using duckdb connection "master"
[0m12:33:04.587345 [debug] [MainThread]: On master: COMMIT
[0m12:33:04.587975 [debug] [MainThread]: SQL status: OK in 0.000 seconds
[0m12:33:04.588558 [debug] [MainThread]: On master: Close
[0m12:33:04.589311 [debug] [MainThread]: Connection 'master' was properly closed.
[0m12:33:04.589885 [debug] [MainThread]: Connection 'create_dev_main' was properly closed.
[0m12:33:04.590420 [debug] [MainThread]: Connection 'list_dev_main' was properly closed.
[0m12:33:04.591082 [debug] [MainThread]: Connection 'model.customer_revenue_analytics_lab1.my_second_dbt_model' was properly closed.
[0m12:33:04.591793 [info ] [MainThread]: 
[0m12:33:04.594148 [info ] [MainThread]: Finished running 1 table model, 2 view models in 0 hours 0 minutes and 0.50 seconds (0.50s).
[0m12:33:04.596807 [debug] [MainThread]: Command end result
[0m12:33:04.651998 [debug] [MainThread]: Wrote artifact WritableManifest to C:\dbt_demo\customer_revenue_analytics_lab1\target\manifest.json
[0m12:33:04.656381 [debug] [MainThread]: Wrote artifact SemanticManifest to C:\dbt_demo\customer_revenue_analytics_lab1\target\semantic_manifest.json
[0m12:33:04.661024 [debug] [MainThread]: Wrote artifact OsiDocument to C:\dbt_demo\customer_revenue_analytics_lab1\target\osi_document.json
[0m12:33:04.673831 [debug] [MainThread]: Wrote artifact RunExecutionResult to C:\dbt_demo\customer_revenue_analytics_lab1\target\run_results.json
[0m12:33:04.674436 [info ] [MainThread]: 
[0m12:33:04.675198 [info ] [MainThread]: [31mCompleted with 1 error, 0 partial successes, and 0 warnings:[0m
[0m12:33:04.675852 [info ] [MainThread]: 
[0m12:33:04.676657 [error] [MainThread]: [[31mERROR[0m]: in model customer_sales (models\example\customer_sales.sql)
[0m12:33:04.677370 [error] [MainThread]:   Runtime Error in model customer_sales (models\example\customer_sales.sql)
  Binder Error: column "customer" must appear in the GROUP BY clause or must be part of an aggregate function.
  Either add it to the GROUP BY list, or use "ANY_VALUE(customer)" if the exact value of "customer" is not important.
  
  LINE 6:      customer,
               ^
[0m12:33:04.677997 [info ] [MainThread]: 
[0m12:33:04.678796 [info ] [MainThread]:   compiled code at target\compiled\customer_revenue_analytics_lab1\models\example\customer_sales.sql
[0m12:33:04.679382 [info ] [MainThread]: 
[0m12:33:04.680425 [info ] [MainThread]: Done. PASS=2 WARN=0 ERROR=1 SKIP=0 NO-OP=0 REUSED=0 TOTAL=3
[0m12:33:04.681518 [debug] [MainThread]: Command `dbt run` failed at 12:33:04.681361 after 2.98 seconds
[0m12:33:04.682026 [debug] [MainThread]: Sending event: {'category': 'dbt', 'action': 'invocation', 'label': 'end', 'context': [<snowplow_tracker.self_describing_json.SelfDescribingJson object at 0x000001E02A428950>, <snowplow_tracker.self_describing_json.SelfDescribingJson object at 0x000001E02A33FAD0>, <snowplow_tracker.self_describing_json.SelfDescribingJson object at 0x000001E0297CAD60>]}
[0m12:33:04.682687 [debug] [MainThread]: Flushing usage events
[0m12:33:05.934587 [debug] [MainThread]: An error was encountered while trying to flush usage events
[0m12:33:38.900724 [debug] [MainThread]: Sending event: {'category': 'dbt', 'action': 'invocation', 'label': 'start', 'context': [<snowplow_tracker.self_describing_json.SelfDescribingJson object at 0x0000014AE224D2B0>, <snowplow_tracker.self_describing_json.SelfDescribingJson object at 0x0000014AE49A3ED0>, <snowplow_tracker.self_describing_json.SelfDescribingJson object at 0x0000014AE49A3750>]}


============================== 12:33:38.907215 | 8b83541f-7f18-4cee-998d-37010c28add7 ==============================
[0m12:33:38.907215 [info ] [MainThread]: Running with dbt=1.12.0
[0m12:33:38.908165 [debug] [MainThread]: running dbt with arguments {'maximum_seed_size_mib': '1', 'no_print': 'None', 'version_check': 'True', 'warn_error_options': 'WarnErrorOptionsV2(error=[], warn=[], silence=[])', 'static_parser': 'True', 'target_path': 'None', 'printer_width': '80', 'write_json': 'True', 'empty': 'False', 'log_cache_events': 'False', 'introspect': 'True', 'cache_selected_only': 'False', 'fail_fast': 'False', 'debug': 'False', 'log_format': 'default', 'partial_parse': 'True', 'send_anonymous_usage_stats': 'True', 'quiet': 'False', 'warn_error': 'None', 'profiles_dir': 'C:\\Users\\ganas\\.dbt', 'use_colors': 'True', 'hints_enabled': 'True', 'invocation_command': 'dbt run', 'use_experimental_parser': 'False', 'indirect_selection': 'eager', 'log_path': 'C:\\dbt_demo\\customer_revenue_analytics_lab1\\logs'}
[0m12:33:39.257296 [debug] [MainThread]: Sending event: {'category': 'dbt', 'action': 'project_id', 'label': '8b83541f-7f18-4cee-998d-37010c28add7', 'context': [<snowplow_tracker.self_describing_json.SelfDescribingJson object at 0x0000014AE2935A70>]}
[0m12:33:39.356247 [debug] [MainThread]: Sending event: {'category': 'dbt', 'action': 'adapter_info', 'label': '8b83541f-7f18-4cee-998d-37010c28add7', 'context': [<snowplow_tracker.self_describing_json.SelfDescribingJson object at 0x0000014AE4B23020>]}
[0m12:33:39.359432 [info ] [MainThread]: Registered adapter: duckdb=1.10.1
[0m12:33:39.717532 [debug] [MainThread]: checksum: 024111baf3b4c807d28d4840b1322898270ef1207e9b5c8ecf6ac433743b0014, vars: {}, profile: customer_revenue_analytics_lab1, target: dev, version: 1.12.0
[0m12:33:40.021083 [debug] [MainThread]: Partial parsing enabled: 0 files deleted, 0 files added, 1 files changed.
[0m12:33:40.022107 [debug] [MainThread]: Partial parsing: updated file: customer_revenue_analytics_lab1://models\example\customer_sales.sql
[0m12:33:40.496567 [debug] [MainThread]: Sending event: {'category': 'dbt', 'action': 'load_project', 'label': '8b83541f-7f18-4cee-998d-37010c28add7', 'context': [<snowplow_tracker.self_describing_json.SelfDescribingJson object at 0x0000014AE5203750>]}
[0m12:33:40.627099 [debug] [MainThread]: Wrote artifact WritableManifest to C:\dbt_demo\customer_revenue_analytics_lab1\target\manifest.json
[0m12:33:40.632301 [debug] [MainThread]: Wrote artifact SemanticManifest to C:\dbt_demo\customer_revenue_analytics_lab1\target\semantic_manifest.json
[0m12:33:40.661757 [debug] [MainThread]: Wrote artifact OsiDocument to C:\dbt_demo\customer_revenue_analytics_lab1\target\osi_document.json
[0m12:33:40.677105 [debug] [MainThread]: Sending event: {'category': 'dbt', 'action': 'resource_counts', 'label': '8b83541f-7f18-4cee-998d-37010c28add7', 'context': [<snowplow_tracker.self_describing_json.SelfDescribingJson object at 0x0000014AE5520500>]}
[0m12:33:40.677756 [info ] [MainThread]: Found 3 models, 1 seed, 4 data tests, 486 macros
[0m12:33:40.678496 [debug] [MainThread]: Sending event: {'category': 'dbt', 'action': 'runnable_timing', 'label': '8b83541f-7f18-4cee-998d-37010c28add7', 'context': [<snowplow_tracker.self_describing_json.SelfDescribingJson object at 0x0000014AE54D3A10>]}
[0m12:33:40.681342 [info ] [MainThread]: 
[0m12:33:40.682097 [info ] [MainThread]: Concurrency: 1 threads (target='dev')
[0m12:33:40.682689 [info ] [MainThread]: 
[0m12:33:40.683628 [debug] [MainThread]: Acquiring new duckdb connection 'master'
[0m12:33:40.691804 [debug] [ThreadPool]: Acquiring new duckdb connection 'list_dev'
[0m12:33:40.774459 [debug] [ThreadPool]: Using duckdb connection "list_dev"
[0m12:33:40.775050 [debug] [ThreadPool]: On list_dev: /* {"app": "dbt", "dbt_version": "1.12.0", "profile_name": "customer_revenue_analytics_lab1", "target_name": "dev", "connection_name": "list_dev"} */

    
    select schema_name
    from system.information_schema.schemata
    
    where lower(catalog_name) = '"dev"'
    
  
  
[0m12:33:40.775671 [debug] [ThreadPool]: Opening a new connection, currently in state init
[0m12:33:40.801192 [debug] [ThreadPool]: SQL status: OK in 0.026 seconds
[0m12:33:40.803471 [debug] [ThreadPool]: On list_dev: Close
[0m12:33:40.804655 [debug] [ThreadPool]: Re-using an available connection from the pool (formerly list_dev, now create_dev_main)
[0m12:33:40.805308 [debug] [ThreadPool]: Creating schema "database: "dev"
schema: "main"
"
[0m12:33:40.813075 [debug] [ThreadPool]: Using duckdb connection "create_dev_main"
[0m12:33:40.813592 [debug] [ThreadPool]: On create_dev_main: /* {"app": "dbt", "dbt_version": "1.12.0", "profile_name": "customer_revenue_analytics_lab1", "target_name": "dev", "connection_name": "create_dev_main"} */

    
        select type from duckdb_databases()
        where lower(database_name)='dev'
        and type='sqlite'
    
  
[0m12:33:40.814141 [debug] [ThreadPool]: Opening a new connection, currently in state closed
[0m12:33:40.815732 [debug] [ThreadPool]: SQL status: OK in 0.002 seconds
[0m12:33:40.817273 [debug] [ThreadPool]: Using duckdb connection "create_dev_main"
[0m12:33:40.817868 [debug] [ThreadPool]: On create_dev_main: BEGIN
[0m12:33:40.818775 [debug] [ThreadPool]: SQL status: OK in 0.000 seconds
[0m12:33:40.819256 [debug] [ThreadPool]: Using duckdb connection "create_dev_main"
[0m12:33:40.819813 [debug] [ThreadPool]: On create_dev_main: /* {"app": "dbt", "dbt_version": "1.12.0", "profile_name": "customer_revenue_analytics_lab1", "target_name": "dev", "connection_name": "create_dev_main"} */

    
    
        create schema if not exists "dev"."main"
    
[0m12:33:40.821019 [debug] [ThreadPool]: SQL status: OK in 0.001 seconds
[0m12:33:40.822679 [debug] [ThreadPool]: On create_dev_main: COMMIT
[0m12:33:40.823312 [debug] [ThreadPool]: Using duckdb connection "create_dev_main"
[0m12:33:40.823837 [debug] [ThreadPool]: On create_dev_main: COMMIT
[0m12:33:40.824636 [debug] [ThreadPool]: SQL status: OK in 0.000 seconds
[0m12:33:40.825228 [debug] [ThreadPool]: On create_dev_main: Close
[0m12:33:40.828305 [debug] [ThreadPool]: Acquiring new duckdb connection 'list_dev_main'
[0m12:33:40.836420 [debug] [ThreadPool]: Using duckdb connection "list_dev_main"
[0m12:33:40.837124 [debug] [ThreadPool]: On list_dev_main: BEGIN
[0m12:33:40.837685 [debug] [ThreadPool]: Opening a new connection, currently in state init
[0m12:33:40.839429 [debug] [ThreadPool]: SQL status: OK in 0.002 seconds
[0m12:33:40.839956 [debug] [ThreadPool]: Using duckdb connection "list_dev_main"
[0m12:33:40.840514 [debug] [ThreadPool]: On list_dev_main: /* {"app": "dbt", "dbt_version": "1.12.0", "profile_name": "customer_revenue_analytics_lab1", "target_name": "dev", "connection_name": "list_dev_main"} */
select
      'dev' as database,
      table_name as name,
      table_schema as schema,
      CASE table_type
        WHEN 'BASE TABLE' THEN 'table'
        WHEN 'VIEW' THEN 'view'
        WHEN 'LOCAL TEMPORARY' THEN 'table'
        END as type
    from system.information_schema.tables
    where lower(table_schema) = 'main'
    and lower(table_catalog) = 'dev'
  
[0m12:33:40.846198 [debug] [ThreadPool]: SQL status: OK in 0.005 seconds
[0m12:33:40.848782 [debug] [ThreadPool]: On list_dev_main: ROLLBACK
[0m12:33:40.850653 [debug] [ThreadPool]: Failed to rollback 'list_dev_main'
[0m12:33:40.851131 [debug] [ThreadPool]: On list_dev_main: Close
[0m12:33:40.852935 [debug] [MainThread]: Sending event: {'category': 'dbt', 'action': 'runnable_timing', 'label': '8b83541f-7f18-4cee-998d-37010c28add7', 'context': [<snowplow_tracker.self_describing_json.SelfDescribingJson object at 0x0000014AE527FA00>]}
[0m12:33:40.853525 [debug] [MainThread]: Using duckdb connection "master"
[0m12:33:40.854016 [debug] [MainThread]: On master: BEGIN
[0m12:33:40.854320 [debug] [MainThread]: Opening a new connection, currently in state init
[0m12:33:40.854998 [debug] [MainThread]: SQL status: OK in 0.001 seconds
[0m12:33:40.855371 [debug] [MainThread]: On master: COMMIT
[0m12:33:40.855703 [debug] [MainThread]: Using duckdb connection "master"
[0m12:33:40.856020 [debug] [MainThread]: On master: COMMIT
[0m12:33:40.856621 [debug] [MainThread]: SQL status: OK in 0.000 seconds
[0m12:33:40.856963 [debug] [MainThread]: On master: Close
[0m12:33:40.860774 [debug] [Thread-1 (]: Began running node model.customer_revenue_analytics_lab1.customer_sales
[0m12:33:40.861437 [info ] [Thread-1 (]: 1 of 3 START sql view model main.customer_sales ................................ [RUN]
[0m12:33:40.862521 [debug] [Thread-1 (]: Acquiring new duckdb connection 'model.customer_revenue_analytics_lab1.customer_sales'
[0m12:33:40.863171 [debug] [Thread-1 (]: Began compiling node model.customer_revenue_analytics_lab1.customer_sales
[0m12:33:40.871791 [debug] [Thread-1 (]: Writing injected SQL for node "model.customer_revenue_analytics_lab1.customer_sales"
[0m12:33:40.873420 [debug] [Thread-1 (]: Began executing node model.customer_revenue_analytics_lab1.customer_sales
[0m12:33:40.920044 [debug] [Thread-1 (]: Writing runtime sql for node "model.customer_revenue_analytics_lab1.customer_sales"
[0m12:33:40.921628 [debug] [Thread-1 (]: Using duckdb connection "model.customer_revenue_analytics_lab1.customer_sales"
[0m12:33:40.922350 [debug] [Thread-1 (]: On model.customer_revenue_analytics_lab1.customer_sales: BEGIN
[0m12:33:40.922820 [debug] [Thread-1 (]: Opening a new connection, currently in state init
[0m12:33:40.923928 [debug] [Thread-1 (]: SQL status: OK in 0.001 seconds
[0m12:33:40.924353 [debug] [Thread-1 (]: Using duckdb connection "model.customer_revenue_analytics_lab1.customer_sales"
[0m12:33:40.924739 [debug] [Thread-1 (]: On model.customer_revenue_analytics_lab1.customer_sales: /* {"app": "dbt", "dbt_version": "1.12.0", "profile_name": "customer_revenue_analytics_lab1", "target_name": "dev", "node_id": "model.customer_revenue_analytics_lab1.customer_sales"} */

  
  create view "dev"."main"."customer_sales__dbt_tmp" as (
    SELECT
     customer,
     COUNT(order_id) AS total_orders_count,
     SUM(amount) AS total_spending,
     AVG(amount) AS average_order_value,
     SUM(amount) AS revenue
FROM "dev"."main"."sales_data"
GROUP BY customer
ORDER BY revenue DESC
  );

[0m12:33:40.926118 [debug] [Thread-1 (]: SQL status: OK in 0.001 seconds
[0m12:33:40.934798 [debug] [Thread-1 (]: Using duckdb connection "model.customer_revenue_analytics_lab1.customer_sales"
[0m12:33:40.935641 [debug] [Thread-1 (]: On model.customer_revenue_analytics_lab1.customer_sales: /* {"app": "dbt", "dbt_version": "1.12.0", "profile_name": "customer_revenue_analytics_lab1", "target_name": "dev", "node_id": "model.customer_revenue_analytics_lab1.customer_sales"} */
alter view "dev"."main"."customer_sales" rename to "customer_sales__dbt_backup"
[0m12:33:40.936745 [debug] [Thread-1 (]: SQL status: OK in 0.001 seconds
[0m12:33:40.939395 [debug] [Thread-1 (]: Using duckdb connection "model.customer_revenue_analytics_lab1.customer_sales"
[0m12:33:40.940154 [debug] [Thread-1 (]: On model.customer_revenue_analytics_lab1.customer_sales: /* {"app": "dbt", "dbt_version": "1.12.0", "profile_name": "customer_revenue_analytics_lab1", "target_name": "dev", "node_id": "model.customer_revenue_analytics_lab1.customer_sales"} */
alter view "dev"."main"."customer_sales__dbt_tmp" rename to "customer_sales"
[0m12:33:40.941211 [debug] [Thread-1 (]: SQL status: OK in 0.000 seconds
[0m12:33:40.958404 [debug] [Thread-1 (]: On model.customer_revenue_analytics_lab1.customer_sales: COMMIT
[0m12:33:40.959105 [debug] [Thread-1 (]: Using duckdb connection "model.customer_revenue_analytics_lab1.customer_sales"
[0m12:33:40.960176 [debug] [Thread-1 (]: On model.customer_revenue_analytics_lab1.customer_sales: COMMIT
[0m12:33:40.970870 [debug] [Thread-1 (]: SQL status: OK in 0.010 seconds
[0m12:33:40.977184 [debug] [Thread-1 (]: Using duckdb connection "model.customer_revenue_analytics_lab1.customer_sales"
[0m12:33:40.977655 [debug] [Thread-1 (]: On model.customer_revenue_analytics_lab1.customer_sales: /* {"app": "dbt", "dbt_version": "1.12.0", "profile_name": "customer_revenue_analytics_lab1", "target_name": "dev", "node_id": "model.customer_revenue_analytics_lab1.customer_sales"} */

      drop view if exists "dev"."main"."customer_sales__dbt_backup" cascade
    
[0m12:33:40.979311 [debug] [Thread-1 (]: SQL status: OK in 0.001 seconds
[0m12:33:40.982404 [debug] [Thread-1 (]: On model.customer_revenue_analytics_lab1.customer_sales: Close
[0m12:33:40.984717 [debug] [Thread-1 (]: Sending event: {'category': 'dbt', 'action': 'run_model', 'label': '8b83541f-7f18-4cee-998d-37010c28add7', 'context': [<snowplow_tracker.self_describing_json.SelfDescribingJson object at 0x0000014AE57A1610>]}
[0m12:33:40.985491 [info ] [Thread-1 (]: 1 of 3 OK created sql view model main.customer_sales ........................... [[32mOK[0m in 0.12s]
[0m12:33:40.986676 [debug] [Thread-1 (]: Finished running node model.customer_revenue_analytics_lab1.customer_sales
[0m12:33:40.987369 [debug] [Thread-1 (]: Began running node model.customer_revenue_analytics_lab1.my_first_dbt_model
[0m12:33:40.988068 [info ] [Thread-1 (]: 2 of 3 START sql table model main.my_first_dbt_model ........................... [RUN]
[0m12:33:40.988865 [debug] [Thread-1 (]: Re-using an available connection from the pool (formerly model.customer_revenue_analytics_lab1.customer_sales, now model.customer_revenue_analytics_lab1.my_first_dbt_model)
[0m12:33:40.989646 [debug] [Thread-1 (]: Began compiling node model.customer_revenue_analytics_lab1.my_first_dbt_model
[0m12:33:40.991987 [debug] [Thread-1 (]: Writing injected SQL for node "model.customer_revenue_analytics_lab1.my_first_dbt_model"
[0m12:33:40.993298 [debug] [Thread-1 (]: Began executing node model.customer_revenue_analytics_lab1.my_first_dbt_model
[0m12:33:41.023128 [debug] [Thread-1 (]: Writing runtime sql for node "model.customer_revenue_analytics_lab1.my_first_dbt_model"
[0m12:33:41.025060 [debug] [Thread-1 (]: Using duckdb connection "model.customer_revenue_analytics_lab1.my_first_dbt_model"
[0m12:33:41.025664 [debug] [Thread-1 (]: On model.customer_revenue_analytics_lab1.my_first_dbt_model: BEGIN
[0m12:33:41.026134 [debug] [Thread-1 (]: Opening a new connection, currently in state closed
[0m12:33:41.026996 [debug] [Thread-1 (]: SQL status: OK in 0.001 seconds
[0m12:33:41.027452 [debug] [Thread-1 (]: Using duckdb connection "model.customer_revenue_analytics_lab1.my_first_dbt_model"
[0m12:33:41.028153 [debug] [Thread-1 (]: On model.customer_revenue_analytics_lab1.my_first_dbt_model: /* {"app": "dbt", "dbt_version": "1.12.0", "profile_name": "customer_revenue_analytics_lab1", "target_name": "dev", "node_id": "model.customer_revenue_analytics_lab1.my_first_dbt_model"} */

  
    
    

    create  table
      "dev"."main"."my_first_dbt_model__dbt_tmp"
  
    as (
      /*
    Welcome to your first dbt model!
    Did you know that you can also configure models directly within SQL files?
    This will override configurations stated in dbt_project.yml

    Try changing "table" to "view" below
*/



with source_data as (

    select 1 as id
    union all
    select null as id

)

select *
from source_data

/*
    Uncomment the line below to remove records with null `id` values
*/

-- where id is not null
    );
  
  
[0m12:33:41.030227 [debug] [Thread-1 (]: SQL status: OK in 0.001 seconds
[0m12:33:41.038150 [debug] [Thread-1 (]: Using duckdb connection "model.customer_revenue_analytics_lab1.my_first_dbt_model"
[0m12:33:41.038792 [debug] [Thread-1 (]: On model.customer_revenue_analytics_lab1.my_first_dbt_model: /* {"app": "dbt", "dbt_version": "1.12.0", "profile_name": "customer_revenue_analytics_lab1", "target_name": "dev", "node_id": "model.customer_revenue_analytics_lab1.my_first_dbt_model"} */

    SELECT index_name
    FROM duckdb_indexes()
    WHERE schema_name = 'main'
      AND table_name = 'my_first_dbt_model'
  
[0m12:33:41.040458 [debug] [Thread-1 (]: SQL status: OK in 0.001 seconds
[0m12:33:41.042337 [debug] [Thread-1 (]: Using duckdb connection "model.customer_revenue_analytics_lab1.my_first_dbt_model"
[0m12:33:41.042791 [debug] [Thread-1 (]: On model.customer_revenue_analytics_lab1.my_first_dbt_model: /* {"app": "dbt", "dbt_version": "1.12.0", "profile_name": "customer_revenue_analytics_lab1", "target_name": "dev", "node_id": "model.customer_revenue_analytics_lab1.my_first_dbt_model"} */

    SELECT COUNT(*) as remaining_indexes
    FROM duckdb_indexes()
    WHERE schema_name = 'main'
      AND table_name = 'my_first_dbt_model'
  
[0m12:33:41.044387 [debug] [Thread-1 (]: SQL status: OK in 0.001 seconds
[0m12:33:41.047912 [debug] [Thread-1 (]: Using duckdb connection "model.customer_revenue_analytics_lab1.my_first_dbt_model"
[0m12:33:41.048568 [debug] [Thread-1 (]: On model.customer_revenue_analytics_lab1.my_first_dbt_model: /* {"app": "dbt", "dbt_version": "1.12.0", "profile_name": "customer_revenue_analytics_lab1", "target_name": "dev", "node_id": "model.customer_revenue_analytics_lab1.my_first_dbt_model"} */
alter table "dev"."main"."my_first_dbt_model" rename to "my_first_dbt_model__dbt_backup"
[0m12:33:41.050410 [debug] [Thread-1 (]: SQL status: OK in 0.001 seconds
[0m12:33:41.053713 [debug] [Thread-1 (]: Using duckdb connection "model.customer_revenue_analytics_lab1.my_first_dbt_model"
[0m12:33:41.054184 [debug] [Thread-1 (]: On model.customer_revenue_analytics_lab1.my_first_dbt_model: /* {"app": "dbt", "dbt_version": "1.12.0", "profile_name": "customer_revenue_analytics_lab1", "target_name": "dev", "node_id": "model.customer_revenue_analytics_lab1.my_first_dbt_model"} */
alter table "dev"."main"."my_first_dbt_model__dbt_tmp" rename to "my_first_dbt_model"
[0m12:33:41.055061 [debug] [Thread-1 (]: SQL status: OK in 0.000 seconds
[0m12:33:41.062196 [debug] [Thread-1 (]: On model.customer_revenue_analytics_lab1.my_first_dbt_model: COMMIT
[0m12:33:41.062859 [debug] [Thread-1 (]: Using duckdb connection "model.customer_revenue_analytics_lab1.my_first_dbt_model"
[0m12:33:41.063273 [debug] [Thread-1 (]: On model.customer_revenue_analytics_lab1.my_first_dbt_model: COMMIT
[0m12:33:41.066115 [debug] [Thread-1 (]: SQL status: OK in 0.002 seconds
[0m12:33:41.067997 [debug] [Thread-1 (]: Using duckdb connection "model.customer_revenue_analytics_lab1.my_first_dbt_model"
[0m12:33:41.068616 [debug] [Thread-1 (]: On model.customer_revenue_analytics_lab1.my_first_dbt_model: /* {"app": "dbt", "dbt_version": "1.12.0", "profile_name": "customer_revenue_analytics_lab1", "target_name": "dev", "node_id": "model.customer_revenue_analytics_lab1.my_first_dbt_model"} */

      drop table if exists "dev"."main"."my_first_dbt_model__dbt_backup" cascade
    
[0m12:33:41.070599 [debug] [Thread-1 (]: SQL status: OK in 0.001 seconds
[0m12:33:41.072184 [debug] [Thread-1 (]: On model.customer_revenue_analytics_lab1.my_first_dbt_model: Close
[0m12:33:41.072881 [debug] [Thread-1 (]: Sending event: {'category': 'dbt', 'action': 'run_model', 'label': '8b83541f-7f18-4cee-998d-37010c28add7', 'context': [<snowplow_tracker.self_describing_json.SelfDescribingJson object at 0x0000014AE5536990>]}
[0m12:33:41.073725 [info ] [Thread-1 (]: 2 of 3 OK created sql table model main.my_first_dbt_model ...................... [[32mOK[0m in 0.08s]
[0m12:33:41.074932 [debug] [Thread-1 (]: Finished running node model.customer_revenue_analytics_lab1.my_first_dbt_model
[0m12:33:41.075826 [debug] [Thread-1 (]: Began running node model.customer_revenue_analytics_lab1.my_second_dbt_model
[0m12:33:41.076527 [info ] [Thread-1 (]: 3 of 3 START sql view model main.my_second_dbt_model ........................... [RUN]
[0m12:33:41.077323 [debug] [Thread-1 (]: Re-using an available connection from the pool (formerly model.customer_revenue_analytics_lab1.my_first_dbt_model, now model.customer_revenue_analytics_lab1.my_second_dbt_model)
[0m12:33:41.077870 [debug] [Thread-1 (]: Began compiling node model.customer_revenue_analytics_lab1.my_second_dbt_model
[0m12:33:41.080104 [debug] [Thread-1 (]: Writing injected SQL for node "model.customer_revenue_analytics_lab1.my_second_dbt_model"
[0m12:33:41.081491 [debug] [Thread-1 (]: Began executing node model.customer_revenue_analytics_lab1.my_second_dbt_model
[0m12:33:41.089312 [debug] [Thread-1 (]: Writing runtime sql for node "model.customer_revenue_analytics_lab1.my_second_dbt_model"
[0m12:33:41.091938 [debug] [Thread-1 (]: Using duckdb connection "model.customer_revenue_analytics_lab1.my_second_dbt_model"
[0m12:33:41.092644 [debug] [Thread-1 (]: On model.customer_revenue_analytics_lab1.my_second_dbt_model: BEGIN
[0m12:33:41.093253 [debug] [Thread-1 (]: Opening a new connection, currently in state closed
[0m12:33:41.094700 [debug] [Thread-1 (]: SQL status: OK in 0.001 seconds
[0m12:33:41.095355 [debug] [Thread-1 (]: Using duckdb connection "model.customer_revenue_analytics_lab1.my_second_dbt_model"
[0m12:33:41.096614 [debug] [Thread-1 (]: On model.customer_revenue_analytics_lab1.my_second_dbt_model: /* {"app": "dbt", "dbt_version": "1.12.0", "profile_name": "customer_revenue_analytics_lab1", "target_name": "dev", "node_id": "model.customer_revenue_analytics_lab1.my_second_dbt_model"} */

  
  create view "dev"."main"."my_second_dbt_model__dbt_tmp" as (
    -- Use the `ref` function to select from other models

select *
from "dev"."main"."my_first_dbt_model"
where id = 1
  );

[0m12:33:41.098073 [debug] [Thread-1 (]: SQL status: OK in 0.001 seconds
[0m12:33:41.101729 [debug] [Thread-1 (]: Using duckdb connection "model.customer_revenue_analytics_lab1.my_second_dbt_model"
[0m12:33:41.102322 [debug] [Thread-1 (]: On model.customer_revenue_analytics_lab1.my_second_dbt_model: /* {"app": "dbt", "dbt_version": "1.12.0", "profile_name": "customer_revenue_analytics_lab1", "target_name": "dev", "node_id": "model.customer_revenue_analytics_lab1.my_second_dbt_model"} */
alter view "dev"."main"."my_second_dbt_model" rename to "my_second_dbt_model__dbt_backup"
[0m12:33:41.103528 [debug] [Thread-1 (]: SQL status: OK in 0.001 seconds
[0m12:33:41.107049 [debug] [Thread-1 (]: Using duckdb connection "model.customer_revenue_analytics_lab1.my_second_dbt_model"
[0m12:33:41.107542 [debug] [Thread-1 (]: On model.customer_revenue_analytics_lab1.my_second_dbt_model: /* {"app": "dbt", "dbt_version": "1.12.0", "profile_name": "customer_revenue_analytics_lab1", "target_name": "dev", "node_id": "model.customer_revenue_analytics_lab1.my_second_dbt_model"} */
alter view "dev"."main"."my_second_dbt_model__dbt_tmp" rename to "my_second_dbt_model"
[0m12:33:41.108425 [debug] [Thread-1 (]: SQL status: OK in 0.000 seconds
[0m12:33:41.111624 [debug] [Thread-1 (]: On model.customer_revenue_analytics_lab1.my_second_dbt_model: COMMIT
[0m12:33:41.112296 [debug] [Thread-1 (]: Using duckdb connection "model.customer_revenue_analytics_lab1.my_second_dbt_model"
[0m12:33:41.112707 [debug] [Thread-1 (]: On model.customer_revenue_analytics_lab1.my_second_dbt_model: COMMIT
[0m12:33:41.114519 [debug] [Thread-1 (]: SQL status: OK in 0.001 seconds
[0m12:33:41.116966 [debug] [Thread-1 (]: Using duckdb connection "model.customer_revenue_analytics_lab1.my_second_dbt_model"
[0m12:33:41.117582 [debug] [Thread-1 (]: On model.customer_revenue_analytics_lab1.my_second_dbt_model: /* {"app": "dbt", "dbt_version": "1.12.0", "profile_name": "customer_revenue_analytics_lab1", "target_name": "dev", "node_id": "model.customer_revenue_analytics_lab1.my_second_dbt_model"} */

      drop view if exists "dev"."main"."my_second_dbt_model__dbt_backup" cascade
    
[0m12:33:41.119229 [debug] [Thread-1 (]: SQL status: OK in 0.001 seconds
[0m12:33:41.121321 [debug] [Thread-1 (]: On model.customer_revenue_analytics_lab1.my_second_dbt_model: Close
[0m12:33:41.122036 [debug] [Thread-1 (]: Sending event: {'category': 'dbt', 'action': 'run_model', 'label': '8b83541f-7f18-4cee-998d-37010c28add7', 'context': [<snowplow_tracker.self_describing_json.SelfDescribingJson object at 0x0000014AE596E850>]}
[0m12:33:41.122848 [info ] [Thread-1 (]: 3 of 3 OK created sql view model main.my_second_dbt_model ...................... [[32mOK[0m in 0.04s]
[0m12:33:41.124024 [debug] [Thread-1 (]: Finished running node model.customer_revenue_analytics_lab1.my_second_dbt_model
[0m12:33:41.125638 [debug] [MainThread]: Using duckdb connection "master"
[0m12:33:41.126285 [debug] [MainThread]: On master: BEGIN
[0m12:33:41.126612 [debug] [MainThread]: Opening a new connection, currently in state closed
[0m12:33:41.127290 [debug] [MainThread]: SQL status: OK in 0.001 seconds
[0m12:33:41.127850 [debug] [MainThread]: On master: COMMIT
[0m12:33:41.128325 [debug] [MainThread]: Using duckdb connection "master"
[0m12:33:41.128850 [debug] [MainThread]: On master: COMMIT
[0m12:33:41.129795 [debug] [MainThread]: SQL status: OK in 0.000 seconds
[0m12:33:41.130294 [debug] [MainThread]: On master: Close
[0m12:33:41.130790 [debug] [MainThread]: Connection 'master' was properly closed.
[0m12:33:41.131115 [debug] [MainThread]: Connection 'create_dev_main' was properly closed.
[0m12:33:41.131384 [debug] [MainThread]: Connection 'list_dev_main' was properly closed.
[0m12:33:41.131779 [debug] [MainThread]: Connection 'model.customer_revenue_analytics_lab1.my_second_dbt_model' was properly closed.
[0m12:33:41.132379 [info ] [MainThread]: 
[0m12:33:41.133115 [info ] [MainThread]: Finished running 1 table model, 2 view models in 0 hours 0 minutes and 0.45 seconds (0.45s).
[0m12:33:41.134763 [debug] [MainThread]: Command end result
[0m12:33:41.187541 [debug] [MainThread]: Wrote artifact WritableManifest to C:\dbt_demo\customer_revenue_analytics_lab1\target\manifest.json
[0m12:33:41.192564 [debug] [MainThread]: Wrote artifact SemanticManifest to C:\dbt_demo\customer_revenue_analytics_lab1\target\semantic_manifest.json
[0m12:33:41.198184 [debug] [MainThread]: Wrote artifact OsiDocument to C:\dbt_demo\customer_revenue_analytics_lab1\target\osi_document.json
[0m12:33:41.208638 [debug] [MainThread]: Wrote artifact RunExecutionResult to C:\dbt_demo\customer_revenue_analytics_lab1\target\run_results.json
[0m12:33:41.209520 [info ] [MainThread]: 
[0m12:33:41.210304 [info ] [MainThread]: [32mCompleted successfully[0m
[0m12:33:41.211069 [info ] [MainThread]: 
[0m12:33:41.212137 [info ] [MainThread]: Done. PASS=3 WARN=0 ERROR=0 SKIP=0 NO-OP=0 REUSED=0 TOTAL=3
[0m12:33:41.213297 [debug] [MainThread]: Command `dbt run` succeeded at 12:33:41.213136 after 2.55 seconds
[0m12:33:41.213830 [debug] [MainThread]: Sending event: {'category': 'dbt', 'action': 'invocation', 'label': 'end', 'context': [<snowplow_tracker.self_describing_json.SelfDescribingJson object at 0x0000014AE022E4D0>, <snowplow_tracker.self_describing_json.SelfDescribingJson object at 0x0000014AE55D8950>, <snowplow_tracker.self_describing_json.SelfDescribingJson object at 0x0000014AE49EAD60>]}
[0m12:33:41.214307 [debug] [MainThread]: Flushing usage events
[0m12:33:42.488669 [debug] [MainThread]: An error was encountered while trying to flush usage events
[0m12:33:48.612603 [debug] [MainThread]: Sending event: {'category': 'dbt', 'action': 'invocation', 'label': 'start', 'context': [<snowplow_tracker.self_describing_json.SelfDescribingJson object at 0x0000020ACFA3D2B0>, <snowplow_tracker.self_describing_json.SelfDescribingJson object at 0x0000020AD2193ED0>, <snowplow_tracker.self_describing_json.SelfDescribingJson object at 0x0000020AD2193750>]}


============================== 12:33:48.619378 | 604e2316-2929-45b8-be35-6b521eb1e508 ==============================
[0m12:33:48.619378 [info ] [MainThread]: Running with dbt=1.12.0
[0m12:33:48.620505 [debug] [MainThread]: running dbt with arguments {'static_parser': 'True', 'no_print': 'None', 'maximum_seed_size_mib': '1', 'warn_error_options': 'WarnErrorOptionsV2(error=[], warn=[], silence=[])', 'target_path': 'None', 'version_check': 'True', 'printer_width': '80', 'write_json': 'True', 'introspect': 'True', 'log_cache_events': 'False', 'empty': 'None', 'cache_selected_only': 'False', 'fail_fast': 'False', 'debug': 'False', 'log_format': 'default', 'profiles_dir': 'C:\\Users\\ganas\\.dbt', 'send_anonymous_usage_stats': 'True', 'quiet': 'False', 'warn_error': 'None', 'partial_parse': 'True', 'use_colors': 'True', 'hints_enabled': 'True', 'invocation_command': 'dbt show --select customer_sales', 'use_experimental_parser': 'False', 'indirect_selection': 'eager', 'log_path': 'C:\\dbt_demo\\customer_revenue_analytics_lab1\\logs'}
[0m12:33:48.962069 [debug] [MainThread]: Sending event: {'category': 'dbt', 'action': 'project_id', 'label': '604e2316-2929-45b8-be35-6b521eb1e508', 'context': [<snowplow_tracker.self_describing_json.SelfDescribingJson object at 0x0000020AD0125A70>]}
[0m12:33:49.059260 [debug] [MainThread]: Sending event: {'category': 'dbt', 'action': 'adapter_info', 'label': '604e2316-2929-45b8-be35-6b521eb1e508', 'context': [<snowplow_tracker.self_describing_json.SelfDescribingJson object at 0x0000020AD2313020>]}
[0m12:33:49.076953 [info ] [MainThread]: Registered adapter: duckdb=1.10.1
[0m12:33:49.437869 [debug] [MainThread]: checksum: 024111baf3b4c807d28d4840b1322898270ef1207e9b5c8ecf6ac433743b0014, vars: {}, profile: customer_revenue_analytics_lab1, target: dev, version: 1.12.0
[0m12:33:49.766377 [debug] [MainThread]: Partial parsing enabled: 0 files deleted, 0 files added, 0 files changed.
[0m12:33:49.769382 [debug] [MainThread]: Nothing changed, skipping partial parsing.
[0m12:33:49.770608 [debug] [MainThread]: Partial parsing enabled, no changes found, skipping parsing
[0m12:33:49.788407 [debug] [MainThread]: Sending event: {'category': 'dbt', 'action': 'load_project', 'label': '604e2316-2929-45b8-be35-6b521eb1e508', 'context': [<snowplow_tracker.self_describing_json.SelfDescribingJson object at 0x0000020AD2C8D650>]}
[0m12:33:50.037217 [debug] [MainThread]: Wrote artifact WritableManifest to C:\dbt_demo\customer_revenue_analytics_lab1\target\manifest.json
[0m12:33:50.042130 [debug] [MainThread]: Wrote artifact SemanticManifest to C:\dbt_demo\customer_revenue_analytics_lab1\target\semantic_manifest.json
[0m12:33:50.069148 [debug] [MainThread]: Wrote artifact OsiDocument to C:\dbt_demo\customer_revenue_analytics_lab1\target\osi_document.json
[0m12:33:50.072839 [debug] [MainThread]: Sending event: {'category': 'dbt', 'action': 'resource_counts', 'label': '604e2316-2929-45b8-be35-6b521eb1e508', 'context': [<snowplow_tracker.self_describing_json.SelfDescribingJson object at 0x0000020AD2B6D9A0>]}
[0m12:33:50.073397 [info ] [MainThread]: Found 3 models, 1 seed, 4 data tests, 486 macros
[0m12:33:50.074157 [debug] [MainThread]: Sending event: {'category': 'dbt', 'action': 'runnable_timing', 'label': '604e2316-2929-45b8-be35-6b521eb1e508', 'context': [<snowplow_tracker.self_describing_json.SelfDescribingJson object at 0x0000020AD2BEFAF0>]}
[0m12:33:50.076830 [info ] [MainThread]: 
[0m12:33:50.077575 [info ] [MainThread]: Concurrency: 1 threads (target='dev')
[0m12:33:50.078142 [info ] [MainThread]: 
[0m12:33:50.079238 [debug] [MainThread]: Acquiring new duckdb connection 'master'
[0m12:33:50.087725 [debug] [ThreadPool]: Acquiring new duckdb connection 'list_dev_main'
[0m12:33:50.169152 [debug] [ThreadPool]: Using duckdb connection "list_dev_main"
[0m12:33:50.169832 [debug] [ThreadPool]: On list_dev_main: BEGIN
[0m12:33:50.170400 [debug] [ThreadPool]: Opening a new connection, currently in state init
[0m12:33:50.194781 [debug] [ThreadPool]: SQL status: OK in 0.024 seconds
[0m12:33:50.195393 [debug] [ThreadPool]: Using duckdb connection "list_dev_main"
[0m12:33:50.195904 [debug] [ThreadPool]: On list_dev_main: /* {"app": "dbt", "dbt_version": "1.12.0", "profile_name": "customer_revenue_analytics_lab1", "target_name": "dev", "connection_name": "list_dev_main"} */
select
      'dev' as database,
      table_name as name,
      table_schema as schema,
      CASE table_type
        WHEN 'BASE TABLE' THEN 'table'
        WHEN 'VIEW' THEN 'view'
        WHEN 'LOCAL TEMPORARY' THEN 'table'
        END as type
    from system.information_schema.tables
    where lower(table_schema) = 'main'
    and lower(table_catalog) = 'dev'
  
[0m12:33:50.203321 [debug] [ThreadPool]: SQL status: OK in 0.007 seconds
[0m12:33:50.205201 [debug] [ThreadPool]: On list_dev_main: ROLLBACK
[0m12:33:50.206982 [debug] [ThreadPool]: Failed to rollback 'list_dev_main'
[0m12:33:50.207520 [debug] [ThreadPool]: On list_dev_main: Close
[0m12:33:50.210095 [debug] [MainThread]: Sending event: {'category': 'dbt', 'action': 'runnable_timing', 'label': '604e2316-2929-45b8-be35-6b521eb1e508', 'context': [<snowplow_tracker.self_describing_json.SelfDescribingJson object at 0x0000020AD2E72D00>]}
[0m12:33:50.214213 [debug] [Thread-1 (]: Began running node model.customer_revenue_analytics_lab1.customer_sales
[0m12:33:50.214937 [debug] [Thread-1 (]: Acquiring new duckdb connection 'model.customer_revenue_analytics_lab1.customer_sales'
[0m12:33:50.215383 [debug] [Thread-1 (]: Began compiling node model.customer_revenue_analytics_lab1.customer_sales
[0m12:33:50.228398 [debug] [Thread-1 (]: Writing injected SQL for node "model.customer_revenue_analytics_lab1.customer_sales"
[0m12:33:50.230627 [debug] [Thread-1 (]: Began executing node model.customer_revenue_analytics_lab1.customer_sales
[0m12:33:50.243629 [debug] [Thread-1 (]: Using duckdb connection "model.customer_revenue_analytics_lab1.customer_sales"
[0m12:33:50.244327 [debug] [Thread-1 (]: On model.customer_revenue_analytics_lab1.customer_sales: /* {"app": "dbt", "dbt_version": "1.12.0", "profile_name": "customer_revenue_analytics_lab1", "target_name": "dev", "node_id": "model.customer_revenue_analytics_lab1.customer_sales"} */

  
  SELECT
     customer,
     COUNT(order_id) AS total_orders_count,
     SUM(amount) AS total_spending,
     AVG(amount) AS average_order_value,
     SUM(amount) AS revenue
FROM "dev"."main"."sales_data"
GROUP BY customer
ORDER BY revenue DESC
  
  limit 5

[0m12:33:50.244803 [debug] [Thread-1 (]: Opening a new connection, currently in state init
[0m12:33:50.250919 [debug] [Thread-1 (]: SQL status: OK in 0.006 seconds
[0m12:33:50.255176 [debug] [Thread-1 (]: On model.customer_revenue_analytics_lab1.customer_sales: Close
[0m12:33:50.256598 [debug] [Thread-1 (]: Finished running node model.customer_revenue_analytics_lab1.customer_sales
[0m12:33:50.258217 [debug] [MainThread]: Connection 'master' was properly closed.
[0m12:33:50.258747 [debug] [MainThread]: Connection 'list_dev_main' was properly closed.
[0m12:33:50.259295 [debug] [MainThread]: Connection 'model.customer_revenue_analytics_lab1.customer_sales' was properly closed.
[0m12:33:50.260530 [debug] [MainThread]: Command end result
[0m12:33:50.317592 [debug] [MainThread]: Wrote artifact WritableManifest to C:\dbt_demo\customer_revenue_analytics_lab1\target\manifest.json
[0m12:33:50.322719 [debug] [MainThread]: Wrote artifact SemanticManifest to C:\dbt_demo\customer_revenue_analytics_lab1\target\semantic_manifest.json
[0m12:33:50.327908 [debug] [MainThread]: Wrote artifact OsiDocument to C:\dbt_demo\customer_revenue_analytics_lab1\target\osi_document.json
[0m12:33:50.339400 [debug] [MainThread]: Wrote artifact RunExecutionResult to C:\dbt_demo\customer_revenue_analytics_lab1\target\run_results.json
[0m12:33:50.340774 [info ] [MainThread]: Previewing node 'customer_sales':
| customer | total_orders_count | total_spending | average_order_value | revenue |
| -------- | ------------------ | -------------- | ------------------- | ------- |
| Alice    |                  2 |          77500 |              38,750 |   77500 |
| Bob      |                  2 |          66200 |              33,100 |   66200 |
| Charlie  |                  1 |          15000 |              15,000 |   15000 |

[0m12:33:50.341971 [debug] [MainThread]: Command `dbt show` succeeded at 12:33:50.341801 after 1.96 seconds
[0m12:33:50.342434 [debug] [MainThread]: Sending event: {'category': 'dbt', 'action': 'invocation', 'label': 'end', 'context': [<snowplow_tracker.self_describing_json.SelfDescribingJson object at 0x0000020AD1E47C50>, <snowplow_tracker.self_describing_json.SelfDescribingJson object at 0x0000020AD2BDDDE0>, <snowplow_tracker.self_describing_json.SelfDescribingJson object at 0x0000020AD2BDE360>]}
[0m12:33:50.343016 [debug] [MainThread]: Flushing usage events
[0m12:33:51.390412 [debug] [MainThread]: An error was encountered while trying to flush usage events
[0m12:34:43.563498 [debug] [MainThread]: Sending event: {'category': 'dbt', 'action': 'invocation', 'label': 'start', 'context': [<snowplow_tracker.self_describing_json.SelfDescribingJson object at 0x000001DE921DD2B0>, <snowplow_tracker.self_describing_json.SelfDescribingJson object at 0x000001DE94933D90>, <snowplow_tracker.self_describing_json.SelfDescribingJson object at 0x000001DE94933750>]}


============================== 12:34:43.570280 | 312ebf29-1d6a-48c1-9a33-1dade9f54684 ==============================
[0m12:34:43.570280 [info ] [MainThread]: Running with dbt=1.12.0
[0m12:34:43.571256 [debug] [MainThread]: running dbt with arguments {'maximum_seed_size_mib': '1', 'no_print': 'None', 'static_parser': 'True', 'target_path': 'None', 'warn_error_options': 'WarnErrorOptionsV2(error=[], warn=[], silence=[])', 'version_check': 'True', 'printer_width': '80', 'write_json': 'True', 'introspect': 'True', 'log_cache_events': 'False', 'empty': 'None', 'cache_selected_only': 'False', 'log_format': 'default', 'debug': 'False', 'fail_fast': 'False', 'partial_parse': 'True', 'send_anonymous_usage_stats': 'True', 'quiet': 'False', 'warn_error': 'None', 'profiles_dir': 'C:\\Users\\ganas\\.dbt', 'use_colors': 'True', 'hints_enabled': 'True', 'invocation_command': 'dbt docs generate', 'use_experimental_parser': 'False', 'indirect_selection': 'eager', 'log_path': 'C:\\dbt_demo\\customer_revenue_analytics_lab1\\logs'}
[0m12:34:44.016594 [debug] [MainThread]: Sending event: {'category': 'dbt', 'action': 'project_id', 'label': '312ebf29-1d6a-48c1-9a33-1dade9f54684', 'context': [<snowplow_tracker.self_describing_json.SelfDescribingJson object at 0x000001DE928C5A70>]}
[0m12:34:44.120296 [debug] [MainThread]: Sending event: {'category': 'dbt', 'action': 'adapter_info', 'label': '312ebf29-1d6a-48c1-9a33-1dade9f54684', 'context': [<snowplow_tracker.self_describing_json.SelfDescribingJson object at 0x000001DE94AB3020>]}
[0m12:34:44.124151 [info ] [MainThread]: Registered adapter: duckdb=1.10.1
[0m12:34:44.442832 [debug] [MainThread]: checksum: 024111baf3b4c807d28d4840b1322898270ef1207e9b5c8ecf6ac433743b0014, vars: {}, profile: customer_revenue_analytics_lab1, target: dev, version: 1.12.0
[0m12:34:44.737112 [debug] [MainThread]: Partial parsing enabled: 0 files deleted, 0 files added, 0 files changed.
[0m12:34:44.737597 [debug] [MainThread]: Nothing changed, skipping partial parsing.
[0m12:34:44.737918 [debug] [MainThread]: Partial parsing enabled, no changes found, skipping parsing
[0m12:34:44.753201 [debug] [MainThread]: Sending event: {'category': 'dbt', 'action': 'load_project', 'label': '312ebf29-1d6a-48c1-9a33-1dade9f54684', 'context': [<snowplow_tracker.self_describing_json.SelfDescribingJson object at 0x000001DE95193350>]}
[0m12:34:44.824462 [debug] [MainThread]: Sending event: {'category': 'dbt', 'action': 'resource_counts', 'label': '312ebf29-1d6a-48c1-9a33-1dade9f54684', 'context': [<snowplow_tracker.self_describing_json.SelfDescribingJson object at 0x000001DE951CAD50>]}
[0m12:34:44.825156 [info ] [MainThread]: Found 3 models, 1 seed, 4 data tests, 486 macros
[0m12:34:44.826037 [debug] [MainThread]: Sending event: {'category': 'dbt', 'action': 'runnable_timing', 'label': '312ebf29-1d6a-48c1-9a33-1dade9f54684', 'context': [<snowplow_tracker.self_describing_json.SelfDescribingJson object at 0x000001DE953C7310>]}
[0m12:34:44.828476 [info ] [MainThread]: 
[0m12:34:44.829358 [info ] [MainThread]: Concurrency: 1 threads (target='dev')
[0m12:34:44.830015 [info ] [MainThread]: 
[0m12:34:44.831336 [debug] [MainThread]: Acquiring new duckdb connection 'master'
[0m12:34:44.841621 [debug] [ThreadPool]: Acquiring new duckdb connection 'list_dev_main'
[0m12:34:44.936763 [debug] [ThreadPool]: Using duckdb connection "list_dev_main"
[0m12:34:44.937581 [debug] [ThreadPool]: On list_dev_main: BEGIN
[0m12:34:44.937956 [debug] [ThreadPool]: Opening a new connection, currently in state init
[0m12:34:44.975242 [debug] [ThreadPool]: SQL status: OK in 0.037 seconds
[0m12:34:44.976018 [debug] [ThreadPool]: Using duckdb connection "list_dev_main"
[0m12:34:44.976610 [debug] [ThreadPool]: On list_dev_main: /* {"app": "dbt", "dbt_version": "1.12.0", "profile_name": "customer_revenue_analytics_lab1", "target_name": "dev", "connection_name": "list_dev_main"} */
select
      'dev' as database,
      table_name as name,
      table_schema as schema,
      CASE table_type
        WHEN 'BASE TABLE' THEN 'table'
        WHEN 'VIEW' THEN 'view'
        WHEN 'LOCAL TEMPORARY' THEN 'table'
        END as type
    from system.information_schema.tables
    where lower(table_schema) = 'main'
    and lower(table_catalog) = 'dev'
  
[0m12:34:44.984907 [debug] [ThreadPool]: SQL status: OK in 0.008 seconds
[0m12:34:44.988365 [debug] [ThreadPool]: On list_dev_main: ROLLBACK
[0m12:34:44.989901 [debug] [ThreadPool]: Failed to rollback 'list_dev_main'
[0m12:34:44.990524 [debug] [ThreadPool]: On list_dev_main: Close
[0m12:34:44.992392 [debug] [MainThread]: Sending event: {'category': 'dbt', 'action': 'runnable_timing', 'label': '312ebf29-1d6a-48c1-9a33-1dade9f54684', 'context': [<snowplow_tracker.self_describing_json.SelfDescribingJson object at 0x000001DE9550A0D0>]}
[0m12:34:44.996342 [debug] [Thread-1 (]: Began running node model.customer_revenue_analytics_lab1.my_first_dbt_model
[0m12:34:44.997054 [debug] [Thread-1 (]: Acquiring new duckdb connection 'model.customer_revenue_analytics_lab1.my_first_dbt_model'
[0m12:34:44.997500 [debug] [Thread-1 (]: Began compiling node model.customer_revenue_analytics_lab1.my_first_dbt_model
[0m12:34:45.005534 [debug] [Thread-1 (]: Writing injected SQL for node "model.customer_revenue_analytics_lab1.my_first_dbt_model"
[0m12:34:45.007185 [debug] [Thread-1 (]: Began executing node model.customer_revenue_analytics_lab1.my_first_dbt_model
[0m12:34:45.008095 [debug] [Thread-1 (]: Finished running node model.customer_revenue_analytics_lab1.my_first_dbt_model
[0m12:34:45.008670 [debug] [Thread-1 (]: Began running node seed.customer_revenue_analytics_lab1.sales_data
[0m12:34:45.009548 [debug] [Thread-1 (]: Re-using an available connection from the pool (formerly model.customer_revenue_analytics_lab1.my_first_dbt_model, now seed.customer_revenue_analytics_lab1.sales_data)
[0m12:34:45.010441 [debug] [Thread-1 (]: Began compiling node seed.customer_revenue_analytics_lab1.sales_data
[0m12:34:45.011743 [debug] [Thread-1 (]: Began executing node seed.customer_revenue_analytics_lab1.sales_data
[0m12:34:45.012609 [debug] [Thread-1 (]: Finished running node seed.customer_revenue_analytics_lab1.sales_data
[0m12:34:45.013088 [debug] [Thread-1 (]: Began running node model.customer_revenue_analytics_lab1.my_second_dbt_model
[0m12:34:45.013751 [debug] [Thread-1 (]: Re-using an available connection from the pool (formerly seed.customer_revenue_analytics_lab1.sales_data, now model.customer_revenue_analytics_lab1.my_second_dbt_model)
[0m12:34:45.014291 [debug] [Thread-1 (]: Began compiling node model.customer_revenue_analytics_lab1.my_second_dbt_model
[0m12:34:45.016559 [debug] [Thread-1 (]: Writing injected SQL for node "model.customer_revenue_analytics_lab1.my_second_dbt_model"
[0m12:34:45.017818 [debug] [Thread-1 (]: Began executing node model.customer_revenue_analytics_lab1.my_second_dbt_model
[0m12:34:45.018803 [debug] [Thread-1 (]: Finished running node model.customer_revenue_analytics_lab1.my_second_dbt_model
[0m12:34:45.019581 [debug] [Thread-1 (]: Began running node test.customer_revenue_analytics_lab1.not_null_my_first_dbt_model_id.5fb22c2710
[0m12:34:45.020807 [debug] [Thread-1 (]: Re-using an available connection from the pool (formerly model.customer_revenue_analytics_lab1.my_second_dbt_model, now test.customer_revenue_analytics_lab1.not_null_my_first_dbt_model_id.5fb22c2710)
[0m12:34:45.021587 [debug] [Thread-1 (]: Began compiling node test.customer_revenue_analytics_lab1.not_null_my_first_dbt_model_id.5fb22c2710
[0m12:34:45.041573 [debug] [Thread-1 (]: Writing injected SQL for node "test.customer_revenue_analytics_lab1.not_null_my_first_dbt_model_id.5fb22c2710"
[0m12:34:45.043436 [debug] [Thread-1 (]: Began executing node test.customer_revenue_analytics_lab1.not_null_my_first_dbt_model_id.5fb22c2710
[0m12:34:45.044480 [debug] [Thread-1 (]: Finished running node test.customer_revenue_analytics_lab1.not_null_my_first_dbt_model_id.5fb22c2710
[0m12:34:45.044964 [debug] [Thread-1 (]: Began running node test.customer_revenue_analytics_lab1.unique_my_first_dbt_model_id.16e066b321
[0m12:34:45.045531 [debug] [Thread-1 (]: Re-using an available connection from the pool (formerly test.customer_revenue_analytics_lab1.not_null_my_first_dbt_model_id.5fb22c2710, now test.customer_revenue_analytics_lab1.unique_my_first_dbt_model_id.16e066b321)
[0m12:34:45.046044 [debug] [Thread-1 (]: Began compiling node test.customer_revenue_analytics_lab1.unique_my_first_dbt_model_id.16e066b321
[0m12:34:45.057585 [debug] [Thread-1 (]: Writing injected SQL for node "test.customer_revenue_analytics_lab1.unique_my_first_dbt_model_id.16e066b321"
[0m12:34:45.058928 [debug] [Thread-1 (]: Began executing node test.customer_revenue_analytics_lab1.unique_my_first_dbt_model_id.16e066b321
[0m12:34:45.059832 [debug] [Thread-1 (]: Finished running node test.customer_revenue_analytics_lab1.unique_my_first_dbt_model_id.16e066b321
[0m12:34:45.060563 [debug] [Thread-1 (]: Began running node model.customer_revenue_analytics_lab1.customer_sales
[0m12:34:45.061132 [debug] [Thread-1 (]: Re-using an available connection from the pool (formerly test.customer_revenue_analytics_lab1.unique_my_first_dbt_model_id.16e066b321, now model.customer_revenue_analytics_lab1.customer_sales)
[0m12:34:45.061552 [debug] [Thread-1 (]: Began compiling node model.customer_revenue_analytics_lab1.customer_sales
[0m12:34:45.063454 [debug] [Thread-1 (]: Writing injected SQL for node "model.customer_revenue_analytics_lab1.customer_sales"
[0m12:34:45.064976 [debug] [Thread-1 (]: Began executing node model.customer_revenue_analytics_lab1.customer_sales
[0m12:34:45.065883 [debug] [Thread-1 (]: Finished running node model.customer_revenue_analytics_lab1.customer_sales
[0m12:34:45.066363 [debug] [Thread-1 (]: Began running node test.customer_revenue_analytics_lab1.not_null_my_second_dbt_model_id.151b76d778
[0m12:34:45.066896 [debug] [Thread-1 (]: Re-using an available connection from the pool (formerly model.customer_revenue_analytics_lab1.customer_sales, now test.customer_revenue_analytics_lab1.not_null_my_second_dbt_model_id.151b76d778)
[0m12:34:45.067284 [debug] [Thread-1 (]: Began compiling node test.customer_revenue_analytics_lab1.not_null_my_second_dbt_model_id.151b76d778
[0m12:34:45.074996 [debug] [Thread-1 (]: Writing injected SQL for node "test.customer_revenue_analytics_lab1.not_null_my_second_dbt_model_id.151b76d778"
[0m12:34:45.084533 [debug] [Thread-1 (]: Began executing node test.customer_revenue_analytics_lab1.not_null_my_second_dbt_model_id.151b76d778
[0m12:34:45.086044 [debug] [Thread-1 (]: Finished running node test.customer_revenue_analytics_lab1.not_null_my_second_dbt_model_id.151b76d778
[0m12:34:45.086678 [debug] [Thread-1 (]: Began running node test.customer_revenue_analytics_lab1.unique_my_second_dbt_model_id.57a0f8c493
[0m12:34:45.087163 [debug] [Thread-1 (]: Re-using an available connection from the pool (formerly test.customer_revenue_analytics_lab1.not_null_my_second_dbt_model_id.151b76d778, now test.customer_revenue_analytics_lab1.unique_my_second_dbt_model_id.57a0f8c493)
[0m12:34:45.087839 [debug] [Thread-1 (]: Began compiling node test.customer_revenue_analytics_lab1.unique_my_second_dbt_model_id.57a0f8c493
[0m12:34:45.094996 [debug] [Thread-1 (]: Writing injected SQL for node "test.customer_revenue_analytics_lab1.unique_my_second_dbt_model_id.57a0f8c493"
[0m12:34:45.096316 [debug] [Thread-1 (]: Began executing node test.customer_revenue_analytics_lab1.unique_my_second_dbt_model_id.57a0f8c493
[0m12:34:45.097179 [debug] [Thread-1 (]: Finished running node test.customer_revenue_analytics_lab1.unique_my_second_dbt_model_id.57a0f8c493
[0m12:34:45.098544 [debug] [MainThread]: Connection 'master' was properly closed.
[0m12:34:45.098940 [debug] [MainThread]: Connection 'list_dev_main' was properly closed.
[0m12:34:45.099397 [debug] [MainThread]: Connection 'test.customer_revenue_analytics_lab1.unique_my_second_dbt_model_id.57a0f8c493' was properly closed.
[0m12:34:45.101459 [debug] [MainThread]: Command end result
[0m12:34:45.226400 [debug] [MainThread]: Wrote artifact WritableManifest to C:\dbt_demo\customer_revenue_analytics_lab1\target\manifest.json
[0m12:34:45.234250 [debug] [MainThread]: Wrote artifact SemanticManifest to C:\dbt_demo\customer_revenue_analytics_lab1\target\semantic_manifest.json
[0m12:34:45.264733 [debug] [MainThread]: Wrote artifact OsiDocument to C:\dbt_demo\customer_revenue_analytics_lab1\target\osi_document.json
[0m12:34:45.275510 [debug] [MainThread]: Wrote artifact RunExecutionResult to C:\dbt_demo\customer_revenue_analytics_lab1\target\run_results.json
[0m12:34:45.278962 [debug] [MainThread]: Acquiring new duckdb connection 'generate_catalog'
[0m12:34:45.279376 [info ] [MainThread]: Building catalog
[0m12:34:45.292376 [debug] [ThreadPool]: Acquiring new duckdb connection 'dev.information_schema'
[0m12:34:45.299215 [debug] [ThreadPool]: Using duckdb connection "dev.information_schema"
[0m12:34:45.299873 [debug] [ThreadPool]: On dev.information_schema: BEGIN
[0m12:34:45.300770 [debug] [ThreadPool]: Opening a new connection, currently in state init
[0m12:34:45.302141 [debug] [ThreadPool]: SQL status: OK in 0.001 seconds
[0m12:34:45.302543 [debug] [ThreadPool]: Using duckdb connection "dev.information_schema"
[0m12:34:45.302917 [debug] [ThreadPool]: On dev.information_schema: /* {"app": "dbt", "dbt_version": "1.12.0", "profile_name": "customer_revenue_analytics_lab1", "target_name": "dev", "connection_name": "dev.information_schema"} */
with relations AS (
      select
        t.table_name
        , t.database_name
        , t.schema_name
        , 'BASE TABLE' as table_type
        , t.comment as table_comment
      from duckdb_tables() t
      WHERE t.database_name = 'dev'
      UNION ALL
      SELECT v.view_name as table_name
      , v.database_name
      , v.schema_name
      , 'VIEW' as table_type
      , v.comment as table_comment
      from duckdb_views() v
      WHERE v.database_name = 'dev'
    )
    select
        'dev' as table_database,
        r.schema_name as table_schema,
        r.table_name,
        r.table_type,
        r.table_comment,
        c.column_name,
        c.column_index as column_index,
        c.data_type as column_type,
        c.comment as column_comment,
        NULL as table_owner
    FROM relations r JOIN duckdb_columns() c ON r.schema_name = c.schema_name AND r.table_name = c.table_name
    WHERE (upper(r.schema_name) = upper('main'))
    ORDER BY
        r.schema_name,
        r.table_name,
        c.column_index
[0m12:34:45.330561 [debug] [ThreadPool]: SQL status: OK in 0.027 seconds
[0m12:34:45.334630 [debug] [ThreadPool]: On dev.information_schema: ROLLBACK
[0m12:34:45.335615 [debug] [ThreadPool]: Failed to rollback 'dev.information_schema'
[0m12:34:45.336508 [debug] [ThreadPool]: On dev.information_schema: Close
[0m12:34:45.352495 [debug] [MainThread]: Wrote artifact CatalogArtifact to C:\dbt_demo\customer_revenue_analytics_lab1\target\catalog.json
[0m12:34:45.395244 [debug] [MainThread]: Wrote artifact WritableManifest to C:\dbt_demo\customer_revenue_analytics_lab1\target\manifest.json
[0m12:34:45.399999 [debug] [MainThread]: Wrote artifact SemanticManifest to C:\dbt_demo\customer_revenue_analytics_lab1\target\semantic_manifest.json
[0m12:34:45.404234 [debug] [MainThread]: Wrote artifact OsiDocument to C:\dbt_demo\customer_revenue_analytics_lab1\target\osi_document.json
[0m12:34:45.404673 [info ] [MainThread]: Catalog written to C:\dbt_demo\customer_revenue_analytics_lab1\target\catalog.json
[0m12:34:45.405867 [debug] [MainThread]: Command `dbt docs generate` succeeded at 12:34:45.405670 after 2.08 seconds
[0m12:34:45.406270 [debug] [MainThread]: Connection 'generate_catalog' was properly closed.
[0m12:34:45.406582 [debug] [MainThread]: Connection 'dev.information_schema' was properly closed.
[0m12:34:45.406973 [debug] [MainThread]: Sending event: {'category': 'dbt', 'action': 'invocation', 'label': 'end', 'context': [<snowplow_tracker.self_describing_json.SelfDescribingJson object at 0x000001DE945E7C50>, <snowplow_tracker.self_describing_json.SelfDescribingJson object at 0x000001DE95746360>, <snowplow_tracker.self_describing_json.SelfDescribingJson object at 0x000001DE95746C50>]}
[0m12:34:45.407377 [debug] [MainThread]: Flushing usage events
[0m12:34:46.903911 [debug] [MainThread]: An error was encountered while trying to flush usage events
[0m12:34:57.680127 [debug] [MainThread]: Sending event: {'category': 'dbt', 'action': 'invocation', 'label': 'start', 'context': [<snowplow_tracker.self_describing_json.SelfDescribingJson object at 0x00000180FF8DD2B0>, <snowplow_tracker.self_describing_json.SelfDescribingJson object at 0x0000018081FE7D90>, <snowplow_tracker.self_describing_json.SelfDescribingJson object at 0x0000018081FE7B10>]}


============================== 12:34:57.685265 | 884d53e0-05a3-4d60-9dca-d39efa1483fc ==============================
[0m12:34:57.685265 [info ] [MainThread]: Running with dbt=1.12.0
[0m12:34:57.686406 [debug] [MainThread]: running dbt with arguments {'version_check': 'True', 'no_print': 'None', 'maximum_seed_size_mib': '1', 'warn_error_options': 'WarnErrorOptionsV2(error=[], warn=[], silence=[])', 'target_path': 'None', 'static_parser': 'True', 'printer_width': '80', 'write_json': 'True', 'empty': 'None', 'log_cache_events': 'False', 'introspect': 'True', 'cache_selected_only': 'False', 'fail_fast': 'False', 'debug': 'False', 'log_format': 'default', 'profiles_dir': 'C:\\Users\\ganas\\.dbt', 'send_anonymous_usage_stats': 'True', 'quiet': 'False', 'warn_error': 'None', 'partial_parse': 'True', 'invocation_command': 'dbt docs serve', 'hints_enabled': 'True', 'indirect_selection': 'eager', 'use_experimental_parser': 'False', 'use_colors': 'True', 'log_path': 'C:\\dbt_demo\\customer_revenue_analytics_lab1\\logs'}
[0m12:34:58.048824 [debug] [MainThread]: Sending event: {'category': 'dbt', 'action': 'project_id', 'label': '884d53e0-05a3-4d60-9dca-d39efa1483fc', 'context': [<snowplow_tracker.self_describing_json.SelfDescribingJson object at 0x00000180FFFC5A70>]}
[0m12:34:58.150526 [debug] [MainThread]: Sending event: {'category': 'dbt', 'action': 'adapter_info', 'label': '884d53e0-05a3-4d60-9dca-d39efa1483fc', 'context': [<snowplow_tracker.self_describing_json.SelfDescribingJson object at 0x00000180FDE01150>]}
[0m12:43:04.717535 [error] [MainThread]: [[31mERROR[0m]: Encountered an error:

[0m12:43:04.722893 [error] [MainThread]: Traceback (most recent call last):
  File "C:\dbt_demo\dbt_env\Lib\site-packages\dbt\cli\requires.py", line 190, in wrapper
    result, success = func(*args, **kwargs)
                      ~~~~^^^^^^^^^^^^^^^^^
  File "C:\dbt_demo\dbt_env\Lib\site-packages\dbt\cli\requires.py", line 136, in wrapper
    return func(*args, **kwargs)
  File "C:\dbt_demo\dbt_env\Lib\site-packages\dbt\cli\requires.py", line 287, in wrapper
    return func(*args, **kwargs)
  File "C:\dbt_demo\dbt_env\Lib\site-packages\dbt\cli\requires.py", line 332, in wrapper
    return func(*args, **kwargs)
  File "C:\dbt_demo\dbt_env\Lib\site-packages\dbt\cli\requires.py", line 379, in wrapper
    return func(*args, **kwargs)
  File "C:\dbt_demo\dbt_env\Lib\site-packages\dbt\cli\main.py", line 322, in docs_serve
    results = task.run()
  File "C:\dbt_demo\dbt_env\Lib\site-packages\dbt\task\docs\serve.py", line 29, in run
    httpd.serve_forever()
    ~~~~~~~~~~~~~~~~~~~^^
  File "C:\Users\ganas\AppData\Local\Programs\Python\Python313\Lib\socketserver.py", line 235, in serve_forever
    ready = selector.select(poll_interval)
  File "C:\Users\ganas\AppData\Local\Programs\Python\Python313\Lib\selectors.py", line 314, in select
    r, w, _ = self._select(self._readers, self._writers, [], timeout)
              ~~~~~~~~~~~~^^^^^^^^^^^^^^^^^^^^^^^^^^^^^^^^^^^^^^^^^^^
  File "C:\Users\ganas\AppData\Local\Programs\Python\Python313\Lib\selectors.py", line 305, in _select
    r, w, x = select.select(r, w, w, timeout)
              ~~~~~~~~~~~~~^^^^^^^^^^^^^^^^^^
KeyboardInterrupt

[0m12:43:04.724772 [debug] [MainThread]: Command `dbt docs serve` failed at 12:43:04.724510 after 487.27 seconds
[0m12:43:04.725520 [debug] [MainThread]: Sending event: {'category': 'dbt', 'action': 'invocation', 'label': 'end', 'context': [<snowplow_tracker.self_describing_json.SelfDescribingJson object at 0x000001808277CB50>, <snowplow_tracker.self_describing_json.SelfDescribingJson object at 0x000001808277CC50>, <snowplow_tracker.self_describing_json.SelfDescribingJson object at 0x0000018082765A90>]}
[0m12:43:04.726539 [debug] [MainThread]: Flushing usage events
[0m12:43:06.610076 [debug] [MainThread]: An error was encountered while trying to flush usage events
[0m12:43:18.750671 [debug] [MainThread]: Sending event: {'category': 'dbt', 'action': 'invocation', 'label': 'start', 'context': [<snowplow_tracker.self_describing_json.SelfDescribingJson object at 0x0000026A27DED2B0>, <snowplow_tracker.self_describing_json.SelfDescribingJson object at 0x0000026A2A543ED0>, <snowplow_tracker.self_describing_json.SelfDescribingJson object at 0x0000026A2A543750>]}


============================== 12:43:18.757509 | b2e3eb01-b1c7-44fc-aedc-7ca6a40e91b7 ==============================
[0m12:43:18.757509 [info ] [MainThread]: Running with dbt=1.12.0
[0m12:43:18.758582 [debug] [MainThread]: running dbt with arguments {'maximum_seed_size_mib': '1', 'no_print': 'None', 'version_check': 'True', 'warn_error_options': 'WarnErrorOptionsV2(error=[], warn=[], silence=[])', 'static_parser': 'True', 'target_path': 'None', 'printer_width': '80', 'write_json': 'True', 'introspect': 'True', 'log_cache_events': 'False', 'empty': 'False', 'cache_selected_only': 'False', 'fail_fast': 'False', 'debug': 'False', 'log_format': 'default', 'partial_parse': 'True', 'send_anonymous_usage_stats': 'True', 'quiet': 'False', 'warn_error': 'None', 'profiles_dir': 'C:\\Users\\ganas\\.dbt', 'invocation_command': 'dbt run', 'hints_enabled': 'True', 'indirect_selection': 'eager', 'use_experimental_parser': 'False', 'use_colors': 'True', 'log_path': 'C:\\dbt_demo\\customer_revenue_analytics_lab1\\logs'}
[0m12:43:19.116664 [debug] [MainThread]: Sending event: {'category': 'dbt', 'action': 'project_id', 'label': 'b2e3eb01-b1c7-44fc-aedc-7ca6a40e91b7', 'context': [<snowplow_tracker.self_describing_json.SelfDescribingJson object at 0x0000026A284D5A70>]}
[0m12:43:19.220122 [debug] [MainThread]: Sending event: {'category': 'dbt', 'action': 'adapter_info', 'label': 'b2e3eb01-b1c7-44fc-aedc-7ca6a40e91b7', 'context': [<snowplow_tracker.self_describing_json.SelfDescribingJson object at 0x0000026A2A6C3020>]}
[0m12:43:19.222925 [info ] [MainThread]: Registered adapter: duckdb=1.10.1
[0m12:43:19.533858 [debug] [MainThread]: checksum: 024111baf3b4c807d28d4840b1322898270ef1207e9b5c8ecf6ac433743b0014, vars: {}, profile: customer_revenue_analytics_lab1, target: dev, version: 1.12.0
[0m12:43:19.829141 [debug] [MainThread]: Partial parsing enabled: 0 files deleted, 0 files added, 1 files changed.
[0m12:43:19.830290 [debug] [MainThread]: Partial parsing: updated file: customer_revenue_analytics_lab1://models\example\customer_sales.sql
[0m12:43:20.379730 [debug] [MainThread]: Sending event: {'category': 'dbt', 'action': 'load_project', 'label': 'b2e3eb01-b1c7-44fc-aedc-7ca6a40e91b7', 'context': [<snowplow_tracker.self_describing_json.SelfDescribingJson object at 0x0000026A2ADA3750>]}
[0m12:43:20.510513 [debug] [MainThread]: Wrote artifact WritableManifest to C:\dbt_demo\customer_revenue_analytics_lab1\target\manifest.json
[0m12:43:20.514854 [debug] [MainThread]: Wrote artifact SemanticManifest to C:\dbt_demo\customer_revenue_analytics_lab1\target\semantic_manifest.json
[0m12:43:20.545918 [debug] [MainThread]: Wrote artifact OsiDocument to C:\dbt_demo\customer_revenue_analytics_lab1\target\osi_document.json
[0m12:43:20.562769 [debug] [MainThread]: Sending event: {'category': 'dbt', 'action': 'resource_counts', 'label': 'b2e3eb01-b1c7-44fc-aedc-7ca6a40e91b7', 'context': [<snowplow_tracker.self_describing_json.SelfDescribingJson object at 0x0000026A2B0D4500>]}
[0m12:43:20.563732 [info ] [MainThread]: Found 3 models, 1 seed, 4 data tests, 486 macros
[0m12:43:20.564534 [debug] [MainThread]: Sending event: {'category': 'dbt', 'action': 'runnable_timing', 'label': 'b2e3eb01-b1c7-44fc-aedc-7ca6a40e91b7', 'context': [<snowplow_tracker.self_describing_json.SelfDescribingJson object at 0x0000026A2B06FA10>]}
[0m12:43:20.567077 [info ] [MainThread]: 
[0m12:43:20.567847 [info ] [MainThread]: Concurrency: 1 threads (target='dev')
[0m12:43:20.568607 [info ] [MainThread]: 
[0m12:43:20.569641 [debug] [MainThread]: Acquiring new duckdb connection 'master'
[0m12:43:20.579604 [debug] [ThreadPool]: Acquiring new duckdb connection 'list_dev'
[0m12:43:20.674991 [debug] [ThreadPool]: Using duckdb connection "list_dev"
[0m12:43:20.675493 [debug] [ThreadPool]: On list_dev: /* {"app": "dbt", "dbt_version": "1.12.0", "profile_name": "customer_revenue_analytics_lab1", "target_name": "dev", "connection_name": "list_dev"} */

    
    select schema_name
    from system.information_schema.schemata
    
    where lower(catalog_name) = '"dev"'
    
  
  
[0m12:43:20.676070 [debug] [ThreadPool]: Opening a new connection, currently in state init
[0m12:43:20.702196 [debug] [ThreadPool]: SQL status: OK in 0.026 seconds
[0m12:43:20.704118 [debug] [ThreadPool]: On list_dev: Close
[0m12:43:20.705382 [debug] [ThreadPool]: Re-using an available connection from the pool (formerly list_dev, now create_dev_main)
[0m12:43:20.706376 [debug] [ThreadPool]: Creating schema "database: "dev"
schema: "main"
"
[0m12:43:20.714906 [debug] [ThreadPool]: Using duckdb connection "create_dev_main"
[0m12:43:20.715484 [debug] [ThreadPool]: On create_dev_main: /* {"app": "dbt", "dbt_version": "1.12.0", "profile_name": "customer_revenue_analytics_lab1", "target_name": "dev", "connection_name": "create_dev_main"} */

    
        select type from duckdb_databases()
        where lower(database_name)='dev'
        and type='sqlite'
    
  
[0m12:43:20.716013 [debug] [ThreadPool]: Opening a new connection, currently in state closed
[0m12:43:20.717400 [debug] [ThreadPool]: SQL status: OK in 0.001 seconds
[0m12:43:20.718929 [debug] [ThreadPool]: Using duckdb connection "create_dev_main"
[0m12:43:20.719337 [debug] [ThreadPool]: On create_dev_main: BEGIN
[0m12:43:20.720598 [debug] [ThreadPool]: SQL status: OK in 0.001 seconds
[0m12:43:20.721199 [debug] [ThreadPool]: Using duckdb connection "create_dev_main"
[0m12:43:20.721666 [debug] [ThreadPool]: On create_dev_main: /* {"app": "dbt", "dbt_version": "1.12.0", "profile_name": "customer_revenue_analytics_lab1", "target_name": "dev", "connection_name": "create_dev_main"} */

    
    
        create schema if not exists "dev"."main"
    
[0m12:43:20.722596 [debug] [ThreadPool]: SQL status: OK in 0.000 seconds
[0m12:43:20.724474 [debug] [ThreadPool]: On create_dev_main: COMMIT
[0m12:43:20.725161 [debug] [ThreadPool]: Using duckdb connection "create_dev_main"
[0m12:43:20.725590 [debug] [ThreadPool]: On create_dev_main: COMMIT
[0m12:43:20.726329 [debug] [ThreadPool]: SQL status: OK in 0.000 seconds
[0m12:43:20.726852 [debug] [ThreadPool]: On create_dev_main: Close
[0m12:43:20.729053 [debug] [ThreadPool]: Acquiring new duckdb connection 'list_dev_main'
[0m12:43:20.735220 [debug] [ThreadPool]: Using duckdb connection "list_dev_main"
[0m12:43:20.735917 [debug] [ThreadPool]: On list_dev_main: BEGIN
[0m12:43:20.736297 [debug] [ThreadPool]: Opening a new connection, currently in state init
[0m12:43:20.737052 [debug] [ThreadPool]: SQL status: OK in 0.001 seconds
[0m12:43:20.737641 [debug] [ThreadPool]: Using duckdb connection "list_dev_main"
[0m12:43:20.738044 [debug] [ThreadPool]: On list_dev_main: /* {"app": "dbt", "dbt_version": "1.12.0", "profile_name": "customer_revenue_analytics_lab1", "target_name": "dev", "connection_name": "list_dev_main"} */
select
      'dev' as database,
      table_name as name,
      table_schema as schema,
      CASE table_type
        WHEN 'BASE TABLE' THEN 'table'
        WHEN 'VIEW' THEN 'view'
        WHEN 'LOCAL TEMPORARY' THEN 'table'
        END as type
    from system.information_schema.tables
    where lower(table_schema) = 'main'
    and lower(table_catalog) = 'dev'
  
[0m12:43:20.743109 [debug] [ThreadPool]: SQL status: OK in 0.005 seconds
[0m12:43:20.745163 [debug] [ThreadPool]: On list_dev_main: ROLLBACK
[0m12:43:20.746886 [debug] [ThreadPool]: Failed to rollback 'list_dev_main'
[0m12:43:20.747437 [debug] [ThreadPool]: On list_dev_main: Close
[0m12:43:20.749506 [debug] [MainThread]: Sending event: {'category': 'dbt', 'action': 'runnable_timing', 'label': 'b2e3eb01-b1c7-44fc-aedc-7ca6a40e91b7', 'context': [<snowplow_tracker.self_describing_json.SelfDescribingJson object at 0x0000026A2AE1FA00>]}
[0m12:43:20.750342 [debug] [MainThread]: Using duckdb connection "master"
[0m12:43:20.750774 [debug] [MainThread]: On master: BEGIN
[0m12:43:20.753767 [debug] [MainThread]: Opening a new connection, currently in state init
[0m12:43:20.754773 [debug] [MainThread]: SQL status: OK in 0.001 seconds
[0m12:43:20.755786 [debug] [MainThread]: On master: COMMIT
[0m12:43:20.756502 [debug] [MainThread]: Using duckdb connection "master"
[0m12:43:20.756896 [debug] [MainThread]: On master: COMMIT
[0m12:43:20.757863 [debug] [MainThread]: SQL status: OK in 0.000 seconds
[0m12:43:20.758464 [debug] [MainThread]: On master: Close
[0m12:43:20.762827 [debug] [Thread-1 (]: Began running node model.customer_revenue_analytics_lab1.customer_sales
[0m12:43:20.763832 [info ] [Thread-1 (]: 1 of 3 START sql view model main.customer_sales ................................ [RUN]
[0m12:43:20.765114 [debug] [Thread-1 (]: Acquiring new duckdb connection 'model.customer_revenue_analytics_lab1.customer_sales'
[0m12:43:20.765804 [debug] [Thread-1 (]: Began compiling node model.customer_revenue_analytics_lab1.customer_sales
[0m12:43:20.776932 [debug] [Thread-1 (]: Writing injected SQL for node "model.customer_revenue_analytics_lab1.customer_sales"
[0m12:43:20.778644 [debug] [Thread-1 (]: Began executing node model.customer_revenue_analytics_lab1.customer_sales
[0m12:43:20.828001 [debug] [Thread-1 (]: Writing runtime sql for node "model.customer_revenue_analytics_lab1.customer_sales"
[0m12:43:20.829703 [debug] [Thread-1 (]: Using duckdb connection "model.customer_revenue_analytics_lab1.customer_sales"
[0m12:43:20.830511 [debug] [Thread-1 (]: On model.customer_revenue_analytics_lab1.customer_sales: BEGIN
[0m12:43:20.831048 [debug] [Thread-1 (]: Opening a new connection, currently in state init
[0m12:43:20.832385 [debug] [Thread-1 (]: SQL status: OK in 0.001 seconds
[0m12:43:20.832906 [debug] [Thread-1 (]: Using duckdb connection "model.customer_revenue_analytics_lab1.customer_sales"
[0m12:43:20.833320 [debug] [Thread-1 (]: On model.customer_revenue_analytics_lab1.customer_sales: /* {"app": "dbt", "dbt_version": "1.12.0", "profile_name": "customer_revenue_analytics_lab1", "target_name": "dev", "node_id": "model.customer_revenue_analytics_lab1.customer_sales"} */

  
  create view "dev"."main"."customer_sales__dbt_tmp" as (
    SELECT
     customer,
     COUNT(order_id) AS total_orders,
     SUM(amount) AS total_sales,
     AVG(amount) AS average_order_value,
     SUM(amount) AS revenue
FROM "dev"."main"."sales_data"
GROUP BY customer
ORDER BY revenue DESC
  );

[0m12:43:20.834799 [debug] [Thread-1 (]: SQL status: OK in 0.001 seconds
[0m12:43:20.842476 [debug] [Thread-1 (]: Using duckdb connection "model.customer_revenue_analytics_lab1.customer_sales"
[0m12:43:20.842953 [debug] [Thread-1 (]: On model.customer_revenue_analytics_lab1.customer_sales: /* {"app": "dbt", "dbt_version": "1.12.0", "profile_name": "customer_revenue_analytics_lab1", "target_name": "dev", "node_id": "model.customer_revenue_analytics_lab1.customer_sales"} */
alter view "dev"."main"."customer_sales" rename to "customer_sales__dbt_backup"
[0m12:43:20.844158 [debug] [Thread-1 (]: SQL status: OK in 0.001 seconds
[0m12:43:20.847820 [debug] [Thread-1 (]: Using duckdb connection "model.customer_revenue_analytics_lab1.customer_sales"
[0m12:43:20.848276 [debug] [Thread-1 (]: On model.customer_revenue_analytics_lab1.customer_sales: /* {"app": "dbt", "dbt_version": "1.12.0", "profile_name": "customer_revenue_analytics_lab1", "target_name": "dev", "node_id": "model.customer_revenue_analytics_lab1.customer_sales"} */
alter view "dev"."main"."customer_sales__dbt_tmp" rename to "customer_sales"
[0m12:43:20.849232 [debug] [Thread-1 (]: SQL status: OK in 0.001 seconds
[0m12:43:20.868123 [debug] [Thread-1 (]: On model.customer_revenue_analytics_lab1.customer_sales: COMMIT
[0m12:43:20.868630 [debug] [Thread-1 (]: Using duckdb connection "model.customer_revenue_analytics_lab1.customer_sales"
[0m12:43:20.869044 [debug] [Thread-1 (]: On model.customer_revenue_analytics_lab1.customer_sales: COMMIT
[0m12:43:20.879054 [debug] [Thread-1 (]: SQL status: OK in 0.009 seconds
[0m12:43:20.885434 [debug] [Thread-1 (]: Using duckdb connection "model.customer_revenue_analytics_lab1.customer_sales"
[0m12:43:20.886068 [debug] [Thread-1 (]: On model.customer_revenue_analytics_lab1.customer_sales: /* {"app": "dbt", "dbt_version": "1.12.0", "profile_name": "customer_revenue_analytics_lab1", "target_name": "dev", "node_id": "model.customer_revenue_analytics_lab1.customer_sales"} */

      drop view if exists "dev"."main"."customer_sales__dbt_backup" cascade
    
[0m12:43:20.887865 [debug] [Thread-1 (]: SQL status: OK in 0.001 seconds
[0m12:43:20.891875 [debug] [Thread-1 (]: On model.customer_revenue_analytics_lab1.customer_sales: Close
[0m12:43:20.894364 [debug] [Thread-1 (]: Sending event: {'category': 'dbt', 'action': 'run_model', 'label': 'b2e3eb01-b1c7-44fc-aedc-7ca6a40e91b7', 'context': [<snowplow_tracker.self_describing_json.SelfDescribingJson object at 0x0000026A2B341610>]}
[0m12:43:20.895134 [info ] [Thread-1 (]: 1 of 3 OK created sql view model main.customer_sales ........................... [[32mOK[0m in 0.13s]
[0m12:43:20.896240 [debug] [Thread-1 (]: Finished running node model.customer_revenue_analytics_lab1.customer_sales
[0m12:43:20.896752 [debug] [Thread-1 (]: Began running node model.customer_revenue_analytics_lab1.my_first_dbt_model
[0m12:43:20.897429 [info ] [Thread-1 (]: 2 of 3 START sql table model main.my_first_dbt_model ........................... [RUN]
[0m12:43:20.898173 [debug] [Thread-1 (]: Re-using an available connection from the pool (formerly model.customer_revenue_analytics_lab1.customer_sales, now model.customer_revenue_analytics_lab1.my_first_dbt_model)
[0m12:43:20.898612 [debug] [Thread-1 (]: Began compiling node model.customer_revenue_analytics_lab1.my_first_dbt_model
[0m12:43:20.901253 [debug] [Thread-1 (]: Writing injected SQL for node "model.customer_revenue_analytics_lab1.my_first_dbt_model"
[0m12:43:20.902593 [debug] [Thread-1 (]: Began executing node model.customer_revenue_analytics_lab1.my_first_dbt_model
[0m12:43:20.946754 [debug] [Thread-1 (]: Writing runtime sql for node "model.customer_revenue_analytics_lab1.my_first_dbt_model"
[0m12:43:20.948871 [debug] [Thread-1 (]: Using duckdb connection "model.customer_revenue_analytics_lab1.my_first_dbt_model"
[0m12:43:20.949826 [debug] [Thread-1 (]: On model.customer_revenue_analytics_lab1.my_first_dbt_model: BEGIN
[0m12:43:20.950581 [debug] [Thread-1 (]: Opening a new connection, currently in state closed
[0m12:43:20.951739 [debug] [Thread-1 (]: SQL status: OK in 0.001 seconds
[0m12:43:20.952389 [debug] [Thread-1 (]: Using duckdb connection "model.customer_revenue_analytics_lab1.my_first_dbt_model"
[0m12:43:20.953040 [debug] [Thread-1 (]: On model.customer_revenue_analytics_lab1.my_first_dbt_model: /* {"app": "dbt", "dbt_version": "1.12.0", "profile_name": "customer_revenue_analytics_lab1", "target_name": "dev", "node_id": "model.customer_revenue_analytics_lab1.my_first_dbt_model"} */

  
    
    

    create  table
      "dev"."main"."my_first_dbt_model__dbt_tmp"
  
    as (
      /*
    Welcome to your first dbt model!
    Did you know that you can also configure models directly within SQL files?
    This will override configurations stated in dbt_project.yml

    Try changing "table" to "view" below
*/



with source_data as (

    select 1 as id
    union all
    select null as id

)

select *
from source_data

/*
    Uncomment the line below to remove records with null `id` values
*/

-- where id is not null
    );
  
  
[0m12:43:20.955642 [debug] [Thread-1 (]: SQL status: OK in 0.002 seconds
[0m12:43:20.964915 [debug] [Thread-1 (]: Using duckdb connection "model.customer_revenue_analytics_lab1.my_first_dbt_model"
[0m12:43:20.965504 [debug] [Thread-1 (]: On model.customer_revenue_analytics_lab1.my_first_dbt_model: /* {"app": "dbt", "dbt_version": "1.12.0", "profile_name": "customer_revenue_analytics_lab1", "target_name": "dev", "node_id": "model.customer_revenue_analytics_lab1.my_first_dbt_model"} */

    SELECT index_name
    FROM duckdb_indexes()
    WHERE schema_name = 'main'
      AND table_name = 'my_first_dbt_model'
  
[0m12:43:20.966922 [debug] [Thread-1 (]: SQL status: OK in 0.001 seconds
[0m12:43:20.968819 [debug] [Thread-1 (]: Using duckdb connection "model.customer_revenue_analytics_lab1.my_first_dbt_model"
[0m12:43:20.969344 [debug] [Thread-1 (]: On model.customer_revenue_analytics_lab1.my_first_dbt_model: /* {"app": "dbt", "dbt_version": "1.12.0", "profile_name": "customer_revenue_analytics_lab1", "target_name": "dev", "node_id": "model.customer_revenue_analytics_lab1.my_first_dbt_model"} */

    SELECT COUNT(*) as remaining_indexes
    FROM duckdb_indexes()
    WHERE schema_name = 'main'
      AND table_name = 'my_first_dbt_model'
  
[0m12:43:20.971088 [debug] [Thread-1 (]: SQL status: OK in 0.001 seconds
[0m12:43:20.974261 [debug] [Thread-1 (]: Using duckdb connection "model.customer_revenue_analytics_lab1.my_first_dbt_model"
[0m12:43:20.975015 [debug] [Thread-1 (]: On model.customer_revenue_analytics_lab1.my_first_dbt_model: /* {"app": "dbt", "dbt_version": "1.12.0", "profile_name": "customer_revenue_analytics_lab1", "target_name": "dev", "node_id": "model.customer_revenue_analytics_lab1.my_first_dbt_model"} */
alter table "dev"."main"."my_first_dbt_model" rename to "my_first_dbt_model__dbt_backup"
[0m12:43:20.977610 [debug] [Thread-1 (]: SQL status: OK in 0.001 seconds
[0m12:43:20.982481 [debug] [Thread-1 (]: Using duckdb connection "model.customer_revenue_analytics_lab1.my_first_dbt_model"
[0m12:43:20.983125 [debug] [Thread-1 (]: On model.customer_revenue_analytics_lab1.my_first_dbt_model: /* {"app": "dbt", "dbt_version": "1.12.0", "profile_name": "customer_revenue_analytics_lab1", "target_name": "dev", "node_id": "model.customer_revenue_analytics_lab1.my_first_dbt_model"} */
alter table "dev"."main"."my_first_dbt_model__dbt_tmp" rename to "my_first_dbt_model"
[0m12:43:20.984959 [debug] [Thread-1 (]: SQL status: OK in 0.001 seconds
[0m12:43:20.996235 [debug] [Thread-1 (]: On model.customer_revenue_analytics_lab1.my_first_dbt_model: COMMIT
[0m12:43:20.996978 [debug] [Thread-1 (]: Using duckdb connection "model.customer_revenue_analytics_lab1.my_first_dbt_model"
[0m12:43:20.997566 [debug] [Thread-1 (]: On model.customer_revenue_analytics_lab1.my_first_dbt_model: COMMIT
[0m12:43:21.000913 [debug] [Thread-1 (]: SQL status: OK in 0.003 seconds
[0m12:43:21.004005 [debug] [Thread-1 (]: Using duckdb connection "model.customer_revenue_analytics_lab1.my_first_dbt_model"
[0m12:43:21.004612 [debug] [Thread-1 (]: On model.customer_revenue_analytics_lab1.my_first_dbt_model: /* {"app": "dbt", "dbt_version": "1.12.0", "profile_name": "customer_revenue_analytics_lab1", "target_name": "dev", "node_id": "model.customer_revenue_analytics_lab1.my_first_dbt_model"} */

      drop table if exists "dev"."main"."my_first_dbt_model__dbt_backup" cascade
    
[0m12:43:21.006686 [debug] [Thread-1 (]: SQL status: OK in 0.002 seconds
[0m12:43:21.008679 [debug] [Thread-1 (]: On model.customer_revenue_analytics_lab1.my_first_dbt_model: Close
[0m12:43:21.009690 [debug] [Thread-1 (]: Sending event: {'category': 'dbt', 'action': 'run_model', 'label': 'b2e3eb01-b1c7-44fc-aedc-7ca6a40e91b7', 'context': [<snowplow_tracker.self_describing_json.SelfDescribingJson object at 0x0000026A2B0DA990>]}
[0m12:43:21.011070 [info ] [Thread-1 (]: 2 of 3 OK created sql table model main.my_first_dbt_model ...................... [[32mOK[0m in 0.11s]
[0m12:43:21.012254 [debug] [Thread-1 (]: Finished running node model.customer_revenue_analytics_lab1.my_first_dbt_model
[0m12:43:21.013416 [debug] [Thread-1 (]: Began running node model.customer_revenue_analytics_lab1.my_second_dbt_model
[0m12:43:21.014419 [info ] [Thread-1 (]: 3 of 3 START sql view model main.my_second_dbt_model ........................... [RUN]
[0m12:43:21.015340 [debug] [Thread-1 (]: Re-using an available connection from the pool (formerly model.customer_revenue_analytics_lab1.my_first_dbt_model, now model.customer_revenue_analytics_lab1.my_second_dbt_model)
[0m12:43:21.015931 [debug] [Thread-1 (]: Began compiling node model.customer_revenue_analytics_lab1.my_second_dbt_model
[0m12:43:21.018605 [debug] [Thread-1 (]: Writing injected SQL for node "model.customer_revenue_analytics_lab1.my_second_dbt_model"
[0m12:43:21.020324 [debug] [Thread-1 (]: Began executing node model.customer_revenue_analytics_lab1.my_second_dbt_model
[0m12:43:21.026543 [debug] [Thread-1 (]: Writing runtime sql for node "model.customer_revenue_analytics_lab1.my_second_dbt_model"
[0m12:43:21.028543 [debug] [Thread-1 (]: Using duckdb connection "model.customer_revenue_analytics_lab1.my_second_dbt_model"
[0m12:43:21.029627 [debug] [Thread-1 (]: On model.customer_revenue_analytics_lab1.my_second_dbt_model: BEGIN
[0m12:43:21.030328 [debug] [Thread-1 (]: Opening a new connection, currently in state closed
[0m12:43:21.031472 [debug] [Thread-1 (]: SQL status: OK in 0.001 seconds
[0m12:43:21.032035 [debug] [Thread-1 (]: Using duckdb connection "model.customer_revenue_analytics_lab1.my_second_dbt_model"
[0m12:43:21.032459 [debug] [Thread-1 (]: On model.customer_revenue_analytics_lab1.my_second_dbt_model: /* {"app": "dbt", "dbt_version": "1.12.0", "profile_name": "customer_revenue_analytics_lab1", "target_name": "dev", "node_id": "model.customer_revenue_analytics_lab1.my_second_dbt_model"} */

  
  create view "dev"."main"."my_second_dbt_model__dbt_tmp" as (
    -- Use the `ref` function to select from other models

select *
from "dev"."main"."my_first_dbt_model"
where id = 1
  );

[0m12:43:21.033427 [debug] [Thread-1 (]: SQL status: OK in 0.001 seconds
[0m12:43:21.037239 [debug] [Thread-1 (]: Using duckdb connection "model.customer_revenue_analytics_lab1.my_second_dbt_model"
[0m12:43:21.038153 [debug] [Thread-1 (]: On model.customer_revenue_analytics_lab1.my_second_dbt_model: /* {"app": "dbt", "dbt_version": "1.12.0", "profile_name": "customer_revenue_analytics_lab1", "target_name": "dev", "node_id": "model.customer_revenue_analytics_lab1.my_second_dbt_model"} */
alter view "dev"."main"."my_second_dbt_model" rename to "my_second_dbt_model__dbt_backup"
[0m12:43:21.039392 [debug] [Thread-1 (]: SQL status: OK in 0.001 seconds
[0m12:43:21.042501 [debug] [Thread-1 (]: Using duckdb connection "model.customer_revenue_analytics_lab1.my_second_dbt_model"
[0m12:43:21.042966 [debug] [Thread-1 (]: On model.customer_revenue_analytics_lab1.my_second_dbt_model: /* {"app": "dbt", "dbt_version": "1.12.0", "profile_name": "customer_revenue_analytics_lab1", "target_name": "dev", "node_id": "model.customer_revenue_analytics_lab1.my_second_dbt_model"} */
alter view "dev"."main"."my_second_dbt_model__dbt_tmp" rename to "my_second_dbt_model"
[0m12:43:21.043960 [debug] [Thread-1 (]: SQL status: OK in 0.000 seconds
[0m12:43:21.046578 [debug] [Thread-1 (]: On model.customer_revenue_analytics_lab1.my_second_dbt_model: COMMIT
[0m12:43:21.047055 [debug] [Thread-1 (]: Using duckdb connection "model.customer_revenue_analytics_lab1.my_second_dbt_model"
[0m12:43:21.047469 [debug] [Thread-1 (]: On model.customer_revenue_analytics_lab1.my_second_dbt_model: COMMIT
[0m12:43:21.050442 [debug] [Thread-1 (]: SQL status: OK in 0.002 seconds
[0m12:43:21.053406 [debug] [Thread-1 (]: Using duckdb connection "model.customer_revenue_analytics_lab1.my_second_dbt_model"
[0m12:43:21.054184 [debug] [Thread-1 (]: On model.customer_revenue_analytics_lab1.my_second_dbt_model: /* {"app": "dbt", "dbt_version": "1.12.0", "profile_name": "customer_revenue_analytics_lab1", "target_name": "dev", "node_id": "model.customer_revenue_analytics_lab1.my_second_dbt_model"} */

      drop view if exists "dev"."main"."my_second_dbt_model__dbt_backup" cascade
    
[0m12:43:21.055956 [debug] [Thread-1 (]: SQL status: OK in 0.001 seconds
[0m12:43:21.057716 [debug] [Thread-1 (]: On model.customer_revenue_analytics_lab1.my_second_dbt_model: Close
[0m12:43:21.058385 [debug] [Thread-1 (]: Sending event: {'category': 'dbt', 'action': 'run_model', 'label': 'b2e3eb01-b1c7-44fc-aedc-7ca6a40e91b7', 'context': [<snowplow_tracker.self_describing_json.SelfDescribingJson object at 0x0000026A2B50E850>]}
[0m12:43:21.059291 [info ] [Thread-1 (]: 3 of 3 OK created sql view model main.my_second_dbt_model ...................... [[32mOK[0m in 0.04s]
[0m12:43:21.060542 [debug] [Thread-1 (]: Finished running node model.customer_revenue_analytics_lab1.my_second_dbt_model
[0m12:43:21.062172 [debug] [MainThread]: Using duckdb connection "master"
[0m12:43:21.062576 [debug] [MainThread]: On master: BEGIN
[0m12:43:21.062914 [debug] [MainThread]: Opening a new connection, currently in state closed
[0m12:43:21.063629 [debug] [MainThread]: SQL status: OK in 0.001 seconds
[0m12:43:21.063992 [debug] [MainThread]: On master: COMMIT
[0m12:43:21.064338 [debug] [MainThread]: Using duckdb connection "master"
[0m12:43:21.064628 [debug] [MainThread]: On master: COMMIT
[0m12:43:21.065356 [debug] [MainThread]: SQL status: OK in 0.000 seconds
[0m12:43:21.066045 [debug] [MainThread]: On master: Close
[0m12:43:21.066761 [debug] [MainThread]: Connection 'master' was properly closed.
[0m12:43:21.067233 [debug] [MainThread]: Connection 'create_dev_main' was properly closed.
[0m12:43:21.067685 [debug] [MainThread]: Connection 'list_dev_main' was properly closed.
[0m12:43:21.068095 [debug] [MainThread]: Connection 'model.customer_revenue_analytics_lab1.my_second_dbt_model' was properly closed.
[0m12:43:21.068681 [info ] [MainThread]: 
[0m12:43:21.069937 [info ] [MainThread]: Finished running 1 table model, 2 view models in 0 hours 0 minutes and 0.50 seconds (0.50s).
[0m12:43:21.072196 [debug] [MainThread]: Command end result
[0m12:43:21.130172 [debug] [MainThread]: Wrote artifact WritableManifest to C:\dbt_demo\customer_revenue_analytics_lab1\target\manifest.json
[0m12:43:21.136800 [debug] [MainThread]: Wrote artifact SemanticManifest to C:\dbt_demo\customer_revenue_analytics_lab1\target\semantic_manifest.json
[0m12:43:21.143168 [debug] [MainThread]: Wrote artifact OsiDocument to C:\dbt_demo\customer_revenue_analytics_lab1\target\osi_document.json
[0m12:43:21.155501 [debug] [MainThread]: Wrote artifact RunExecutionResult to C:\dbt_demo\customer_revenue_analytics_lab1\target\run_results.json
[0m12:43:21.156118 [info ] [MainThread]: 
[0m12:43:21.156846 [info ] [MainThread]: [32mCompleted successfully[0m
[0m12:43:21.157491 [info ] [MainThread]: 
[0m12:43:21.158120 [info ] [MainThread]: Done. PASS=3 WARN=0 ERROR=0 SKIP=0 NO-OP=0 REUSED=0 TOTAL=3
[0m12:43:21.159279 [debug] [MainThread]: Command `dbt run` succeeded at 12:43:21.159069 after 2.65 seconds
[0m12:43:21.160078 [debug] [MainThread]: Sending event: {'category': 'dbt', 'action': 'invocation', 'label': 'end', 'context': [<snowplow_tracker.self_describing_json.SelfDescribingJson object at 0x0000026A25DCE4D0>, <snowplow_tracker.self_describing_json.SelfDescribingJson object at 0x0000026A2B178950>, <snowplow_tracker.self_describing_json.SelfDescribingJson object at 0x0000026A2A58AD60>]}
[0m12:43:21.160871 [debug] [MainThread]: Flushing usage events
[0m12:43:22.067607 [debug] [MainThread]: An error was encountered while trying to flush usage events
[0m12:43:30.094663 [debug] [MainThread]: Sending event: {'category': 'dbt', 'action': 'invocation', 'label': 'start', 'context': [<snowplow_tracker.self_describing_json.SelfDescribingJson object at 0x000001D2DF20D2B0>, <snowplow_tracker.self_describing_json.SelfDescribingJson object at 0x000001D2E1963ED0>, <snowplow_tracker.self_describing_json.SelfDescribingJson object at 0x000001D2E1963750>]}


============================== 12:43:30.101664 | 02f0d40f-f6d5-4744-9891-c017b8391281 ==============================
[0m12:43:30.101664 [info ] [MainThread]: Running with dbt=1.12.0
[0m12:43:30.102566 [debug] [MainThread]: running dbt with arguments {'maximum_seed_size_mib': '1', 'no_print': 'None', 'version_check': 'True', 'target_path': 'None', 'warn_error_options': 'WarnErrorOptionsV2(error=[], warn=[], silence=[])', 'static_parser': 'True', 'printer_width': '80', 'write_json': 'True', 'introspect': 'True', 'log_cache_events': 'False', 'empty': 'None', 'cache_selected_only': 'False', 'fail_fast': 'False', 'debug': 'False', 'log_format': 'default', 'profiles_dir': 'C:\\Users\\ganas\\.dbt', 'send_anonymous_usage_stats': 'True', 'quiet': 'False', 'warn_error': 'None', 'partial_parse': 'True', 'invocation_command': 'dbt show --select customer_sales', 'hints_enabled': 'True', 'indirect_selection': 'eager', 'use_experimental_parser': 'False', 'use_colors': 'True', 'log_path': 'C:\\dbt_demo\\customer_revenue_analytics_lab1\\logs'}
[0m12:43:30.453877 [debug] [MainThread]: Sending event: {'category': 'dbt', 'action': 'project_id', 'label': '02f0d40f-f6d5-4744-9891-c017b8391281', 'context': [<snowplow_tracker.self_describing_json.SelfDescribingJson object at 0x000001D2DF8F5A70>]}
[0m12:43:30.552383 [debug] [MainThread]: Sending event: {'category': 'dbt', 'action': 'adapter_info', 'label': '02f0d40f-f6d5-4744-9891-c017b8391281', 'context': [<snowplow_tracker.self_describing_json.SelfDescribingJson object at 0x000001D2E1AE3020>]}
[0m12:43:30.572698 [info ] [MainThread]: Registered adapter: duckdb=1.10.1
[0m12:43:30.920734 [debug] [MainThread]: checksum: 024111baf3b4c807d28d4840b1322898270ef1207e9b5c8ecf6ac433743b0014, vars: {}, profile: customer_revenue_analytics_lab1, target: dev, version: 1.12.0
[0m12:43:31.216638 [debug] [MainThread]: Partial parsing enabled: 0 files deleted, 0 files added, 0 files changed.
[0m12:43:31.217250 [debug] [MainThread]: Nothing changed, skipping partial parsing.
[0m12:43:31.217694 [debug] [MainThread]: Partial parsing enabled, no changes found, skipping parsing
[0m12:43:31.233315 [debug] [MainThread]: Sending event: {'category': 'dbt', 'action': 'load_project', 'label': '02f0d40f-f6d5-4744-9891-c017b8391281', 'context': [<snowplow_tracker.self_describing_json.SelfDescribingJson object at 0x000001D2E23DD650>]}
[0m12:43:31.458297 [debug] [MainThread]: Wrote artifact WritableManifest to C:\dbt_demo\customer_revenue_analytics_lab1\target\manifest.json
[0m12:43:31.462968 [debug] [MainThread]: Wrote artifact SemanticManifest to C:\dbt_demo\customer_revenue_analytics_lab1\target\semantic_manifest.json
[0m12:43:31.490761 [debug] [MainThread]: Wrote artifact OsiDocument to C:\dbt_demo\customer_revenue_analytics_lab1\target\osi_document.json
[0m12:43:31.494685 [debug] [MainThread]: Sending event: {'category': 'dbt', 'action': 'resource_counts', 'label': '02f0d40f-f6d5-4744-9891-c017b8391281', 'context': [<snowplow_tracker.self_describing_json.SelfDescribingJson object at 0x000001D2E22B19A0>]}
[0m12:43:31.495429 [info ] [MainThread]: Found 3 models, 1 seed, 4 data tests, 486 macros
[0m12:43:31.496466 [debug] [MainThread]: Sending event: {'category': 'dbt', 'action': 'runnable_timing', 'label': '02f0d40f-f6d5-4744-9891-c017b8391281', 'context': [<snowplow_tracker.self_describing_json.SelfDescribingJson object at 0x000001D2E2333AF0>]}
[0m12:43:31.498991 [info ] [MainThread]: 
[0m12:43:31.499879 [info ] [MainThread]: Concurrency: 1 threads (target='dev')
[0m12:43:31.500647 [info ] [MainThread]: 
[0m12:43:31.501543 [debug] [MainThread]: Acquiring new duckdb connection 'master'
[0m12:43:31.509444 [debug] [ThreadPool]: Acquiring new duckdb connection 'list_dev_main'
[0m12:43:31.597001 [debug] [ThreadPool]: Using duckdb connection "list_dev_main"
[0m12:43:31.597476 [debug] [ThreadPool]: On list_dev_main: BEGIN
[0m12:43:31.597858 [debug] [ThreadPool]: Opening a new connection, currently in state init
[0m12:43:31.619467 [debug] [ThreadPool]: SQL status: OK in 0.022 seconds
[0m12:43:31.620097 [debug] [ThreadPool]: Using duckdb connection "list_dev_main"
[0m12:43:31.620576 [debug] [ThreadPool]: On list_dev_main: /* {"app": "dbt", "dbt_version": "1.12.0", "profile_name": "customer_revenue_analytics_lab1", "target_name": "dev", "connection_name": "list_dev_main"} */
select
      'dev' as database,
      table_name as name,
      table_schema as schema,
      CASE table_type
        WHEN 'BASE TABLE' THEN 'table'
        WHEN 'VIEW' THEN 'view'
        WHEN 'LOCAL TEMPORARY' THEN 'table'
        END as type
    from system.information_schema.tables
    where lower(table_schema) = 'main'
    and lower(table_catalog) = 'dev'
  
[0m12:43:31.626343 [debug] [ThreadPool]: SQL status: OK in 0.005 seconds
[0m12:43:31.628062 [debug] [ThreadPool]: On list_dev_main: ROLLBACK
[0m12:43:31.629613 [debug] [ThreadPool]: Failed to rollback 'list_dev_main'
[0m12:43:31.630227 [debug] [ThreadPool]: On list_dev_main: Close
[0m12:43:31.632342 [debug] [MainThread]: Sending event: {'category': 'dbt', 'action': 'runnable_timing', 'label': '02f0d40f-f6d5-4744-9891-c017b8391281', 'context': [<snowplow_tracker.self_describing_json.SelfDescribingJson object at 0x000001D2E25C2D00>]}
[0m12:43:31.636526 [debug] [Thread-1 (]: Began running node model.customer_revenue_analytics_lab1.customer_sales
[0m12:43:31.637533 [debug] [Thread-1 (]: Acquiring new duckdb connection 'model.customer_revenue_analytics_lab1.customer_sales'
[0m12:43:31.638486 [debug] [Thread-1 (]: Began compiling node model.customer_revenue_analytics_lab1.customer_sales
[0m12:43:31.649846 [debug] [Thread-1 (]: Writing injected SQL for node "model.customer_revenue_analytics_lab1.customer_sales"
[0m12:43:31.651534 [debug] [Thread-1 (]: Began executing node model.customer_revenue_analytics_lab1.customer_sales
[0m12:43:31.662016 [debug] [Thread-1 (]: Using duckdb connection "model.customer_revenue_analytics_lab1.customer_sales"
[0m12:43:31.662522 [debug] [Thread-1 (]: On model.customer_revenue_analytics_lab1.customer_sales: /* {"app": "dbt", "dbt_version": "1.12.0", "profile_name": "customer_revenue_analytics_lab1", "target_name": "dev", "node_id": "model.customer_revenue_analytics_lab1.customer_sales"} */

  
  SELECT
     customer,
     COUNT(order_id) AS total_orders,
     SUM(amount) AS total_sales,
     AVG(amount) AS average_order_value,
     SUM(amount) AS revenue
FROM "dev"."main"."sales_data"
GROUP BY customer
ORDER BY revenue DESC
  
  limit 5

[0m12:43:31.662986 [debug] [Thread-1 (]: Opening a new connection, currently in state init
[0m12:43:31.668903 [debug] [Thread-1 (]: SQL status: OK in 0.006 seconds
[0m12:43:31.673351 [debug] [Thread-1 (]: On model.customer_revenue_analytics_lab1.customer_sales: Close
[0m12:43:31.680501 [debug] [Thread-1 (]: Finished running node model.customer_revenue_analytics_lab1.customer_sales
[0m12:43:31.682147 [debug] [MainThread]: Connection 'master' was properly closed.
[0m12:43:31.682592 [debug] [MainThread]: Connection 'list_dev_main' was properly closed.
[0m12:43:31.682921 [debug] [MainThread]: Connection 'model.customer_revenue_analytics_lab1.customer_sales' was properly closed.
[0m12:43:31.683702 [debug] [MainThread]: Command end result
[0m12:43:31.731196 [debug] [MainThread]: Wrote artifact WritableManifest to C:\dbt_demo\customer_revenue_analytics_lab1\target\manifest.json
[0m12:43:31.735874 [debug] [MainThread]: Wrote artifact SemanticManifest to C:\dbt_demo\customer_revenue_analytics_lab1\target\semantic_manifest.json
[0m12:43:31.740481 [debug] [MainThread]: Wrote artifact OsiDocument to C:\dbt_demo\customer_revenue_analytics_lab1\target\osi_document.json
[0m12:43:31.751813 [debug] [MainThread]: Wrote artifact RunExecutionResult to C:\dbt_demo\customer_revenue_analytics_lab1\target\run_results.json
[0m12:43:31.752728 [info ] [MainThread]: Previewing node 'customer_sales':
| customer | total_orders | total_sales | average_order_value | revenue |
| -------- | ------------ | ----------- | ------------------- | ------- |
| Alice    |            2 |       77500 |              38,750 |   77500 |
| Bob      |            2 |       66200 |              33,100 |   66200 |
| Charlie  |            1 |       15000 |              15,000 |   15000 |

[0m12:43:31.753956 [debug] [MainThread]: Command `dbt show` succeeded at 12:43:31.753779 after 1.92 seconds
[0m12:43:31.754405 [debug] [MainThread]: Sending event: {'category': 'dbt', 'action': 'invocation', 'label': 'end', 'context': [<snowplow_tracker.self_describing_json.SelfDescribingJson object at 0x000001D2E1613C50>, <snowplow_tracker.self_describing_json.SelfDescribingJson object at 0x000001D2E2321DE0>, <snowplow_tracker.self_describing_json.SelfDescribingJson object at 0x000001D2E2322360>]}
[0m12:43:31.754831 [debug] [MainThread]: Flushing usage events
[0m12:43:32.720739 [debug] [MainThread]: An error was encountered while trying to flush usage events
[0m12:43:59.534963 [debug] [MainThread]: Sending event: {'category': 'dbt', 'action': 'invocation', 'label': 'start', 'context': [<snowplow_tracker.self_describing_json.SelfDescribingJson object at 0x000002CA300CD2B0>, <snowplow_tracker.self_describing_json.SelfDescribingJson object at 0x000002CA32823D90>, <snowplow_tracker.self_describing_json.SelfDescribingJson object at 0x000002CA32823750>]}


============================== 12:43:59.541868 | cb2e2d96-26bf-4daa-b053-41d609f3c0d2 ==============================
[0m12:43:59.541868 [info ] [MainThread]: Running with dbt=1.12.0
[0m12:43:59.542792 [debug] [MainThread]: running dbt with arguments {'maximum_seed_size_mib': '1', 'no_print': 'None', 'static_parser': 'True', 'warn_error_options': 'WarnErrorOptionsV2(error=[], warn=[], silence=[])', 'version_check': 'True', 'target_path': 'None', 'printer_width': '80', 'write_json': 'True', 'introspect': 'True', 'log_cache_events': 'False', 'empty': 'None', 'cache_selected_only': 'False', 'fail_fast': 'False', 'debug': 'False', 'log_format': 'default', 'partial_parse': 'True', 'send_anonymous_usage_stats': 'True', 'quiet': 'False', 'warn_error': 'None', 'profiles_dir': 'C:\\Users\\ganas\\.dbt', 'indirect_selection': 'eager', 'hints_enabled': 'True', 'invocation_command': 'dbt docs generate', 'use_experimental_parser': 'False', 'use_colors': 'True', 'log_path': 'C:\\dbt_demo\\customer_revenue_analytics_lab1\\logs'}
[0m12:43:59.928274 [debug] [MainThread]: Sending event: {'category': 'dbt', 'action': 'project_id', 'label': 'cb2e2d96-26bf-4daa-b053-41d609f3c0d2', 'context': [<snowplow_tracker.self_describing_json.SelfDescribingJson object at 0x000002CA307ADA70>]}
[0m12:44:00.044605 [debug] [MainThread]: Sending event: {'category': 'dbt', 'action': 'adapter_info', 'label': 'cb2e2d96-26bf-4daa-b053-41d609f3c0d2', 'context': [<snowplow_tracker.self_describing_json.SelfDescribingJson object at 0x000002CA329A3020>]}
[0m12:44:00.048739 [info ] [MainThread]: Registered adapter: duckdb=1.10.1
[0m12:44:00.398042 [debug] [MainThread]: checksum: 024111baf3b4c807d28d4840b1322898270ef1207e9b5c8ecf6ac433743b0014, vars: {}, profile: customer_revenue_analytics_lab1, target: dev, version: 1.12.0
[0m12:44:00.708416 [debug] [MainThread]: Partial parsing enabled: 0 files deleted, 0 files added, 0 files changed.
[0m12:44:00.708916 [debug] [MainThread]: Nothing changed, skipping partial parsing.
[0m12:44:00.709264 [debug] [MainThread]: Partial parsing enabled, no changes found, skipping parsing
[0m12:44:00.724222 [debug] [MainThread]: Sending event: {'category': 'dbt', 'action': 'load_project', 'label': 'cb2e2d96-26bf-4daa-b053-41d609f3c0d2', 'context': [<snowplow_tracker.self_describing_json.SelfDescribingJson object at 0x000002CA33153350>]}
[0m12:44:00.815065 [debug] [MainThread]: Sending event: {'category': 'dbt', 'action': 'resource_counts', 'label': 'cb2e2d96-26bf-4daa-b053-41d609f3c0d2', 'context': [<snowplow_tracker.self_describing_json.SelfDescribingJson object at 0x000002CA33186D50>]}
[0m12:44:00.815967 [info ] [MainThread]: Found 3 models, 1 seed, 4 data tests, 486 macros
[0m12:44:00.816907 [debug] [MainThread]: Sending event: {'category': 'dbt', 'action': 'runnable_timing', 'label': 'cb2e2d96-26bf-4daa-b053-41d609f3c0d2', 'context': [<snowplow_tracker.self_describing_json.SelfDescribingJson object at 0x000002CA33387310>]}
[0m12:44:00.819955 [info ] [MainThread]: 
[0m12:44:00.820728 [info ] [MainThread]: Concurrency: 1 threads (target='dev')
[0m12:44:00.821423 [info ] [MainThread]: 
[0m12:44:00.822858 [debug] [MainThread]: Acquiring new duckdb connection 'master'
[0m12:44:00.831528 [debug] [ThreadPool]: Acquiring new duckdb connection 'list_dev_main'
[0m12:44:00.940297 [debug] [ThreadPool]: Using duckdb connection "list_dev_main"
[0m12:44:00.940909 [debug] [ThreadPool]: On list_dev_main: BEGIN
[0m12:44:00.941284 [debug] [ThreadPool]: Opening a new connection, currently in state init
[0m12:44:00.965043 [debug] [ThreadPool]: SQL status: OK in 0.024 seconds
[0m12:44:00.965838 [debug] [ThreadPool]: Using duckdb connection "list_dev_main"
[0m12:44:00.966507 [debug] [ThreadPool]: On list_dev_main: /* {"app": "dbt", "dbt_version": "1.12.0", "profile_name": "customer_revenue_analytics_lab1", "target_name": "dev", "connection_name": "list_dev_main"} */
select
      'dev' as database,
      table_name as name,
      table_schema as schema,
      CASE table_type
        WHEN 'BASE TABLE' THEN 'table'
        WHEN 'VIEW' THEN 'view'
        WHEN 'LOCAL TEMPORARY' THEN 'table'
        END as type
    from system.information_schema.tables
    where lower(table_schema) = 'main'
    and lower(table_catalog) = 'dev'
  
[0m12:44:00.973038 [debug] [ThreadPool]: SQL status: OK in 0.006 seconds
[0m12:44:00.974904 [debug] [ThreadPool]: On list_dev_main: ROLLBACK
[0m12:44:00.976332 [debug] [ThreadPool]: Failed to rollback 'list_dev_main'
[0m12:44:00.976741 [debug] [ThreadPool]: On list_dev_main: Close
[0m12:44:00.979041 [debug] [MainThread]: Sending event: {'category': 'dbt', 'action': 'runnable_timing', 'label': 'cb2e2d96-26bf-4daa-b053-41d609f3c0d2', 'context': [<snowplow_tracker.self_describing_json.SelfDescribingJson object at 0x000002CA334C60D0>]}
[0m12:44:00.983903 [debug] [Thread-1 (]: Began running node model.customer_revenue_analytics_lab1.my_first_dbt_model
[0m12:44:00.984904 [debug] [Thread-1 (]: Acquiring new duckdb connection 'model.customer_revenue_analytics_lab1.my_first_dbt_model'
[0m12:44:00.985564 [debug] [Thread-1 (]: Began compiling node model.customer_revenue_analytics_lab1.my_first_dbt_model
[0m12:44:00.993719 [debug] [Thread-1 (]: Writing injected SQL for node "model.customer_revenue_analytics_lab1.my_first_dbt_model"
[0m12:44:00.995218 [debug] [Thread-1 (]: Began executing node model.customer_revenue_analytics_lab1.my_first_dbt_model
[0m12:44:00.996474 [debug] [Thread-1 (]: Finished running node model.customer_revenue_analytics_lab1.my_first_dbt_model
[0m12:44:00.997048 [debug] [Thread-1 (]: Began running node seed.customer_revenue_analytics_lab1.sales_data
[0m12:44:00.997707 [debug] [Thread-1 (]: Re-using an available connection from the pool (formerly model.customer_revenue_analytics_lab1.my_first_dbt_model, now seed.customer_revenue_analytics_lab1.sales_data)
[0m12:44:00.998290 [debug] [Thread-1 (]: Began compiling node seed.customer_revenue_analytics_lab1.sales_data
[0m12:44:00.999757 [debug] [Thread-1 (]: Began executing node seed.customer_revenue_analytics_lab1.sales_data
[0m12:44:01.001111 [debug] [Thread-1 (]: Finished running node seed.customer_revenue_analytics_lab1.sales_data
[0m12:44:01.001660 [debug] [Thread-1 (]: Began running node model.customer_revenue_analytics_lab1.my_second_dbt_model
[0m12:44:01.002355 [debug] [Thread-1 (]: Re-using an available connection from the pool (formerly seed.customer_revenue_analytics_lab1.sales_data, now model.customer_revenue_analytics_lab1.my_second_dbt_model)
[0m12:44:01.002991 [debug] [Thread-1 (]: Began compiling node model.customer_revenue_analytics_lab1.my_second_dbt_model
[0m12:44:01.005352 [debug] [Thread-1 (]: Writing injected SQL for node "model.customer_revenue_analytics_lab1.my_second_dbt_model"
[0m12:44:01.006694 [debug] [Thread-1 (]: Began executing node model.customer_revenue_analytics_lab1.my_second_dbt_model
[0m12:44:01.007928 [debug] [Thread-1 (]: Finished running node model.customer_revenue_analytics_lab1.my_second_dbt_model
[0m12:44:01.008640 [debug] [Thread-1 (]: Began running node test.customer_revenue_analytics_lab1.not_null_my_first_dbt_model_id.5fb22c2710
[0m12:44:01.009467 [debug] [Thread-1 (]: Re-using an available connection from the pool (formerly model.customer_revenue_analytics_lab1.my_second_dbt_model, now test.customer_revenue_analytics_lab1.not_null_my_first_dbt_model_id.5fb22c2710)
[0m12:44:01.010342 [debug] [Thread-1 (]: Began compiling node test.customer_revenue_analytics_lab1.not_null_my_first_dbt_model_id.5fb22c2710
[0m12:44:01.032119 [debug] [Thread-1 (]: Writing injected SQL for node "test.customer_revenue_analytics_lab1.not_null_my_first_dbt_model_id.5fb22c2710"
[0m12:44:01.033564 [debug] [Thread-1 (]: Began executing node test.customer_revenue_analytics_lab1.not_null_my_first_dbt_model_id.5fb22c2710
[0m12:44:01.034553 [debug] [Thread-1 (]: Finished running node test.customer_revenue_analytics_lab1.not_null_my_first_dbt_model_id.5fb22c2710
[0m12:44:01.035057 [debug] [Thread-1 (]: Began running node test.customer_revenue_analytics_lab1.unique_my_first_dbt_model_id.16e066b321
[0m12:44:01.035625 [debug] [Thread-1 (]: Re-using an available connection from the pool (formerly test.customer_revenue_analytics_lab1.not_null_my_first_dbt_model_id.5fb22c2710, now test.customer_revenue_analytics_lab1.unique_my_first_dbt_model_id.16e066b321)
[0m12:44:01.036083 [debug] [Thread-1 (]: Began compiling node test.customer_revenue_analytics_lab1.unique_my_first_dbt_model_id.16e066b321
[0m12:44:01.046100 [debug] [Thread-1 (]: Writing injected SQL for node "test.customer_revenue_analytics_lab1.unique_my_first_dbt_model_id.16e066b321"
[0m12:44:01.047513 [debug] [Thread-1 (]: Began executing node test.customer_revenue_analytics_lab1.unique_my_first_dbt_model_id.16e066b321
[0m12:44:01.048359 [debug] [Thread-1 (]: Finished running node test.customer_revenue_analytics_lab1.unique_my_first_dbt_model_id.16e066b321
[0m12:44:01.048824 [debug] [Thread-1 (]: Began running node model.customer_revenue_analytics_lab1.customer_sales
[0m12:44:01.049659 [debug] [Thread-1 (]: Re-using an available connection from the pool (formerly test.customer_revenue_analytics_lab1.unique_my_first_dbt_model_id.16e066b321, now model.customer_revenue_analytics_lab1.customer_sales)
[0m12:44:01.051019 [debug] [Thread-1 (]: Began compiling node model.customer_revenue_analytics_lab1.customer_sales
[0m12:44:01.053180 [debug] [Thread-1 (]: Writing injected SQL for node "model.customer_revenue_analytics_lab1.customer_sales"
[0m12:44:01.054751 [debug] [Thread-1 (]: Began executing node model.customer_revenue_analytics_lab1.customer_sales
[0m12:44:01.055636 [debug] [Thread-1 (]: Finished running node model.customer_revenue_analytics_lab1.customer_sales
[0m12:44:01.056287 [debug] [Thread-1 (]: Began running node test.customer_revenue_analytics_lab1.not_null_my_second_dbt_model_id.151b76d778
[0m12:44:01.056850 [debug] [Thread-1 (]: Re-using an available connection from the pool (formerly model.customer_revenue_analytics_lab1.customer_sales, now test.customer_revenue_analytics_lab1.not_null_my_second_dbt_model_id.151b76d778)
[0m12:44:01.057261 [debug] [Thread-1 (]: Began compiling node test.customer_revenue_analytics_lab1.not_null_my_second_dbt_model_id.151b76d778
[0m12:44:01.065287 [debug] [Thread-1 (]: Writing injected SQL for node "test.customer_revenue_analytics_lab1.not_null_my_second_dbt_model_id.151b76d778"
[0m12:44:01.066595 [debug] [Thread-1 (]: Began executing node test.customer_revenue_analytics_lab1.not_null_my_second_dbt_model_id.151b76d778
[0m12:44:01.067481 [debug] [Thread-1 (]: Finished running node test.customer_revenue_analytics_lab1.not_null_my_second_dbt_model_id.151b76d778
[0m12:44:01.067946 [debug] [Thread-1 (]: Began running node test.customer_revenue_analytics_lab1.unique_my_second_dbt_model_id.57a0f8c493
[0m12:44:01.068621 [debug] [Thread-1 (]: Re-using an available connection from the pool (formerly test.customer_revenue_analytics_lab1.not_null_my_second_dbt_model_id.151b76d778, now test.customer_revenue_analytics_lab1.unique_my_second_dbt_model_id.57a0f8c493)
[0m12:44:01.069217 [debug] [Thread-1 (]: Began compiling node test.customer_revenue_analytics_lab1.unique_my_second_dbt_model_id.57a0f8c493
[0m12:44:01.076959 [debug] [Thread-1 (]: Writing injected SQL for node "test.customer_revenue_analytics_lab1.unique_my_second_dbt_model_id.57a0f8c493"
[0m12:44:01.078532 [debug] [Thread-1 (]: Began executing node test.customer_revenue_analytics_lab1.unique_my_second_dbt_model_id.57a0f8c493
[0m12:44:01.079587 [debug] [Thread-1 (]: Finished running node test.customer_revenue_analytics_lab1.unique_my_second_dbt_model_id.57a0f8c493
[0m12:44:01.081597 [debug] [MainThread]: Connection 'master' was properly closed.
[0m12:44:01.082018 [debug] [MainThread]: Connection 'list_dev_main' was properly closed.
[0m12:44:01.082409 [debug] [MainThread]: Connection 'test.customer_revenue_analytics_lab1.unique_my_second_dbt_model_id.57a0f8c493' was properly closed.
[0m12:44:01.084474 [debug] [MainThread]: Command end result
[0m12:44:01.234734 [debug] [MainThread]: Wrote artifact WritableManifest to C:\dbt_demo\customer_revenue_analytics_lab1\target\manifest.json
[0m12:44:01.239148 [debug] [MainThread]: Wrote artifact SemanticManifest to C:\dbt_demo\customer_revenue_analytics_lab1\target\semantic_manifest.json
[0m12:44:01.268985 [debug] [MainThread]: Wrote artifact OsiDocument to C:\dbt_demo\customer_revenue_analytics_lab1\target\osi_document.json
[0m12:44:01.283035 [debug] [MainThread]: Wrote artifact RunExecutionResult to C:\dbt_demo\customer_revenue_analytics_lab1\target\run_results.json
[0m12:44:01.287186 [debug] [MainThread]: Acquiring new duckdb connection 'generate_catalog'
[0m12:44:01.287846 [info ] [MainThread]: Building catalog
[0m12:44:01.301836 [debug] [ThreadPool]: Acquiring new duckdb connection 'dev.information_schema'
[0m12:44:01.308973 [debug] [ThreadPool]: Using duckdb connection "dev.information_schema"
[0m12:44:01.309814 [debug] [ThreadPool]: On dev.information_schema: BEGIN
[0m12:44:01.310307 [debug] [ThreadPool]: Opening a new connection, currently in state init
[0m12:44:01.311775 [debug] [ThreadPool]: SQL status: OK in 0.001 seconds
[0m12:44:01.312387 [debug] [ThreadPool]: Using duckdb connection "dev.information_schema"
[0m12:44:01.312943 [debug] [ThreadPool]: On dev.information_schema: /* {"app": "dbt", "dbt_version": "1.12.0", "profile_name": "customer_revenue_analytics_lab1", "target_name": "dev", "connection_name": "dev.information_schema"} */
with relations AS (
      select
        t.table_name
        , t.database_name
        , t.schema_name
        , 'BASE TABLE' as table_type
        , t.comment as table_comment
      from duckdb_tables() t
      WHERE t.database_name = 'dev'
      UNION ALL
      SELECT v.view_name as table_name
      , v.database_name
      , v.schema_name
      , 'VIEW' as table_type
      , v.comment as table_comment
      from duckdb_views() v
      WHERE v.database_name = 'dev'
    )
    select
        'dev' as table_database,
        r.schema_name as table_schema,
        r.table_name,
        r.table_type,
        r.table_comment,
        c.column_name,
        c.column_index as column_index,
        c.data_type as column_type,
        c.comment as column_comment,
        NULL as table_owner
    FROM relations r JOIN duckdb_columns() c ON r.schema_name = c.schema_name AND r.table_name = c.table_name
    WHERE (upper(r.schema_name) = upper('main'))
    ORDER BY
        r.schema_name,
        r.table_name,
        c.column_index
[0m12:44:01.337212 [debug] [ThreadPool]: SQL status: OK in 0.022 seconds
[0m12:44:01.341883 [debug] [ThreadPool]: On dev.information_schema: ROLLBACK
[0m12:44:01.342866 [debug] [ThreadPool]: Failed to rollback 'dev.information_schema'
[0m12:44:01.343281 [debug] [ThreadPool]: On dev.information_schema: Close
[0m12:44:01.362277 [debug] [MainThread]: Wrote artifact CatalogArtifact to C:\dbt_demo\customer_revenue_analytics_lab1\target\catalog.json
[0m12:44:01.399589 [debug] [MainThread]: Wrote artifact WritableManifest to C:\dbt_demo\customer_revenue_analytics_lab1\target\manifest.json
[0m12:44:01.404796 [debug] [MainThread]: Wrote artifact SemanticManifest to C:\dbt_demo\customer_revenue_analytics_lab1\target\semantic_manifest.json
[0m12:44:01.410449 [debug] [MainThread]: Wrote artifact OsiDocument to C:\dbt_demo\customer_revenue_analytics_lab1\target\osi_document.json
[0m12:44:01.411063 [info ] [MainThread]: Catalog written to C:\dbt_demo\customer_revenue_analytics_lab1\target\catalog.json
[0m12:44:01.412406 [debug] [MainThread]: Command `dbt docs generate` succeeded at 12:44:01.412231 after 2.51 seconds
[0m12:44:01.412821 [debug] [MainThread]: Connection 'generate_catalog' was properly closed.
[0m12:44:01.413154 [debug] [MainThread]: Connection 'dev.information_schema' was properly closed.
[0m12:44:01.413543 [debug] [MainThread]: Sending event: {'category': 'dbt', 'action': 'invocation', 'label': 'end', 'context': [<snowplow_tracker.self_describing_json.SelfDescribingJson object at 0x000002CA324D7C50>, <snowplow_tracker.self_describing_json.SelfDescribingJson object at 0x000002CA336EA360>, <snowplow_tracker.self_describing_json.SelfDescribingJson object at 0x000002CA336EAC50>]}
[0m12:44:01.414083 [debug] [MainThread]: Flushing usage events
[0m12:44:02.629757 [debug] [MainThread]: An error was encountered while trying to flush usage events
[0m12:44:15.312349 [debug] [MainThread]: Sending event: {'category': 'dbt', 'action': 'invocation', 'label': 'start', 'context': [<snowplow_tracker.self_describing_json.SelfDescribingJson object at 0x00000146183BD2B0>, <snowplow_tracker.self_describing_json.SelfDescribingJson object at 0x000001461AAC7D90>, <snowplow_tracker.self_describing_json.SelfDescribingJson object at 0x000001461AAC7B10>]}


============================== 12:44:15.318993 | 51e0f6f4-7516-44a9-90b0-bf2ad32dec02 ==============================
[0m12:44:15.318993 [info ] [MainThread]: Running with dbt=1.12.0
[0m12:44:15.320265 [debug] [MainThread]: running dbt with arguments {'static_parser': 'True', 'no_print': 'None', 'maximum_seed_size_mib': '1', 'target_path': 'None', 'version_check': 'True', 'warn_error_options': 'WarnErrorOptionsV2(error=[], warn=[], silence=[])', 'printer_width': '80', 'write_json': 'True', 'empty': 'None', 'log_cache_events': 'False', 'introspect': 'True', 'cache_selected_only': 'False', 'fail_fast': 'False', 'debug': 'False', 'log_format': 'default', 'partial_parse': 'True', 'send_anonymous_usage_stats': 'True', 'quiet': 'False', 'warn_error': 'None', 'profiles_dir': 'C:\\Users\\ganas\\.dbt', 'invocation_command': 'dbt docs serve', 'hints_enabled': 'True', 'indirect_selection': 'eager', 'use_experimental_parser': 'False', 'use_colors': 'True', 'log_path': 'C:\\dbt_demo\\customer_revenue_analytics_lab1\\logs'}
[0m12:44:15.769901 [debug] [MainThread]: Sending event: {'category': 'dbt', 'action': 'project_id', 'label': '51e0f6f4-7516-44a9-90b0-bf2ad32dec02', 'context': [<snowplow_tracker.self_describing_json.SelfDescribingJson object at 0x0000014618AADA70>]}
[0m12:44:15.903392 [debug] [MainThread]: Sending event: {'category': 'dbt', 'action': 'adapter_info', 'label': '51e0f6f4-7516-44a9-90b0-bf2ad32dec02', 'context': [<snowplow_tracker.self_describing_json.SelfDescribingJson object at 0x00000146168DD150>]}
[0m12:54:00.908270 [error] [MainThread]: [[31mERROR[0m]: Encountered an error:

[0m12:54:00.915806 [error] [MainThread]: Traceback (most recent call last):
  File "C:\dbt_demo\dbt_env\Lib\site-packages\dbt\cli\requires.py", line 190, in wrapper
    result, success = func(*args, **kwargs)
                      ~~~~^^^^^^^^^^^^^^^^^
  File "C:\dbt_demo\dbt_env\Lib\site-packages\dbt\cli\requires.py", line 136, in wrapper
    return func(*args, **kwargs)
  File "C:\dbt_demo\dbt_env\Lib\site-packages\dbt\cli\requires.py", line 287, in wrapper
    return func(*args, **kwargs)
  File "C:\dbt_demo\dbt_env\Lib\site-packages\dbt\cli\requires.py", line 332, in wrapper
    return func(*args, **kwargs)
  File "C:\dbt_demo\dbt_env\Lib\site-packages\dbt\cli\requires.py", line 379, in wrapper
    return func(*args, **kwargs)
  File "C:\dbt_demo\dbt_env\Lib\site-packages\dbt\cli\main.py", line 322, in docs_serve
    results = task.run()
  File "C:\dbt_demo\dbt_env\Lib\site-packages\dbt\task\docs\serve.py", line 29, in run
    httpd.serve_forever()
    ~~~~~~~~~~~~~~~~~~~^^
  File "C:\Users\ganas\AppData\Local\Programs\Python\Python313\Lib\socketserver.py", line 235, in serve_forever
    ready = selector.select(poll_interval)
  File "C:\Users\ganas\AppData\Local\Programs\Python\Python313\Lib\selectors.py", line 314, in select
    r, w, _ = self._select(self._readers, self._writers, [], timeout)
              ~~~~~~~~~~~~^^^^^^^^^^^^^^^^^^^^^^^^^^^^^^^^^^^^^^^^^^^
  File "C:\Users\ganas\AppData\Local\Programs\Python\Python313\Lib\selectors.py", line 305, in _select
    r, w, x = select.select(r, w, w, timeout)
              ~~~~~~~~~~~~~^^^^^^^^^^^^^^^^^^
KeyboardInterrupt

[0m12:54:00.917518 [debug] [MainThread]: Command `dbt docs serve` failed at 12:54:00.917318 after 585.89 seconds
[0m12:54:00.918064 [debug] [MainThread]: Sending event: {'category': 'dbt', 'action': 'invocation', 'label': 'end', 'context': [<snowplow_tracker.self_describing_json.SelfDescribingJson object at 0x000001461B2DCB50>, <snowplow_tracker.self_describing_json.SelfDescribingJson object at 0x000001461B2DCC50>, <snowplow_tracker.self_describing_json.SelfDescribingJson object at 0x000001461B2C5A90>]}
[0m12:54:00.918691 [debug] [MainThread]: Flushing usage events
[0m12:54:02.481553 [debug] [MainThread]: An error was encountered while trying to flush usage events
[0m12:54:09.815337 [debug] [MainThread]: Sending event: {'category': 'dbt', 'action': 'invocation', 'label': 'start', 'context': [<snowplow_tracker.self_describing_json.SelfDescribingJson object at 0x0000020E7E89D2B0>, <snowplow_tracker.self_describing_json.SelfDescribingJson object at 0x0000020E01043ED0>, <snowplow_tracker.self_describing_json.SelfDescribingJson object at 0x0000020E01043750>]}


============================== 12:54:09.822736 | 1f71e831-5abb-4b9d-9c83-ffecf791283b ==============================
[0m12:54:09.822736 [info ] [MainThread]: Running with dbt=1.12.0
[0m12:54:09.824281 [debug] [MainThread]: running dbt with arguments {'static_parser': 'True', 'no_print': 'None', 'maximum_seed_size_mib': '1', 'warn_error_options': 'WarnErrorOptionsV2(error=[], warn=[], silence=[])', 'target_path': 'None', 'version_check': 'True', 'printer_width': '80', 'write_json': 'True', 'introspect': 'True', 'log_cache_events': 'False', 'empty': 'False', 'cache_selected_only': 'False', 'log_format': 'default', 'debug': 'False', 'fail_fast': 'False', 'profiles_dir': 'C:\\Users\\ganas\\.dbt', 'send_anonymous_usage_stats': 'True', 'quiet': 'False', 'warn_error': 'None', 'partial_parse': 'True', 'indirect_selection': 'eager', 'hints_enabled': 'True', 'invocation_command': 'dbt seed', 'use_experimental_parser': 'False', 'use_colors': 'True', 'log_path': 'C:\\dbt_demo\\customer_revenue_analytics_lab1\\logs'}
[0m12:54:10.190969 [debug] [MainThread]: Sending event: {'category': 'dbt', 'action': 'project_id', 'label': '1f71e831-5abb-4b9d-9c83-ffecf791283b', 'context': [<snowplow_tracker.self_describing_json.SelfDescribingJson object at 0x0000020E7EF85A70>]}
[0m12:54:10.318374 [debug] [MainThread]: Sending event: {'category': 'dbt', 'action': 'adapter_info', 'label': '1f71e831-5abb-4b9d-9c83-ffecf791283b', 'context': [<snowplow_tracker.self_describing_json.SelfDescribingJson object at 0x0000020E011C3020>]}
[0m12:54:10.323598 [info ] [MainThread]: Registered adapter: duckdb=1.10.1
[0m12:54:10.603499 [debug] [MainThread]: checksum: 024111baf3b4c807d28d4840b1322898270ef1207e9b5c8ecf6ac433743b0014, vars: {}, profile: customer_revenue_analytics_lab1, target: dev, version: 1.12.0
[0m12:54:10.894881 [debug] [MainThread]: Partial parsing enabled: 0 files deleted, 0 files added, 1 files changed.
[0m12:54:10.895601 [debug] [MainThread]: Partial parsing: updated file: customer_revenue_analytics_lab1://seeds\sales_data.csv
[0m12:54:11.264559 [debug] [MainThread]: Sending event: {'category': 'dbt', 'action': 'load_project', 'label': '1f71e831-5abb-4b9d-9c83-ffecf791283b', 'context': [<snowplow_tracker.self_describing_json.SelfDescribingJson object at 0x0000020E018A3650>]}
[0m12:54:11.392980 [debug] [MainThread]: Wrote artifact WritableManifest to C:\dbt_demo\customer_revenue_analytics_lab1\target\manifest.json
[0m12:54:11.397815 [debug] [MainThread]: Wrote artifact SemanticManifest to C:\dbt_demo\customer_revenue_analytics_lab1\target\semantic_manifest.json
[0m12:54:11.424033 [debug] [MainThread]: Wrote artifact OsiDocument to C:\dbt_demo\customer_revenue_analytics_lab1\target\osi_document.json
[0m12:54:11.439099 [debug] [MainThread]: Sending event: {'category': 'dbt', 'action': 'resource_counts', 'label': '1f71e831-5abb-4b9d-9c83-ffecf791283b', 'context': [<snowplow_tracker.self_describing_json.SelfDescribingJson object at 0x0000020E01B45130>]}
[0m12:54:11.439942 [info ] [MainThread]: Found 3 models, 4 data tests, 1 seed, 486 macros
[0m12:54:11.441069 [debug] [MainThread]: Sending event: {'category': 'dbt', 'action': 'runnable_timing', 'label': '1f71e831-5abb-4b9d-9c83-ffecf791283b', 'context': [<snowplow_tracker.self_describing_json.SelfDescribingJson object at 0x0000020E01B69B70>]}
[0m12:54:11.443573 [info ] [MainThread]: 
[0m12:54:11.444380 [info ] [MainThread]: Concurrency: 1 threads (target='dev')
[0m12:54:11.445022 [info ] [MainThread]: 
[0m12:54:11.445792 [debug] [MainThread]: Acquiring new duckdb connection 'master'
[0m12:54:11.448191 [debug] [ThreadPool]: Acquiring new duckdb connection 'list_dev'
[0m12:54:11.525799 [debug] [ThreadPool]: Using duckdb connection "list_dev"
[0m12:54:11.526309 [debug] [ThreadPool]: On list_dev: /* {"app": "dbt", "dbt_version": "1.12.0", "profile_name": "customer_revenue_analytics_lab1", "target_name": "dev", "connection_name": "list_dev"} */

    
    select schema_name
    from system.information_schema.schemata
    
    where lower(catalog_name) = '"dev"'
    
  
  
[0m12:54:11.526755 [debug] [ThreadPool]: Opening a new connection, currently in state init
[0m12:54:11.548658 [debug] [ThreadPool]: SQL status: OK in 0.022 seconds
[0m12:54:11.551119 [debug] [ThreadPool]: On list_dev: Close
[0m12:54:11.552492 [debug] [ThreadPool]: Re-using an available connection from the pool (formerly list_dev, now create_dev_main)
[0m12:54:11.553619 [debug] [ThreadPool]: Creating schema "database: "dev"
schema: "main"
"
[0m12:54:11.560854 [debug] [ThreadPool]: Using duckdb connection "create_dev_main"
[0m12:54:11.561362 [debug] [ThreadPool]: On create_dev_main: /* {"app": "dbt", "dbt_version": "1.12.0", "profile_name": "customer_revenue_analytics_lab1", "target_name": "dev", "connection_name": "create_dev_main"} */

    
        select type from duckdb_databases()
        where lower(database_name)='dev'
        and type='sqlite'
    
  
[0m12:54:11.561734 [debug] [ThreadPool]: Opening a new connection, currently in state closed
[0m12:54:11.562843 [debug] [ThreadPool]: SQL status: OK in 0.001 seconds
[0m12:54:11.564227 [debug] [ThreadPool]: Using duckdb connection "create_dev_main"
[0m12:54:11.564669 [debug] [ThreadPool]: On create_dev_main: BEGIN
[0m12:54:11.565296 [debug] [ThreadPool]: SQL status: OK in 0.000 seconds
[0m12:54:11.565659 [debug] [ThreadPool]: Using duckdb connection "create_dev_main"
[0m12:54:11.565988 [debug] [ThreadPool]: On create_dev_main: /* {"app": "dbt", "dbt_version": "1.12.0", "profile_name": "customer_revenue_analytics_lab1", "target_name": "dev", "connection_name": "create_dev_main"} */

    
    
        create schema if not exists "dev"."main"
    
[0m12:54:11.566672 [debug] [ThreadPool]: SQL status: OK in 0.000 seconds
[0m12:54:11.567586 [debug] [ThreadPool]: On create_dev_main: COMMIT
[0m12:54:11.568000 [debug] [ThreadPool]: Using duckdb connection "create_dev_main"
[0m12:54:11.568333 [debug] [ThreadPool]: On create_dev_main: COMMIT
[0m12:54:11.568883 [debug] [ThreadPool]: SQL status: OK in 0.000 seconds
[0m12:54:11.569254 [debug] [ThreadPool]: On create_dev_main: Close
[0m12:54:11.576058 [debug] [ThreadPool]: Acquiring new duckdb connection 'list_dev_main'
[0m12:54:11.582890 [debug] [ThreadPool]: Using duckdb connection "list_dev_main"
[0m12:54:11.583290 [debug] [ThreadPool]: On list_dev_main: BEGIN
[0m12:54:11.583610 [debug] [ThreadPool]: Opening a new connection, currently in state init
[0m12:54:11.584360 [debug] [ThreadPool]: SQL status: OK in 0.001 seconds
[0m12:54:11.584724 [debug] [ThreadPool]: Using duckdb connection "list_dev_main"
[0m12:54:11.585029 [debug] [ThreadPool]: On list_dev_main: /* {"app": "dbt", "dbt_version": "1.12.0", "profile_name": "customer_revenue_analytics_lab1", "target_name": "dev", "connection_name": "list_dev_main"} */
select
      'dev' as database,
      table_name as name,
      table_schema as schema,
      CASE table_type
        WHEN 'BASE TABLE' THEN 'table'
        WHEN 'VIEW' THEN 'view'
        WHEN 'LOCAL TEMPORARY' THEN 'table'
        END as type
    from system.information_schema.tables
    where lower(table_schema) = 'main'
    and lower(table_catalog) = 'dev'
  
[0m12:54:11.589372 [debug] [ThreadPool]: SQL status: OK in 0.004 seconds
[0m12:54:11.591593 [debug] [ThreadPool]: On list_dev_main: ROLLBACK
[0m12:54:11.593087 [debug] [ThreadPool]: Failed to rollback 'list_dev_main'
[0m12:54:11.593458 [debug] [ThreadPool]: On list_dev_main: Close
[0m12:54:11.595152 [debug] [MainThread]: Sending event: {'category': 'dbt', 'action': 'runnable_timing', 'label': '1f71e831-5abb-4b9d-9c83-ffecf791283b', 'context': [<snowplow_tracker.self_describing_json.SelfDescribingJson object at 0x0000020E01DDE340>]}
[0m12:54:11.595966 [debug] [MainThread]: Using duckdb connection "master"
[0m12:54:11.596740 [debug] [MainThread]: On master: BEGIN
[0m12:54:11.597153 [debug] [MainThread]: Opening a new connection, currently in state init
[0m12:54:11.597931 [debug] [MainThread]: SQL status: OK in 0.001 seconds
[0m12:54:11.598582 [debug] [MainThread]: On master: COMMIT
[0m12:54:11.599532 [debug] [MainThread]: Using duckdb connection "master"
[0m12:54:11.600566 [debug] [MainThread]: On master: COMMIT
[0m12:54:11.601577 [debug] [MainThread]: SQL status: OK in 0.000 seconds
[0m12:54:11.602004 [debug] [MainThread]: On master: Close
[0m12:54:11.605922 [debug] [Thread-1 (]: Began running node seed.customer_revenue_analytics_lab1.sales_data
[0m12:54:11.606627 [info ] [Thread-1 (]: 1 of 1 START seed file main.sales_data ......................................... [RUN]
[0m12:54:11.607567 [debug] [Thread-1 (]: Acquiring new duckdb connection 'seed.customer_revenue_analytics_lab1.sales_data'
[0m12:54:11.608280 [debug] [Thread-1 (]: Began compiling node seed.customer_revenue_analytics_lab1.sales_data
[0m12:54:11.608690 [debug] [Thread-1 (]: Began executing node seed.customer_revenue_analytics_lab1.sales_data
[0m12:54:11.649916 [debug] [Thread-1 (]: Using duckdb connection "seed.customer_revenue_analytics_lab1.sales_data"
[0m12:54:11.650510 [debug] [Thread-1 (]: On seed.customer_revenue_analytics_lab1.sales_data: BEGIN
[0m12:54:11.650958 [debug] [Thread-1 (]: Opening a new connection, currently in state init
[0m12:54:11.652268 [debug] [Thread-1 (]: SQL status: OK in 0.001 seconds
[0m12:54:11.652712 [debug] [Thread-1 (]: Using duckdb connection "seed.customer_revenue_analytics_lab1.sales_data"
[0m12:54:11.653116 [debug] [Thread-1 (]: On seed.customer_revenue_analytics_lab1.sales_data: /* {"app": "dbt", "dbt_version": "1.12.0", "profile_name": "customer_revenue_analytics_lab1", "target_name": "dev", "node_id": "seed.customer_revenue_analytics_lab1.sales_data"} */
truncate table "dev"."main"."sales_data"
[0m12:54:11.654444 [debug] [Thread-1 (]: SQL status: OK in 0.001 seconds
[0m12:54:11.667616 [debug] [Thread-1 (]: Using duckdb connection "seed.customer_revenue_analytics_lab1.sales_data"
[0m12:54:11.668079 [debug] [Thread-1 (]: On seed.customer_revenue_analytics_lab1.sales_data: 
          COPY "dev"."main"."sales_data" FROM 'C:\dbt_demo\customer_revenue_analytics_lab1\seeds\sales_data.csv' (FORMAT CSV, HEADER TRUE, DELIMITER ',')
        ...
[0m12:54:11.674638 [debug] [Thread-1 (]: SQL status: OK in 0.006 seconds
[0m12:54:11.681969 [debug] [Thread-1 (]: Writing runtime SQL for node "seed.customer_revenue_analytics_lab1.sales_data"
[0m12:54:11.698971 [debug] [Thread-1 (]: On seed.customer_revenue_analytics_lab1.sales_data: COMMIT
[0m12:54:11.699754 [debug] [Thread-1 (]: Using duckdb connection "seed.customer_revenue_analytics_lab1.sales_data"
[0m12:54:11.700462 [debug] [Thread-1 (]: On seed.customer_revenue_analytics_lab1.sales_data: COMMIT
[0m12:54:11.706478 [debug] [Thread-1 (]: SQL status: OK in 0.005 seconds
[0m12:54:11.709200 [debug] [Thread-1 (]: On seed.customer_revenue_analytics_lab1.sales_data: Close
[0m12:54:11.712460 [debug] [Thread-1 (]: Sending event: {'category': 'dbt', 'action': 'run_model', 'label': '1f71e831-5abb-4b9d-9c83-ffecf791283b', 'context': [<snowplow_tracker.self_describing_json.SelfDescribingJson object at 0x0000020E01DE59D0>]}
[0m12:54:11.713164 [info ] [Thread-1 (]: 1 of 1 OK loaded seed file main.sales_data ..................................... [[32mINSERT 8[0m in 0.10s]
[0m12:54:11.714130 [debug] [Thread-1 (]: Finished running node seed.customer_revenue_analytics_lab1.sales_data
[0m12:54:11.716837 [debug] [MainThread]: Using duckdb connection "master"
[0m12:54:11.717663 [debug] [MainThread]: On master: BEGIN
[0m12:54:11.718090 [debug] [MainThread]: Opening a new connection, currently in state closed
[0m12:54:11.718888 [debug] [MainThread]: SQL status: OK in 0.001 seconds
[0m12:54:11.719804 [debug] [MainThread]: On master: COMMIT
[0m12:54:11.720374 [debug] [MainThread]: Using duckdb connection "master"
[0m12:54:11.721575 [debug] [MainThread]: On master: COMMIT
[0m12:54:11.722600 [debug] [MainThread]: SQL status: OK in 0.000 seconds
[0m12:54:11.723115 [debug] [MainThread]: On master: Close
[0m12:54:11.723659 [debug] [MainThread]: Connection 'master' was properly closed.
[0m12:54:11.724227 [debug] [MainThread]: Connection 'create_dev_main' was properly closed.
[0m12:54:11.724774 [debug] [MainThread]: Connection 'list_dev_main' was properly closed.
[0m12:54:11.725233 [debug] [MainThread]: Connection 'seed.customer_revenue_analytics_lab1.sales_data' was properly closed.
[0m12:54:11.725786 [info ] [MainThread]: 
[0m12:54:11.727050 [info ] [MainThread]: Finished running 1 seed in 0 hours 0 minutes and 0.28 seconds (0.28s).
[0m12:54:11.730101 [debug] [MainThread]: Command end result
[0m12:54:11.775616 [debug] [MainThread]: Wrote artifact WritableManifest to C:\dbt_demo\customer_revenue_analytics_lab1\target\manifest.json
[0m12:54:11.781145 [debug] [MainThread]: Wrote artifact SemanticManifest to C:\dbt_demo\customer_revenue_analytics_lab1\target\semantic_manifest.json
[0m12:54:11.787114 [debug] [MainThread]: Wrote artifact OsiDocument to C:\dbt_demo\customer_revenue_analytics_lab1\target\osi_document.json
[0m12:54:11.799058 [debug] [MainThread]: Wrote artifact RunExecutionResult to C:\dbt_demo\customer_revenue_analytics_lab1\target\run_results.json
[0m12:54:11.799755 [info ] [MainThread]: 
[0m12:54:11.800929 [info ] [MainThread]: [32mCompleted successfully[0m
[0m12:54:11.801573 [info ] [MainThread]: 
[0m12:54:11.802205 [info ] [MainThread]: Done. PASS=1 WARN=0 ERROR=0 SKIP=0 NO-OP=0 REUSED=0 TOTAL=1
[0m12:54:11.803448 [debug] [MainThread]: Command `dbt seed` succeeded at 12:54:11.803247 after 2.27 seconds
[0m12:54:11.803972 [debug] [MainThread]: Sending event: {'category': 'dbt', 'action': 'invocation', 'label': 'end', 'context': [<snowplow_tracker.self_describing_json.SelfDescribingJson object at 0x0000020E01B63330>, <snowplow_tracker.self_describing_json.SelfDescribingJson object at 0x0000020E01E9BC50>, <snowplow_tracker.self_describing_json.SelfDescribingJson object at 0x0000020E01E9BE30>]}
[0m12:54:11.804641 [debug] [MainThread]: Flushing usage events
[0m12:54:14.417088 [debug] [MainThread]: An error was encountered while trying to flush usage events
[0m12:54:21.431145 [debug] [MainThread]: Sending event: {'category': 'dbt', 'action': 'invocation', 'label': 'start', 'context': [<snowplow_tracker.self_describing_json.SelfDescribingJson object at 0x000001359C00D2B0>, <snowplow_tracker.self_describing_json.SelfDescribingJson object at 0x000001359E763ED0>, <snowplow_tracker.self_describing_json.SelfDescribingJson object at 0x000001359E763750>]}


============================== 12:54:21.436899 | a07d3aa7-eda1-48e3-9175-77a50f26f82e ==============================
[0m12:54:21.436899 [info ] [MainThread]: Running with dbt=1.12.0
[0m12:54:21.437982 [debug] [MainThread]: running dbt with arguments {'maximum_seed_size_mib': '1', 'no_print': 'None', 'version_check': 'True', 'warn_error_options': 'WarnErrorOptionsV2(error=[], warn=[], silence=[])', 'static_parser': 'True', 'target_path': 'None', 'printer_width': '80', 'write_json': 'True', 'introspect': 'True', 'log_cache_events': 'False', 'empty': 'False', 'cache_selected_only': 'False', 'log_format': 'default', 'debug': 'False', 'fail_fast': 'False', 'partial_parse': 'True', 'send_anonymous_usage_stats': 'True', 'quiet': 'False', 'warn_error': 'None', 'profiles_dir': 'C:\\Users\\ganas\\.dbt', 'indirect_selection': 'eager', 'hints_enabled': 'True', 'use_colors': 'True', 'use_experimental_parser': 'False', 'invocation_command': 'dbt run', 'log_path': 'C:\\dbt_demo\\customer_revenue_analytics_lab1\\logs'}
[0m12:54:21.796767 [debug] [MainThread]: Sending event: {'category': 'dbt', 'action': 'project_id', 'label': 'a07d3aa7-eda1-48e3-9175-77a50f26f82e', 'context': [<snowplow_tracker.self_describing_json.SelfDescribingJson object at 0x000001359C6F5A70>]}
[0m12:54:21.909022 [debug] [MainThread]: Sending event: {'category': 'dbt', 'action': 'adapter_info', 'label': 'a07d3aa7-eda1-48e3-9175-77a50f26f82e', 'context': [<snowplow_tracker.self_describing_json.SelfDescribingJson object at 0x000001359E8E3020>]}
[0m12:54:21.913327 [info ] [MainThread]: Registered adapter: duckdb=1.10.1
[0m12:54:22.217214 [debug] [MainThread]: checksum: 024111baf3b4c807d28d4840b1322898270ef1207e9b5c8ecf6ac433743b0014, vars: {}, profile: customer_revenue_analytics_lab1, target: dev, version: 1.12.0
[0m12:54:22.512096 [debug] [MainThread]: Partial parsing enabled: 0 files deleted, 0 files added, 0 files changed.
[0m12:54:22.512600 [debug] [MainThread]: Nothing changed, skipping partial parsing.
[0m12:54:22.512954 [debug] [MainThread]: Partial parsing enabled, no changes found, skipping parsing
[0m12:54:22.527468 [debug] [MainThread]: Sending event: {'category': 'dbt', 'action': 'load_project', 'label': 'a07d3aa7-eda1-48e3-9175-77a50f26f82e', 'context': [<snowplow_tracker.self_describing_json.SelfDescribingJson object at 0x000001359F043350>]}
[0m12:54:22.703446 [debug] [MainThread]: Wrote artifact WritableManifest to C:\dbt_demo\customer_revenue_analytics_lab1\target\manifest.json
[0m12:54:22.707620 [debug] [MainThread]: Wrote artifact SemanticManifest to C:\dbt_demo\customer_revenue_analytics_lab1\target\semantic_manifest.json
[0m12:54:22.736173 [debug] [MainThread]: Wrote artifact OsiDocument to C:\dbt_demo\customer_revenue_analytics_lab1\target\osi_document.json
[0m12:54:22.778429 [debug] [MainThread]: Sending event: {'category': 'dbt', 'action': 'resource_counts', 'label': 'a07d3aa7-eda1-48e3-9175-77a50f26f82e', 'context': [<snowplow_tracker.self_describing_json.SelfDescribingJson object at 0x000001359F067A70>]}
[0m12:54:22.779255 [info ] [MainThread]: Found 3 models, 4 data tests, 1 seed, 486 macros
[0m12:54:22.780232 [debug] [MainThread]: Sending event: {'category': 'dbt', 'action': 'runnable_timing', 'label': 'a07d3aa7-eda1-48e3-9175-77a50f26f82e', 'context': [<snowplow_tracker.self_describing_json.SelfDescribingJson object at 0x000001359F0D7BD0>]}
[0m12:54:22.784414 [info ] [MainThread]: 
[0m12:54:22.785960 [info ] [MainThread]: Concurrency: 1 threads (target='dev')
[0m12:54:22.787656 [info ] [MainThread]: 
[0m12:54:22.791028 [debug] [MainThread]: Acquiring new duckdb connection 'master'
[0m12:54:22.805418 [debug] [ThreadPool]: Acquiring new duckdb connection 'list_dev'
[0m12:54:22.914183 [debug] [ThreadPool]: Using duckdb connection "list_dev"
[0m12:54:22.914813 [debug] [ThreadPool]: On list_dev: /* {"app": "dbt", "dbt_version": "1.12.0", "profile_name": "customer_revenue_analytics_lab1", "target_name": "dev", "connection_name": "list_dev"} */

    
    select schema_name
    from system.information_schema.schemata
    
    where lower(catalog_name) = '"dev"'
    
  
  
[0m12:54:22.915214 [debug] [ThreadPool]: Opening a new connection, currently in state init
[0m12:54:22.951952 [debug] [ThreadPool]: SQL status: OK in 0.036 seconds
[0m12:54:22.954910 [debug] [ThreadPool]: On list_dev: Close
[0m12:54:22.956614 [debug] [ThreadPool]: Re-using an available connection from the pool (formerly list_dev, now create_dev_main)
[0m12:54:22.957700 [debug] [ThreadPool]: Creating schema "database: "dev"
schema: "main"
"
[0m12:54:22.969846 [debug] [ThreadPool]: Using duckdb connection "create_dev_main"
[0m12:54:22.970468 [debug] [ThreadPool]: On create_dev_main: /* {"app": "dbt", "dbt_version": "1.12.0", "profile_name": "customer_revenue_analytics_lab1", "target_name": "dev", "connection_name": "create_dev_main"} */

    
        select type from duckdb_databases()
        where lower(database_name)='dev'
        and type='sqlite'
    
  
[0m12:54:22.971111 [debug] [ThreadPool]: Opening a new connection, currently in state closed
[0m12:54:22.972899 [debug] [ThreadPool]: SQL status: OK in 0.002 seconds
[0m12:54:22.975310 [debug] [ThreadPool]: Using duckdb connection "create_dev_main"
[0m12:54:22.975872 [debug] [ThreadPool]: On create_dev_main: BEGIN
[0m12:54:22.976777 [debug] [ThreadPool]: SQL status: OK in 0.000 seconds
[0m12:54:22.977319 [debug] [ThreadPool]: Using duckdb connection "create_dev_main"
[0m12:54:22.977857 [debug] [ThreadPool]: On create_dev_main: /* {"app": "dbt", "dbt_version": "1.12.0", "profile_name": "customer_revenue_analytics_lab1", "target_name": "dev", "connection_name": "create_dev_main"} */

    
    
        create schema if not exists "dev"."main"
    
[0m12:54:22.978963 [debug] [ThreadPool]: SQL status: OK in 0.000 seconds
[0m12:54:22.980717 [debug] [ThreadPool]: On create_dev_main: COMMIT
[0m12:54:22.981355 [debug] [ThreadPool]: Using duckdb connection "create_dev_main"
[0m12:54:22.981901 [debug] [ThreadPool]: On create_dev_main: COMMIT
[0m12:54:22.985971 [debug] [ThreadPool]: SQL status: OK in 0.003 seconds
[0m12:54:22.986676 [debug] [ThreadPool]: On create_dev_main: Close
[0m12:54:22.990432 [debug] [ThreadPool]: Acquiring new duckdb connection 'list_dev_main'
[0m12:54:23.000149 [debug] [ThreadPool]: Using duckdb connection "list_dev_main"
[0m12:54:23.001423 [debug] [ThreadPool]: On list_dev_main: BEGIN
[0m12:54:23.002094 [debug] [ThreadPool]: Opening a new connection, currently in state init
[0m12:54:23.003141 [debug] [ThreadPool]: SQL status: OK in 0.001 seconds
[0m12:54:23.003713 [debug] [ThreadPool]: Using duckdb connection "list_dev_main"
[0m12:54:23.004370 [debug] [ThreadPool]: On list_dev_main: /* {"app": "dbt", "dbt_version": "1.12.0", "profile_name": "customer_revenue_analytics_lab1", "target_name": "dev", "connection_name": "list_dev_main"} */
select
      'dev' as database,
      table_name as name,
      table_schema as schema,
      CASE table_type
        WHEN 'BASE TABLE' THEN 'table'
        WHEN 'VIEW' THEN 'view'
        WHEN 'LOCAL TEMPORARY' THEN 'table'
        END as type
    from system.information_schema.tables
    where lower(table_schema) = 'main'
    and lower(table_catalog) = 'dev'
  
[0m12:54:23.010354 [debug] [ThreadPool]: SQL status: OK in 0.005 seconds
[0m12:54:23.013073 [debug] [ThreadPool]: On list_dev_main: ROLLBACK
[0m12:54:23.014977 [debug] [ThreadPool]: Failed to rollback 'list_dev_main'
[0m12:54:23.015408 [debug] [ThreadPool]: On list_dev_main: Close
[0m12:54:23.017763 [debug] [MainThread]: Sending event: {'category': 'dbt', 'action': 'runnable_timing', 'label': 'a07d3aa7-eda1-48e3-9175-77a50f26f82e', 'context': [<snowplow_tracker.self_describing_json.SelfDescribingJson object at 0x000001359F4336C0>]}
[0m12:54:23.018557 [debug] [MainThread]: Using duckdb connection "master"
[0m12:54:23.019168 [debug] [MainThread]: On master: BEGIN
[0m12:54:23.019699 [debug] [MainThread]: Opening a new connection, currently in state init
[0m12:54:23.020746 [debug] [MainThread]: SQL status: OK in 0.001 seconds
[0m12:54:23.021403 [debug] [MainThread]: On master: COMMIT
[0m12:54:23.021938 [debug] [MainThread]: Using duckdb connection "master"
[0m12:54:23.022379 [debug] [MainThread]: On master: COMMIT
[0m12:54:23.023180 [debug] [MainThread]: SQL status: OK in 0.000 seconds
[0m12:54:23.023663 [debug] [MainThread]: On master: Close
[0m12:54:23.027723 [debug] [Thread-1 (]: Began running node model.customer_revenue_analytics_lab1.customer_sales
[0m12:54:23.028404 [info ] [Thread-1 (]: 1 of 3 START sql view model main.customer_sales ................................ [RUN]
[0m12:54:23.029472 [debug] [Thread-1 (]: Acquiring new duckdb connection 'model.customer_revenue_analytics_lab1.customer_sales'
[0m12:54:23.030181 [debug] [Thread-1 (]: Began compiling node model.customer_revenue_analytics_lab1.customer_sales
[0m12:54:23.042037 [debug] [Thread-1 (]: Writing injected SQL for node "model.customer_revenue_analytics_lab1.customer_sales"
[0m12:54:23.043717 [debug] [Thread-1 (]: Began executing node model.customer_revenue_analytics_lab1.customer_sales
[0m12:54:23.091393 [debug] [Thread-1 (]: Writing runtime sql for node "model.customer_revenue_analytics_lab1.customer_sales"
[0m12:54:23.093115 [debug] [Thread-1 (]: Using duckdb connection "model.customer_revenue_analytics_lab1.customer_sales"
[0m12:54:23.093858 [debug] [Thread-1 (]: On model.customer_revenue_analytics_lab1.customer_sales: BEGIN
[0m12:54:23.094521 [debug] [Thread-1 (]: Opening a new connection, currently in state init
[0m12:54:23.096002 [debug] [Thread-1 (]: SQL status: OK in 0.001 seconds
[0m12:54:23.096655 [debug] [Thread-1 (]: Using duckdb connection "model.customer_revenue_analytics_lab1.customer_sales"
[0m12:54:23.097342 [debug] [Thread-1 (]: On model.customer_revenue_analytics_lab1.customer_sales: /* {"app": "dbt", "dbt_version": "1.12.0", "profile_name": "customer_revenue_analytics_lab1", "target_name": "dev", "node_id": "model.customer_revenue_analytics_lab1.customer_sales"} */

  
  create view "dev"."main"."customer_sales__dbt_tmp" as (
    SELECT
     customer,
     COUNT(order_id) AS total_orders,
     SUM(amount) AS total_sales,
     AVG(amount) AS average_order_value,
     SUM(amount) AS revenue
FROM "dev"."main"."sales_data"
GROUP BY customer
ORDER BY revenue DESC
  );

[0m12:54:23.099060 [debug] [Thread-1 (]: SQL status: OK in 0.001 seconds
[0m12:54:23.106591 [debug] [Thread-1 (]: Using duckdb connection "model.customer_revenue_analytics_lab1.customer_sales"
[0m12:54:23.107177 [debug] [Thread-1 (]: On model.customer_revenue_analytics_lab1.customer_sales: /* {"app": "dbt", "dbt_version": "1.12.0", "profile_name": "customer_revenue_analytics_lab1", "target_name": "dev", "node_id": "model.customer_revenue_analytics_lab1.customer_sales"} */
alter view "dev"."main"."customer_sales" rename to "customer_sales__dbt_backup"
[0m12:54:23.108197 [debug] [Thread-1 (]: SQL status: OK in 0.001 seconds
[0m12:54:23.111439 [debug] [Thread-1 (]: Using duckdb connection "model.customer_revenue_analytics_lab1.customer_sales"
[0m12:54:23.112180 [debug] [Thread-1 (]: On model.customer_revenue_analytics_lab1.customer_sales: /* {"app": "dbt", "dbt_version": "1.12.0", "profile_name": "customer_revenue_analytics_lab1", "target_name": "dev", "node_id": "model.customer_revenue_analytics_lab1.customer_sales"} */
alter view "dev"."main"."customer_sales__dbt_tmp" rename to "customer_sales"
[0m12:54:23.113459 [debug] [Thread-1 (]: SQL status: OK in 0.001 seconds
[0m12:54:23.134071 [debug] [Thread-1 (]: On model.customer_revenue_analytics_lab1.customer_sales: COMMIT
[0m12:54:23.134716 [debug] [Thread-1 (]: Using duckdb connection "model.customer_revenue_analytics_lab1.customer_sales"
[0m12:54:23.135103 [debug] [Thread-1 (]: On model.customer_revenue_analytics_lab1.customer_sales: COMMIT
[0m12:54:23.145807 [debug] [Thread-1 (]: SQL status: OK in 0.010 seconds
[0m12:54:23.154273 [debug] [Thread-1 (]: Using duckdb connection "model.customer_revenue_analytics_lab1.customer_sales"
[0m12:54:23.154783 [debug] [Thread-1 (]: On model.customer_revenue_analytics_lab1.customer_sales: /* {"app": "dbt", "dbt_version": "1.12.0", "profile_name": "customer_revenue_analytics_lab1", "target_name": "dev", "node_id": "model.customer_revenue_analytics_lab1.customer_sales"} */

      drop view if exists "dev"."main"."customer_sales__dbt_backup" cascade
    
[0m12:54:23.156483 [debug] [Thread-1 (]: SQL status: OK in 0.001 seconds
[0m12:54:23.160044 [debug] [Thread-1 (]: On model.customer_revenue_analytics_lab1.customer_sales: Close
[0m12:54:23.163127 [debug] [Thread-1 (]: Sending event: {'category': 'dbt', 'action': 'run_model', 'label': 'a07d3aa7-eda1-48e3-9175-77a50f26f82e', 'context': [<snowplow_tracker.self_describing_json.SelfDescribingJson object at 0x000001359F5893D0>]}
[0m12:54:23.164283 [info ] [Thread-1 (]: 1 of 3 OK created sql view model main.customer_sales ........................... [[32mOK[0m in 0.13s]
[0m12:54:23.165436 [debug] [Thread-1 (]: Finished running node model.customer_revenue_analytics_lab1.customer_sales
[0m12:54:23.165970 [debug] [Thread-1 (]: Began running node model.customer_revenue_analytics_lab1.my_first_dbt_model
[0m12:54:23.166840 [info ] [Thread-1 (]: 2 of 3 START sql table model main.my_first_dbt_model ........................... [RUN]
[0m12:54:23.167769 [debug] [Thread-1 (]: Re-using an available connection from the pool (formerly model.customer_revenue_analytics_lab1.customer_sales, now model.customer_revenue_analytics_lab1.my_first_dbt_model)
[0m12:54:23.168223 [debug] [Thread-1 (]: Began compiling node model.customer_revenue_analytics_lab1.my_first_dbt_model
[0m12:54:23.172116 [debug] [Thread-1 (]: Writing injected SQL for node "model.customer_revenue_analytics_lab1.my_first_dbt_model"
[0m12:54:23.174211 [debug] [Thread-1 (]: Began executing node model.customer_revenue_analytics_lab1.my_first_dbt_model
[0m12:54:23.206656 [debug] [Thread-1 (]: Writing runtime sql for node "model.customer_revenue_analytics_lab1.my_first_dbt_model"
[0m12:54:23.208514 [debug] [Thread-1 (]: Using duckdb connection "model.customer_revenue_analytics_lab1.my_first_dbt_model"
[0m12:54:23.209136 [debug] [Thread-1 (]: On model.customer_revenue_analytics_lab1.my_first_dbt_model: BEGIN
[0m12:54:23.209797 [debug] [Thread-1 (]: Opening a new connection, currently in state closed
[0m12:54:23.210948 [debug] [Thread-1 (]: SQL status: OK in 0.001 seconds
[0m12:54:23.211426 [debug] [Thread-1 (]: Using duckdb connection "model.customer_revenue_analytics_lab1.my_first_dbt_model"
[0m12:54:23.211892 [debug] [Thread-1 (]: On model.customer_revenue_analytics_lab1.my_first_dbt_model: /* {"app": "dbt", "dbt_version": "1.12.0", "profile_name": "customer_revenue_analytics_lab1", "target_name": "dev", "node_id": "model.customer_revenue_analytics_lab1.my_first_dbt_model"} */

  
    
    

    create  table
      "dev"."main"."my_first_dbt_model__dbt_tmp"
  
    as (
      /*
    Welcome to your first dbt model!
    Did you know that you can also configure models directly within SQL files?
    This will override configurations stated in dbt_project.yml

    Try changing "table" to "view" below
*/



with source_data as (

    select 1 as id
    union all
    select null as id

)

select *
from source_data

/*
    Uncomment the line below to remove records with null `id` values
*/

-- where id is not null
    );
  
  
[0m12:54:23.213417 [debug] [Thread-1 (]: SQL status: OK in 0.001 seconds
[0m12:54:23.222022 [debug] [Thread-1 (]: Using duckdb connection "model.customer_revenue_analytics_lab1.my_first_dbt_model"
[0m12:54:23.222607 [debug] [Thread-1 (]: On model.customer_revenue_analytics_lab1.my_first_dbt_model: /* {"app": "dbt", "dbt_version": "1.12.0", "profile_name": "customer_revenue_analytics_lab1", "target_name": "dev", "node_id": "model.customer_revenue_analytics_lab1.my_first_dbt_model"} */

    SELECT index_name
    FROM duckdb_indexes()
    WHERE schema_name = 'main'
      AND table_name = 'my_first_dbt_model'
  
[0m12:54:23.223881 [debug] [Thread-1 (]: SQL status: OK in 0.001 seconds
[0m12:54:23.225871 [debug] [Thread-1 (]: Using duckdb connection "model.customer_revenue_analytics_lab1.my_first_dbt_model"
[0m12:54:23.226607 [debug] [Thread-1 (]: On model.customer_revenue_analytics_lab1.my_first_dbt_model: /* {"app": "dbt", "dbt_version": "1.12.0", "profile_name": "customer_revenue_analytics_lab1", "target_name": "dev", "node_id": "model.customer_revenue_analytics_lab1.my_first_dbt_model"} */

    SELECT COUNT(*) as remaining_indexes
    FROM duckdb_indexes()
    WHERE schema_name = 'main'
      AND table_name = 'my_first_dbt_model'
  
[0m12:54:23.228572 [debug] [Thread-1 (]: SQL status: OK in 0.001 seconds
[0m12:54:23.232664 [debug] [Thread-1 (]: Using duckdb connection "model.customer_revenue_analytics_lab1.my_first_dbt_model"
[0m12:54:23.233183 [debug] [Thread-1 (]: On model.customer_revenue_analytics_lab1.my_first_dbt_model: /* {"app": "dbt", "dbt_version": "1.12.0", "profile_name": "customer_revenue_analytics_lab1", "target_name": "dev", "node_id": "model.customer_revenue_analytics_lab1.my_first_dbt_model"} */
alter table "dev"."main"."my_first_dbt_model" rename to "my_first_dbt_model__dbt_backup"
[0m12:54:23.234169 [debug] [Thread-1 (]: SQL status: OK in 0.000 seconds
[0m12:54:23.236957 [debug] [Thread-1 (]: Using duckdb connection "model.customer_revenue_analytics_lab1.my_first_dbt_model"
[0m12:54:23.237443 [debug] [Thread-1 (]: On model.customer_revenue_analytics_lab1.my_first_dbt_model: /* {"app": "dbt", "dbt_version": "1.12.0", "profile_name": "customer_revenue_analytics_lab1", "target_name": "dev", "node_id": "model.customer_revenue_analytics_lab1.my_first_dbt_model"} */
alter table "dev"."main"."my_first_dbt_model__dbt_tmp" rename to "my_first_dbt_model"
[0m12:54:23.238359 [debug] [Thread-1 (]: SQL status: OK in 0.000 seconds
[0m12:54:23.246943 [debug] [Thread-1 (]: On model.customer_revenue_analytics_lab1.my_first_dbt_model: COMMIT
[0m12:54:23.247672 [debug] [Thread-1 (]: Using duckdb connection "model.customer_revenue_analytics_lab1.my_first_dbt_model"
[0m12:54:23.248327 [debug] [Thread-1 (]: On model.customer_revenue_analytics_lab1.my_first_dbt_model: COMMIT
[0m12:54:23.251576 [debug] [Thread-1 (]: SQL status: OK in 0.003 seconds
[0m12:54:23.254423 [debug] [Thread-1 (]: Using duckdb connection "model.customer_revenue_analytics_lab1.my_first_dbt_model"
[0m12:54:23.254933 [debug] [Thread-1 (]: On model.customer_revenue_analytics_lab1.my_first_dbt_model: /* {"app": "dbt", "dbt_version": "1.12.0", "profile_name": "customer_revenue_analytics_lab1", "target_name": "dev", "node_id": "model.customer_revenue_analytics_lab1.my_first_dbt_model"} */

      drop table if exists "dev"."main"."my_first_dbt_model__dbt_backup" cascade
    
[0m12:54:23.256646 [debug] [Thread-1 (]: SQL status: OK in 0.001 seconds
[0m12:54:23.258262 [debug] [Thread-1 (]: On model.customer_revenue_analytics_lab1.my_first_dbt_model: Close
[0m12:54:23.258983 [debug] [Thread-1 (]: Sending event: {'category': 'dbt', 'action': 'run_model', 'label': 'a07d3aa7-eda1-48e3-9175-77a50f26f82e', 'context': [<snowplow_tracker.self_describing_json.SelfDescribingJson object at 0x000001359F2C66D0>]}
[0m12:54:23.259945 [info ] [Thread-1 (]: 2 of 3 OK created sql table model main.my_first_dbt_model ...................... [[32mOK[0m in 0.09s]
[0m12:54:23.261081 [debug] [Thread-1 (]: Finished running node model.customer_revenue_analytics_lab1.my_first_dbt_model
[0m12:54:23.261976 [debug] [Thread-1 (]: Began running node model.customer_revenue_analytics_lab1.my_second_dbt_model
[0m12:54:23.262703 [info ] [Thread-1 (]: 3 of 3 START sql view model main.my_second_dbt_model ........................... [RUN]
[0m12:54:23.263777 [debug] [Thread-1 (]: Re-using an available connection from the pool (formerly model.customer_revenue_analytics_lab1.my_first_dbt_model, now model.customer_revenue_analytics_lab1.my_second_dbt_model)
[0m12:54:23.264320 [debug] [Thread-1 (]: Began compiling node model.customer_revenue_analytics_lab1.my_second_dbt_model
[0m12:54:23.267705 [debug] [Thread-1 (]: Writing injected SQL for node "model.customer_revenue_analytics_lab1.my_second_dbt_model"
[0m12:54:23.269417 [debug] [Thread-1 (]: Began executing node model.customer_revenue_analytics_lab1.my_second_dbt_model
[0m12:54:23.273058 [debug] [Thread-1 (]: Writing runtime sql for node "model.customer_revenue_analytics_lab1.my_second_dbt_model"
[0m12:54:23.274416 [debug] [Thread-1 (]: Using duckdb connection "model.customer_revenue_analytics_lab1.my_second_dbt_model"
[0m12:54:23.274881 [debug] [Thread-1 (]: On model.customer_revenue_analytics_lab1.my_second_dbt_model: BEGIN
[0m12:54:23.275315 [debug] [Thread-1 (]: Opening a new connection, currently in state closed
[0m12:54:23.276152 [debug] [Thread-1 (]: SQL status: OK in 0.001 seconds
[0m12:54:23.276676 [debug] [Thread-1 (]: Using duckdb connection "model.customer_revenue_analytics_lab1.my_second_dbt_model"
[0m12:54:23.277451 [debug] [Thread-1 (]: On model.customer_revenue_analytics_lab1.my_second_dbt_model: /* {"app": "dbt", "dbt_version": "1.12.0", "profile_name": "customer_revenue_analytics_lab1", "target_name": "dev", "node_id": "model.customer_revenue_analytics_lab1.my_second_dbt_model"} */

  
  create view "dev"."main"."my_second_dbt_model__dbt_tmp" as (
    -- Use the `ref` function to select from other models

select *
from "dev"."main"."my_first_dbt_model"
where id = 1
  );

[0m12:54:23.278475 [debug] [Thread-1 (]: SQL status: OK in 0.001 seconds
[0m12:54:23.283023 [debug] [Thread-1 (]: Using duckdb connection "model.customer_revenue_analytics_lab1.my_second_dbt_model"
[0m12:54:23.283793 [debug] [Thread-1 (]: On model.customer_revenue_analytics_lab1.my_second_dbt_model: /* {"app": "dbt", "dbt_version": "1.12.0", "profile_name": "customer_revenue_analytics_lab1", "target_name": "dev", "node_id": "model.customer_revenue_analytics_lab1.my_second_dbt_model"} */
alter view "dev"."main"."my_second_dbt_model" rename to "my_second_dbt_model__dbt_backup"
[0m12:54:23.285197 [debug] [Thread-1 (]: SQL status: OK in 0.001 seconds
[0m12:54:23.288618 [debug] [Thread-1 (]: Using duckdb connection "model.customer_revenue_analytics_lab1.my_second_dbt_model"
[0m12:54:23.289092 [debug] [Thread-1 (]: On model.customer_revenue_analytics_lab1.my_second_dbt_model: /* {"app": "dbt", "dbt_version": "1.12.0", "profile_name": "customer_revenue_analytics_lab1", "target_name": "dev", "node_id": "model.customer_revenue_analytics_lab1.my_second_dbt_model"} */
alter view "dev"."main"."my_second_dbt_model__dbt_tmp" rename to "my_second_dbt_model"
[0m12:54:23.290316 [debug] [Thread-1 (]: SQL status: OK in 0.001 seconds
[0m12:54:23.293529 [debug] [Thread-1 (]: On model.customer_revenue_analytics_lab1.my_second_dbt_model: COMMIT
[0m12:54:23.294254 [debug] [Thread-1 (]: Using duckdb connection "model.customer_revenue_analytics_lab1.my_second_dbt_model"
[0m12:54:23.294963 [debug] [Thread-1 (]: On model.customer_revenue_analytics_lab1.my_second_dbt_model: COMMIT
[0m12:54:23.297912 [debug] [Thread-1 (]: SQL status: OK in 0.002 seconds
[0m12:54:23.300587 [debug] [Thread-1 (]: Using duckdb connection "model.customer_revenue_analytics_lab1.my_second_dbt_model"
[0m12:54:23.301382 [debug] [Thread-1 (]: On model.customer_revenue_analytics_lab1.my_second_dbt_model: /* {"app": "dbt", "dbt_version": "1.12.0", "profile_name": "customer_revenue_analytics_lab1", "target_name": "dev", "node_id": "model.customer_revenue_analytics_lab1.my_second_dbt_model"} */

      drop view if exists "dev"."main"."my_second_dbt_model__dbt_backup" cascade
    
[0m12:54:23.303219 [debug] [Thread-1 (]: SQL status: OK in 0.001 seconds
[0m12:54:23.304832 [debug] [Thread-1 (]: On model.customer_revenue_analytics_lab1.my_second_dbt_model: Close
[0m12:54:23.305564 [debug] [Thread-1 (]: Sending event: {'category': 'dbt', 'action': 'run_model', 'label': 'a07d3aa7-eda1-48e3-9175-77a50f26f82e', 'context': [<snowplow_tracker.self_describing_json.SelfDescribingJson object at 0x000001359F62B110>]}
[0m12:54:23.306324 [info ] [Thread-1 (]: 3 of 3 OK created sql view model main.my_second_dbt_model ...................... [[32mOK[0m in 0.04s]
[0m12:54:23.307512 [debug] [Thread-1 (]: Finished running node model.customer_revenue_analytics_lab1.my_second_dbt_model
[0m12:54:23.309689 [debug] [MainThread]: Using duckdb connection "master"
[0m12:54:23.310301 [debug] [MainThread]: On master: BEGIN
[0m12:54:23.310882 [debug] [MainThread]: Opening a new connection, currently in state closed
[0m12:54:23.311686 [debug] [MainThread]: SQL status: OK in 0.001 seconds
[0m12:54:23.312101 [debug] [MainThread]: On master: COMMIT
[0m12:54:23.312478 [debug] [MainThread]: Using duckdb connection "master"
[0m12:54:23.312794 [debug] [MainThread]: On master: COMMIT
[0m12:54:23.313375 [debug] [MainThread]: SQL status: OK in 0.000 seconds
[0m12:54:23.313728 [debug] [MainThread]: On master: Close
[0m12:54:23.314198 [debug] [MainThread]: Connection 'master' was properly closed.
[0m12:54:23.314715 [debug] [MainThread]: Connection 'create_dev_main' was properly closed.
[0m12:54:23.315007 [debug] [MainThread]: Connection 'list_dev_main' was properly closed.
[0m12:54:23.315269 [debug] [MainThread]: Connection 'model.customer_revenue_analytics_lab1.my_second_dbt_model' was properly closed.
[0m12:54:23.315680 [info ] [MainThread]: 
[0m12:54:23.316303 [info ] [MainThread]: Finished running 1 table model, 2 view models in 0 hours 0 minutes and 0.53 seconds (0.53s).
[0m12:54:23.318534 [debug] [MainThread]: Command end result
[0m12:54:23.370296 [debug] [MainThread]: Wrote artifact WritableManifest to C:\dbt_demo\customer_revenue_analytics_lab1\target\manifest.json
[0m12:54:23.374770 [debug] [MainThread]: Wrote artifact SemanticManifest to C:\dbt_demo\customer_revenue_analytics_lab1\target\semantic_manifest.json
[0m12:54:23.378991 [debug] [MainThread]: Wrote artifact OsiDocument to C:\dbt_demo\customer_revenue_analytics_lab1\target\osi_document.json
[0m12:54:23.391952 [debug] [MainThread]: Wrote artifact RunExecutionResult to C:\dbt_demo\customer_revenue_analytics_lab1\target\run_results.json
[0m12:54:23.392525 [info ] [MainThread]: 
[0m12:54:23.393383 [info ] [MainThread]: [32mCompleted successfully[0m
[0m12:54:23.394139 [info ] [MainThread]: 
[0m12:54:23.394910 [info ] [MainThread]: Done. PASS=3 WARN=0 ERROR=0 SKIP=0 NO-OP=0 REUSED=0 TOTAL=3
[0m12:54:23.396112 [debug] [MainThread]: Command `dbt run` succeeded at 12:54:23.395946 after 2.22 seconds
[0m12:54:23.396641 [debug] [MainThread]: Sending event: {'category': 'dbt', 'action': 'invocation', 'label': 'end', 'context': [<snowplow_tracker.self_describing_json.SelfDescribingJson object at 0x000001359C67F9D0>, <snowplow_tracker.self_describing_json.SelfDescribingJson object at 0x000001359E76E050>, <snowplow_tracker.self_describing_json.SelfDescribingJson object at 0x000001359E7AAD60>]}
[0m12:54:23.397090 [debug] [MainThread]: Flushing usage events
[0m12:54:24.704962 [debug] [MainThread]: An error was encountered while trying to flush usage events
[0m12:54:51.388179 [debug] [MainThread]: Sending event: {'category': 'dbt', 'action': 'invocation', 'label': 'start', 'context': [<snowplow_tracker.self_describing_json.SelfDescribingJson object at 0x0000026DA78BD2B0>, <snowplow_tracker.self_describing_json.SelfDescribingJson object at 0x0000026DAA013ED0>, <snowplow_tracker.self_describing_json.SelfDescribingJson object at 0x0000026DAA013750>]}


============================== 12:54:51.394682 | fd80d49e-2447-41c4-93f5-1176cee79267 ==============================
[0m12:54:51.394682 [info ] [MainThread]: Running with dbt=1.12.0
[0m12:54:51.395774 [debug] [MainThread]: running dbt with arguments {'maximum_seed_size_mib': '1', 'no_print': 'None', 'version_check': 'True', 'warn_error_options': 'WarnErrorOptionsV2(error=[], warn=[], silence=[])', 'static_parser': 'True', 'target_path': 'None', 'printer_width': '80', 'write_json': 'True', 'introspect': 'True', 'log_cache_events': 'False', 'empty': 'None', 'cache_selected_only': 'False', 'fail_fast': 'False', 'debug': 'False', 'log_format': 'default', 'partial_parse': 'True', 'send_anonymous_usage_stats': 'True', 'quiet': 'False', 'warn_error': 'None', 'profiles_dir': 'C:\\Users\\ganas\\.dbt', 'indirect_selection': 'eager', 'hints_enabled': 'True', 'invocation_command': 'dbt show --select customer_sales', 'use_experimental_parser': 'False', 'use_colors': 'True', 'log_path': 'C:\\dbt_demo\\customer_revenue_analytics_lab1\\logs'}
[0m12:54:51.749410 [debug] [MainThread]: Sending event: {'category': 'dbt', 'action': 'project_id', 'label': 'fd80d49e-2447-41c4-93f5-1176cee79267', 'context': [<snowplow_tracker.self_describing_json.SelfDescribingJson object at 0x0000026DA7FA5A70>]}
[0m12:54:51.857220 [debug] [MainThread]: Sending event: {'category': 'dbt', 'action': 'adapter_info', 'label': 'fd80d49e-2447-41c4-93f5-1176cee79267', 'context': [<snowplow_tracker.self_describing_json.SelfDescribingJson object at 0x0000026DAA193020>]}
[0m12:54:51.874787 [info ] [MainThread]: Registered adapter: duckdb=1.10.1
[0m12:54:52.237613 [debug] [MainThread]: checksum: 024111baf3b4c807d28d4840b1322898270ef1207e9b5c8ecf6ac433743b0014, vars: {}, profile: customer_revenue_analytics_lab1, target: dev, version: 1.12.0
[0m12:54:52.625208 [debug] [MainThread]: Partial parsing enabled: 0 files deleted, 0 files added, 0 files changed.
[0m12:54:52.625928 [debug] [MainThread]: Nothing changed, skipping partial parsing.
[0m12:54:52.626500 [debug] [MainThread]: Partial parsing enabled, no changes found, skipping parsing
[0m12:54:52.641061 [debug] [MainThread]: Sending event: {'category': 'dbt', 'action': 'load_project', 'label': 'fd80d49e-2447-41c4-93f5-1176cee79267', 'context': [<snowplow_tracker.self_describing_json.SelfDescribingJson object at 0x0000026DAAAB1650>]}
[0m12:54:53.064132 [debug] [MainThread]: Wrote artifact WritableManifest to C:\dbt_demo\customer_revenue_analytics_lab1\target\manifest.json
[0m12:54:53.074410 [debug] [MainThread]: Wrote artifact SemanticManifest to C:\dbt_demo\customer_revenue_analytics_lab1\target\semantic_manifest.json
[0m12:54:53.132990 [debug] [MainThread]: Wrote artifact OsiDocument to C:\dbt_demo\customer_revenue_analytics_lab1\target\osi_document.json
[0m12:54:53.141171 [debug] [MainThread]: Sending event: {'category': 'dbt', 'action': 'resource_counts', 'label': 'fd80d49e-2447-41c4-93f5-1176cee79267', 'context': [<snowplow_tracker.self_describing_json.SelfDescribingJson object at 0x0000026DAA9819A0>]}
[0m12:54:53.142496 [info ] [MainThread]: Found 3 models, 4 data tests, 1 seed, 486 macros
[0m12:54:53.143697 [debug] [MainThread]: Sending event: {'category': 'dbt', 'action': 'runnable_timing', 'label': 'fd80d49e-2447-41c4-93f5-1176cee79267', 'context': [<snowplow_tracker.self_describing_json.SelfDescribingJson object at 0x0000026DAAA0BAF0>]}
[0m12:54:53.147684 [info ] [MainThread]: 
[0m12:54:53.149016 [info ] [MainThread]: Concurrency: 1 threads (target='dev')
[0m12:54:53.150285 [info ] [MainThread]: 
[0m12:54:53.152056 [debug] [MainThread]: Acquiring new duckdb connection 'master'
[0m12:54:53.165557 [debug] [ThreadPool]: Acquiring new duckdb connection 'list_dev_main'
[0m12:54:53.349678 [debug] [ThreadPool]: Using duckdb connection "list_dev_main"
[0m12:54:53.350731 [debug] [ThreadPool]: On list_dev_main: BEGIN
[0m12:54:53.351785 [debug] [ThreadPool]: Opening a new connection, currently in state init
[0m12:54:53.388795 [debug] [ThreadPool]: SQL status: OK in 0.037 seconds
[0m12:54:53.389713 [debug] [ThreadPool]: Using duckdb connection "list_dev_main"
[0m12:54:53.390482 [debug] [ThreadPool]: On list_dev_main: /* {"app": "dbt", "dbt_version": "1.12.0", "profile_name": "customer_revenue_analytics_lab1", "target_name": "dev", "connection_name": "list_dev_main"} */
select
      'dev' as database,
      table_name as name,
      table_schema as schema,
      CASE table_type
        WHEN 'BASE TABLE' THEN 'table'
        WHEN 'VIEW' THEN 'view'
        WHEN 'LOCAL TEMPORARY' THEN 'table'
        END as type
    from system.information_schema.tables
    where lower(table_schema) = 'main'
    and lower(table_catalog) = 'dev'
  
[0m12:54:53.400100 [debug] [ThreadPool]: SQL status: OK in 0.009 seconds
[0m12:54:53.404110 [debug] [ThreadPool]: On list_dev_main: ROLLBACK
[0m12:54:53.406955 [debug] [ThreadPool]: Failed to rollback 'list_dev_main'
[0m12:54:53.407785 [debug] [ThreadPool]: On list_dev_main: Close
[0m12:54:53.411283 [debug] [MainThread]: Sending event: {'category': 'dbt', 'action': 'runnable_timing', 'label': 'fd80d49e-2447-41c4-93f5-1176cee79267', 'context': [<snowplow_tracker.self_describing_json.SelfDescribingJson object at 0x0000026DAAC96D00>]}
[0m12:54:53.417860 [debug] [Thread-1 (]: Began running node model.customer_revenue_analytics_lab1.customer_sales
[0m12:54:53.419107 [debug] [Thread-1 (]: Acquiring new duckdb connection 'model.customer_revenue_analytics_lab1.customer_sales'
[0m12:54:53.427127 [debug] [Thread-1 (]: Began compiling node model.customer_revenue_analytics_lab1.customer_sales
[0m12:54:53.440611 [debug] [Thread-1 (]: Writing injected SQL for node "model.customer_revenue_analytics_lab1.customer_sales"
[0m12:54:53.443335 [debug] [Thread-1 (]: Began executing node model.customer_revenue_analytics_lab1.customer_sales
[0m12:54:53.460015 [debug] [Thread-1 (]: Using duckdb connection "model.customer_revenue_analytics_lab1.customer_sales"
[0m12:54:53.461096 [debug] [Thread-1 (]: On model.customer_revenue_analytics_lab1.customer_sales: /* {"app": "dbt", "dbt_version": "1.12.0", "profile_name": "customer_revenue_analytics_lab1", "target_name": "dev", "node_id": "model.customer_revenue_analytics_lab1.customer_sales"} */

  
  SELECT
     customer,
     COUNT(order_id) AS total_orders,
     SUM(amount) AS total_sales,
     AVG(amount) AS average_order_value,
     SUM(amount) AS revenue
FROM "dev"."main"."sales_data"
GROUP BY customer
ORDER BY revenue DESC
  
  limit 5

[0m12:54:53.462109 [debug] [Thread-1 (]: Opening a new connection, currently in state init
[0m12:54:53.474082 [debug] [Thread-1 (]: SQL status: OK in 0.012 seconds
[0m12:54:53.479201 [debug] [Thread-1 (]: On model.customer_revenue_analytics_lab1.customer_sales: Close
[0m12:54:53.481187 [debug] [Thread-1 (]: Finished running node model.customer_revenue_analytics_lab1.customer_sales
[0m12:54:53.483454 [debug] [MainThread]: Connection 'master' was properly closed.
[0m12:54:53.483995 [debug] [MainThread]: Connection 'list_dev_main' was properly closed.
[0m12:54:53.484563 [debug] [MainThread]: Connection 'model.customer_revenue_analytics_lab1.customer_sales' was properly closed.
[0m12:54:53.485946 [debug] [MainThread]: Command end result
[0m12:54:53.555250 [debug] [MainThread]: Wrote artifact WritableManifest to C:\dbt_demo\customer_revenue_analytics_lab1\target\manifest.json
[0m12:54:53.562995 [debug] [MainThread]: Wrote artifact SemanticManifest to C:\dbt_demo\customer_revenue_analytics_lab1\target\semantic_manifest.json
[0m12:54:53.569675 [debug] [MainThread]: Wrote artifact OsiDocument to C:\dbt_demo\customer_revenue_analytics_lab1\target\osi_document.json
[0m12:54:53.590161 [debug] [MainThread]: Wrote artifact RunExecutionResult to C:\dbt_demo\customer_revenue_analytics_lab1\target\run_results.json
[0m12:54:53.592654 [info ] [MainThread]: Previewing node 'customer_sales':
| customer | total_orders | total_sales | average_order_value | revenue |
| -------- | ------------ | ----------- | ------------------- | ------- |
| Alice    |            3 |      157500 |         52,500.000… |  157500 |
| Bob      |            3 |       67700 |         22,566.667… |   67700 |
| Alex     |            1 |       20000 |         20,000.000… |   20000 |
| Charlie  |            1 |       15000 |         15,000.000… |   15000 |

[0m12:54:53.594763 [debug] [MainThread]: Command `dbt show` succeeded at 12:54:53.594463 after 2.45 seconds
[0m12:54:53.595760 [debug] [MainThread]: Sending event: {'category': 'dbt', 'action': 'invocation', 'label': 'end', 'context': [<snowplow_tracker.self_describing_json.SelfDescribingJson object at 0x0000026DA9CC7C50>, <snowplow_tracker.self_describing_json.SelfDescribingJson object at 0x0000026DAAA02360>, <snowplow_tracker.self_describing_json.SelfDescribingJson object at 0x0000026DAAA022B0>]}
[0m12:54:53.596652 [debug] [MainThread]: Flushing usage events
[0m12:54:54.990315 [debug] [MainThread]: An error was encountered while trying to flush usage events
[0m12:55:18.551506 [debug] [MainThread]: Sending event: {'category': 'dbt', 'action': 'invocation', 'label': 'start', 'context': [<snowplow_tracker.self_describing_json.SelfDescribingJson object at 0x000001D814BDD2B0>, <snowplow_tracker.self_describing_json.SelfDescribingJson object at 0x000001D817333D90>, <snowplow_tracker.self_describing_json.SelfDescribingJson object at 0x000001D817333750>]}


============================== 12:55:18.557316 | d6f89bf7-8bec-44ef-930a-29bf47fa2b42 ==============================
[0m12:55:18.557316 [info ] [MainThread]: Running with dbt=1.12.0
[0m12:55:18.558421 [debug] [MainThread]: running dbt with arguments {'maximum_seed_size_mib': '1', 'no_print': 'None', 'version_check': 'True', 'target_path': 'None', 'static_parser': 'True', 'warn_error_options': 'WarnErrorOptionsV2(error=[], warn=[], silence=[])', 'printer_width': '80', 'write_json': 'True', 'empty': 'None', 'log_cache_events': 'False', 'introspect': 'True', 'cache_selected_only': 'False', 'fail_fast': 'False', 'debug': 'False', 'log_format': 'default', 'profiles_dir': 'C:\\Users\\ganas\\.dbt', 'send_anonymous_usage_stats': 'True', 'quiet': 'False', 'warn_error': 'None', 'partial_parse': 'True', 'invocation_command': 'dbt docs generate', 'hints_enabled': 'True', 'use_colors': 'True', 'use_experimental_parser': 'False', 'indirect_selection': 'eager', 'log_path': 'C:\\dbt_demo\\customer_revenue_analytics_lab1\\logs'}
[0m12:55:18.944034 [debug] [MainThread]: Sending event: {'category': 'dbt', 'action': 'project_id', 'label': 'd6f89bf7-8bec-44ef-930a-29bf47fa2b42', 'context': [<snowplow_tracker.self_describing_json.SelfDescribingJson object at 0x000001D8152BDA70>]}
[0m12:55:19.075031 [debug] [MainThread]: Sending event: {'category': 'dbt', 'action': 'adapter_info', 'label': 'd6f89bf7-8bec-44ef-930a-29bf47fa2b42', 'context': [<snowplow_tracker.self_describing_json.SelfDescribingJson object at 0x000001D8174B3020>]}
[0m12:55:19.079033 [info ] [MainThread]: Registered adapter: duckdb=1.10.1
[0m12:55:19.421315 [debug] [MainThread]: checksum: 024111baf3b4c807d28d4840b1322898270ef1207e9b5c8ecf6ac433743b0014, vars: {}, profile: customer_revenue_analytics_lab1, target: dev, version: 1.12.0
[0m12:55:19.737846 [debug] [MainThread]: Partial parsing enabled: 0 files deleted, 0 files added, 0 files changed.
[0m12:55:19.738325 [debug] [MainThread]: Nothing changed, skipping partial parsing.
[0m12:55:19.738645 [debug] [MainThread]: Partial parsing enabled, no changes found, skipping parsing
[0m12:55:19.754284 [debug] [MainThread]: Sending event: {'category': 'dbt', 'action': 'load_project', 'label': 'd6f89bf7-8bec-44ef-930a-29bf47fa2b42', 'context': [<snowplow_tracker.self_describing_json.SelfDescribingJson object at 0x000001D817BC3350>]}
[0m12:55:19.833189 [debug] [MainThread]: Sending event: {'category': 'dbt', 'action': 'resource_counts', 'label': 'd6f89bf7-8bec-44ef-930a-29bf47fa2b42', 'context': [<snowplow_tracker.self_describing_json.SelfDescribingJson object at 0x000001D817BFAD50>]}
[0m12:55:19.834080 [info ] [MainThread]: Found 3 models, 4 data tests, 1 seed, 486 macros
[0m12:55:19.834960 [debug] [MainThread]: Sending event: {'category': 'dbt', 'action': 'runnable_timing', 'label': 'd6f89bf7-8bec-44ef-930a-29bf47fa2b42', 'context': [<snowplow_tracker.self_describing_json.SelfDescribingJson object at 0x000001D817DEF150>]}
[0m12:55:19.838318 [info ] [MainThread]: 
[0m12:55:19.838971 [info ] [MainThread]: Concurrency: 1 threads (target='dev')
[0m12:55:19.839807 [info ] [MainThread]: 
[0m12:55:19.841127 [debug] [MainThread]: Acquiring new duckdb connection 'master'
[0m12:55:19.851564 [debug] [ThreadPool]: Acquiring new duckdb connection 'list_dev_main'
[0m12:55:19.957492 [debug] [ThreadPool]: Using duckdb connection "list_dev_main"
[0m12:55:19.957991 [debug] [ThreadPool]: On list_dev_main: BEGIN
[0m12:55:19.958334 [debug] [ThreadPool]: Opening a new connection, currently in state init
[0m12:55:19.980931 [debug] [ThreadPool]: SQL status: OK in 0.022 seconds
[0m12:55:19.981650 [debug] [ThreadPool]: Using duckdb connection "list_dev_main"
[0m12:55:19.982233 [debug] [ThreadPool]: On list_dev_main: /* {"app": "dbt", "dbt_version": "1.12.0", "profile_name": "customer_revenue_analytics_lab1", "target_name": "dev", "connection_name": "list_dev_main"} */
select
      'dev' as database,
      table_name as name,
      table_schema as schema,
      CASE table_type
        WHEN 'BASE TABLE' THEN 'table'
        WHEN 'VIEW' THEN 'view'
        WHEN 'LOCAL TEMPORARY' THEN 'table'
        END as type
    from system.information_schema.tables
    where lower(table_schema) = 'main'
    and lower(table_catalog) = 'dev'
  
[0m12:55:19.989914 [debug] [ThreadPool]: SQL status: OK in 0.007 seconds
[0m12:55:19.992761 [debug] [ThreadPool]: On list_dev_main: ROLLBACK
[0m12:55:19.994764 [debug] [ThreadPool]: Failed to rollback 'list_dev_main'
[0m12:55:19.995258 [debug] [ThreadPool]: On list_dev_main: Close
[0m12:55:19.997861 [debug] [MainThread]: Sending event: {'category': 'dbt', 'action': 'runnable_timing', 'label': 'd6f89bf7-8bec-44ef-930a-29bf47fa2b42', 'context': [<snowplow_tracker.self_describing_json.SelfDescribingJson object at 0x000001D817F3E0D0>]}
[0m12:55:20.002612 [debug] [Thread-1 (]: Began running node model.customer_revenue_analytics_lab1.my_first_dbt_model
[0m12:55:20.003555 [debug] [Thread-1 (]: Acquiring new duckdb connection 'model.customer_revenue_analytics_lab1.my_first_dbt_model'
[0m12:55:20.004386 [debug] [Thread-1 (]: Began compiling node model.customer_revenue_analytics_lab1.my_first_dbt_model
[0m12:55:20.012999 [debug] [Thread-1 (]: Writing injected SQL for node "model.customer_revenue_analytics_lab1.my_first_dbt_model"
[0m12:55:20.014619 [debug] [Thread-1 (]: Began executing node model.customer_revenue_analytics_lab1.my_first_dbt_model
[0m12:55:20.015563 [debug] [Thread-1 (]: Finished running node model.customer_revenue_analytics_lab1.my_first_dbt_model
[0m12:55:20.016093 [debug] [Thread-1 (]: Began running node seed.customer_revenue_analytics_lab1.sales_data
[0m12:55:20.017134 [debug] [Thread-1 (]: Re-using an available connection from the pool (formerly model.customer_revenue_analytics_lab1.my_first_dbt_model, now seed.customer_revenue_analytics_lab1.sales_data)
[0m12:55:20.017637 [debug] [Thread-1 (]: Began compiling node seed.customer_revenue_analytics_lab1.sales_data
[0m12:55:20.018907 [debug] [Thread-1 (]: Began executing node seed.customer_revenue_analytics_lab1.sales_data
[0m12:55:20.020144 [debug] [Thread-1 (]: Finished running node seed.customer_revenue_analytics_lab1.sales_data
[0m12:55:20.020929 [debug] [Thread-1 (]: Began running node model.customer_revenue_analytics_lab1.my_second_dbt_model
[0m12:55:20.021664 [debug] [Thread-1 (]: Re-using an available connection from the pool (formerly seed.customer_revenue_analytics_lab1.sales_data, now model.customer_revenue_analytics_lab1.my_second_dbt_model)
[0m12:55:20.022414 [debug] [Thread-1 (]: Began compiling node model.customer_revenue_analytics_lab1.my_second_dbt_model
[0m12:55:20.025529 [debug] [Thread-1 (]: Writing injected SQL for node "model.customer_revenue_analytics_lab1.my_second_dbt_model"
[0m12:55:20.027075 [debug] [Thread-1 (]: Began executing node model.customer_revenue_analytics_lab1.my_second_dbt_model
[0m12:55:20.028333 [debug] [Thread-1 (]: Finished running node model.customer_revenue_analytics_lab1.my_second_dbt_model
[0m12:55:20.029049 [debug] [Thread-1 (]: Began running node test.customer_revenue_analytics_lab1.not_null_my_first_dbt_model_id.5fb22c2710
[0m12:55:20.029880 [debug] [Thread-1 (]: Re-using an available connection from the pool (formerly model.customer_revenue_analytics_lab1.my_second_dbt_model, now test.customer_revenue_analytics_lab1.not_null_my_first_dbt_model_id.5fb22c2710)
[0m12:55:20.030722 [debug] [Thread-1 (]: Began compiling node test.customer_revenue_analytics_lab1.not_null_my_first_dbt_model_id.5fb22c2710
[0m12:55:20.049373 [debug] [Thread-1 (]: Writing injected SQL for node "test.customer_revenue_analytics_lab1.not_null_my_first_dbt_model_id.5fb22c2710"
[0m12:55:20.051206 [debug] [Thread-1 (]: Began executing node test.customer_revenue_analytics_lab1.not_null_my_first_dbt_model_id.5fb22c2710
[0m12:55:20.052233 [debug] [Thread-1 (]: Finished running node test.customer_revenue_analytics_lab1.not_null_my_first_dbt_model_id.5fb22c2710
[0m12:55:20.052684 [debug] [Thread-1 (]: Began running node test.customer_revenue_analytics_lab1.unique_my_first_dbt_model_id.16e066b321
[0m12:55:20.053213 [debug] [Thread-1 (]: Re-using an available connection from the pool (formerly test.customer_revenue_analytics_lab1.not_null_my_first_dbt_model_id.5fb22c2710, now test.customer_revenue_analytics_lab1.unique_my_first_dbt_model_id.16e066b321)
[0m12:55:20.053608 [debug] [Thread-1 (]: Began compiling node test.customer_revenue_analytics_lab1.unique_my_first_dbt_model_id.16e066b321
[0m12:55:20.064332 [debug] [Thread-1 (]: Writing injected SQL for node "test.customer_revenue_analytics_lab1.unique_my_first_dbt_model_id.16e066b321"
[0m12:55:20.065971 [debug] [Thread-1 (]: Began executing node test.customer_revenue_analytics_lab1.unique_my_first_dbt_model_id.16e066b321
[0m12:55:20.066994 [debug] [Thread-1 (]: Finished running node test.customer_revenue_analytics_lab1.unique_my_first_dbt_model_id.16e066b321
[0m12:55:20.067468 [debug] [Thread-1 (]: Began running node model.customer_revenue_analytics_lab1.customer_sales
[0m12:55:20.068031 [debug] [Thread-1 (]: Re-using an available connection from the pool (formerly test.customer_revenue_analytics_lab1.unique_my_first_dbt_model_id.16e066b321, now model.customer_revenue_analytics_lab1.customer_sales)
[0m12:55:20.068445 [debug] [Thread-1 (]: Began compiling node model.customer_revenue_analytics_lab1.customer_sales
[0m12:55:20.071030 [debug] [Thread-1 (]: Writing injected SQL for node "model.customer_revenue_analytics_lab1.customer_sales"
[0m12:55:20.072320 [debug] [Thread-1 (]: Began executing node model.customer_revenue_analytics_lab1.customer_sales
[0m12:55:20.073298 [debug] [Thread-1 (]: Finished running node model.customer_revenue_analytics_lab1.customer_sales
[0m12:55:20.073954 [debug] [Thread-1 (]: Began running node test.customer_revenue_analytics_lab1.not_null_my_second_dbt_model_id.151b76d778
[0m12:55:20.074968 [debug] [Thread-1 (]: Re-using an available connection from the pool (formerly model.customer_revenue_analytics_lab1.customer_sales, now test.customer_revenue_analytics_lab1.not_null_my_second_dbt_model_id.151b76d778)
[0m12:55:20.075643 [debug] [Thread-1 (]: Began compiling node test.customer_revenue_analytics_lab1.not_null_my_second_dbt_model_id.151b76d778
[0m12:55:20.087406 [debug] [Thread-1 (]: Writing injected SQL for node "test.customer_revenue_analytics_lab1.not_null_my_second_dbt_model_id.151b76d778"
[0m12:55:20.089390 [debug] [Thread-1 (]: Began executing node test.customer_revenue_analytics_lab1.not_null_my_second_dbt_model_id.151b76d778
[0m12:55:20.090799 [debug] [Thread-1 (]: Finished running node test.customer_revenue_analytics_lab1.not_null_my_second_dbt_model_id.151b76d778
[0m12:55:20.091637 [debug] [Thread-1 (]: Began running node test.customer_revenue_analytics_lab1.unique_my_second_dbt_model_id.57a0f8c493
[0m12:55:20.092511 [debug] [Thread-1 (]: Re-using an available connection from the pool (formerly test.customer_revenue_analytics_lab1.not_null_my_second_dbt_model_id.151b76d778, now test.customer_revenue_analytics_lab1.unique_my_second_dbt_model_id.57a0f8c493)
[0m12:55:20.093047 [debug] [Thread-1 (]: Began compiling node test.customer_revenue_analytics_lab1.unique_my_second_dbt_model_id.57a0f8c493
[0m12:55:20.101141 [debug] [Thread-1 (]: Writing injected SQL for node "test.customer_revenue_analytics_lab1.unique_my_second_dbt_model_id.57a0f8c493"
[0m12:55:20.102490 [debug] [Thread-1 (]: Began executing node test.customer_revenue_analytics_lab1.unique_my_second_dbt_model_id.57a0f8c493
[0m12:55:20.103430 [debug] [Thread-1 (]: Finished running node test.customer_revenue_analytics_lab1.unique_my_second_dbt_model_id.57a0f8c493
[0m12:55:20.104838 [debug] [MainThread]: Connection 'master' was properly closed.
[0m12:55:20.105366 [debug] [MainThread]: Connection 'list_dev_main' was properly closed.
[0m12:55:20.105981 [debug] [MainThread]: Connection 'test.customer_revenue_analytics_lab1.unique_my_second_dbt_model_id.57a0f8c493' was properly closed.
[0m12:55:20.107749 [debug] [MainThread]: Command end result
[0m12:55:20.243984 [debug] [MainThread]: Wrote artifact WritableManifest to C:\dbt_demo\customer_revenue_analytics_lab1\target\manifest.json
[0m12:55:20.255162 [debug] [MainThread]: Wrote artifact SemanticManifest to C:\dbt_demo\customer_revenue_analytics_lab1\target\semantic_manifest.json
[0m12:55:20.294010 [debug] [MainThread]: Wrote artifact OsiDocument to C:\dbt_demo\customer_revenue_analytics_lab1\target\osi_document.json
[0m12:55:20.312493 [debug] [MainThread]: Wrote artifact RunExecutionResult to C:\dbt_demo\customer_revenue_analytics_lab1\target\run_results.json
[0m12:55:20.317034 [debug] [MainThread]: Acquiring new duckdb connection 'generate_catalog'
[0m12:55:20.317596 [info ] [MainThread]: Building catalog
[0m12:55:20.335360 [debug] [ThreadPool]: Acquiring new duckdb connection 'dev.information_schema'
[0m12:55:20.343961 [debug] [ThreadPool]: Using duckdb connection "dev.information_schema"
[0m12:55:20.344636 [debug] [ThreadPool]: On dev.information_schema: BEGIN
[0m12:55:20.345127 [debug] [ThreadPool]: Opening a new connection, currently in state init
[0m12:55:20.346577 [debug] [ThreadPool]: SQL status: OK in 0.001 seconds
[0m12:55:20.346957 [debug] [ThreadPool]: Using duckdb connection "dev.information_schema"
[0m12:55:20.347322 [debug] [ThreadPool]: On dev.information_schema: /* {"app": "dbt", "dbt_version": "1.12.0", "profile_name": "customer_revenue_analytics_lab1", "target_name": "dev", "connection_name": "dev.information_schema"} */
with relations AS (
      select
        t.table_name
        , t.database_name
        , t.schema_name
        , 'BASE TABLE' as table_type
        , t.comment as table_comment
      from duckdb_tables() t
      WHERE t.database_name = 'dev'
      UNION ALL
      SELECT v.view_name as table_name
      , v.database_name
      , v.schema_name
      , 'VIEW' as table_type
      , v.comment as table_comment
      from duckdb_views() v
      WHERE v.database_name = 'dev'
    )
    select
        'dev' as table_database,
        r.schema_name as table_schema,
        r.table_name,
        r.table_type,
        r.table_comment,
        c.column_name,
        c.column_index as column_index,
        c.data_type as column_type,
        c.comment as column_comment,
        NULL as table_owner
    FROM relations r JOIN duckdb_columns() c ON r.schema_name = c.schema_name AND r.table_name = c.table_name
    WHERE (upper(r.schema_name) = upper('main'))
    ORDER BY
        r.schema_name,
        r.table_name,
        c.column_index
[0m12:55:20.371775 [debug] [ThreadPool]: SQL status: OK in 0.024 seconds
[0m12:55:20.377376 [debug] [ThreadPool]: On dev.information_schema: ROLLBACK
[0m12:55:20.378503 [debug] [ThreadPool]: Failed to rollback 'dev.information_schema'
[0m12:55:20.378898 [debug] [ThreadPool]: On dev.information_schema: Close
[0m12:55:20.395619 [debug] [MainThread]: Wrote artifact CatalogArtifact to C:\dbt_demo\customer_revenue_analytics_lab1\target\catalog.json
[0m12:55:20.438872 [debug] [MainThread]: Wrote artifact WritableManifest to C:\dbt_demo\customer_revenue_analytics_lab1\target\manifest.json
[0m12:55:20.443554 [debug] [MainThread]: Wrote artifact SemanticManifest to C:\dbt_demo\customer_revenue_analytics_lab1\target\semantic_manifest.json
[0m12:55:20.447965 [debug] [MainThread]: Wrote artifact OsiDocument to C:\dbt_demo\customer_revenue_analytics_lab1\target\osi_document.json
[0m12:55:20.448564 [info ] [MainThread]: Catalog written to C:\dbt_demo\customer_revenue_analytics_lab1\target\catalog.json
[0m12:55:20.449915 [debug] [MainThread]: Command `dbt docs generate` succeeded at 12:55:20.449695 after 2.15 seconds
[0m12:55:20.450649 [debug] [MainThread]: Connection 'generate_catalog' was properly closed.
[0m12:55:20.451528 [debug] [MainThread]: Connection 'dev.information_schema' was properly closed.
[0m12:55:20.452159 [debug] [MainThread]: Sending event: {'category': 'dbt', 'action': 'invocation', 'label': 'end', 'context': [<snowplow_tracker.self_describing_json.SelfDescribingJson object at 0x000001D816FE3C50>, <snowplow_tracker.self_describing_json.SelfDescribingJson object at 0x000001D81816A360>, <snowplow_tracker.self_describing_json.SelfDescribingJson object at 0x000001D81816AC50>]}
[0m12:55:20.452800 [debug] [MainThread]: Flushing usage events
[0m12:55:21.405719 [debug] [MainThread]: An error was encountered while trying to flush usage events
[0m12:55:24.570803 [debug] [MainThread]: Sending event: {'category': 'dbt', 'action': 'invocation', 'label': 'start', 'context': [<snowplow_tracker.self_describing_json.SelfDescribingJson object at 0x000002B3A1CFD2B0>, <snowplow_tracker.self_describing_json.SelfDescribingJson object at 0x000002B3A43F7D90>, <snowplow_tracker.self_describing_json.SelfDescribingJson object at 0x000002B3A43F7B10>]}


============================== 12:55:24.576117 | ce78d128-6649-435d-9a47-fa77c2a756be ==============================
[0m12:55:24.576117 [info ] [MainThread]: Running with dbt=1.12.0
[0m12:55:24.577023 [debug] [MainThread]: running dbt with arguments {'maximum_seed_size_mib': '1', 'no_print': 'None', 'static_parser': 'True', 'target_path': 'None', 'warn_error_options': 'WarnErrorOptionsV2(error=[], warn=[], silence=[])', 'version_check': 'True', 'printer_width': '80', 'write_json': 'True', 'introspect': 'True', 'log_cache_events': 'False', 'empty': 'None', 'cache_selected_only': 'False', 'log_format': 'default', 'debug': 'False', 'fail_fast': 'False', 'partial_parse': 'True', 'send_anonymous_usage_stats': 'True', 'quiet': 'False', 'warn_error': 'None', 'profiles_dir': 'C:\\Users\\ganas\\.dbt', 'invocation_command': 'dbt docs serve', 'hints_enabled': 'True', 'indirect_selection': 'eager', 'use_experimental_parser': 'False', 'use_colors': 'True', 'log_path': 'C:\\dbt_demo\\customer_revenue_analytics_lab1\\logs'}
[0m12:55:24.994475 [debug] [MainThread]: Sending event: {'category': 'dbt', 'action': 'project_id', 'label': 'ce78d128-6649-435d-9a47-fa77c2a756be', 'context': [<snowplow_tracker.self_describing_json.SelfDescribingJson object at 0x000002B3A23C1A70>]}
[0m12:55:25.113431 [debug] [MainThread]: Sending event: {'category': 'dbt', 'action': 'adapter_info', 'label': 'ce78d128-6649-435d-9a47-fa77c2a756be', 'context': [<snowplow_tracker.self_describing_json.SelfDescribingJson object at 0x000002B3A0221150>]}
[0m12:56:56.309648 [error] [MainThread]: [[31mERROR[0m]: Encountered an error:

[0m12:56:56.315429 [error] [MainThread]: Traceback (most recent call last):
  File "C:\dbt_demo\dbt_env\Lib\site-packages\dbt\cli\requires.py", line 190, in wrapper
    result, success = func(*args, **kwargs)
                      ~~~~^^^^^^^^^^^^^^^^^
  File "C:\dbt_demo\dbt_env\Lib\site-packages\dbt\cli\requires.py", line 136, in wrapper
    return func(*args, **kwargs)
  File "C:\dbt_demo\dbt_env\Lib\site-packages\dbt\cli\requires.py", line 287, in wrapper
    return func(*args, **kwargs)
  File "C:\dbt_demo\dbt_env\Lib\site-packages\dbt\cli\requires.py", line 332, in wrapper
    return func(*args, **kwargs)
  File "C:\dbt_demo\dbt_env\Lib\site-packages\dbt\cli\requires.py", line 379, in wrapper
    return func(*args, **kwargs)
  File "C:\dbt_demo\dbt_env\Lib\site-packages\dbt\cli\main.py", line 322, in docs_serve
    results = task.run()
  File "C:\dbt_demo\dbt_env\Lib\site-packages\dbt\task\docs\serve.py", line 29, in run
    httpd.serve_forever()
    ~~~~~~~~~~~~~~~~~~~^^
  File "C:\Users\ganas\AppData\Local\Programs\Python\Python313\Lib\socketserver.py", line 240, in serve_forever
    self._handle_request_noblock()
    ~~~~~~~~~~~~~~~~~~~~~~~~~~~~^^
  File "C:\Users\ganas\AppData\Local\Programs\Python\Python313\Lib\socketserver.py", line 318, in _handle_request_noblock
    self.process_request(request, client_address)
    ~~~~~~~~~~~~~~~~~~~~^^^^^^^^^^^^^^^^^^^^^^^^^
  File "C:\Users\ganas\AppData\Local\Programs\Python\Python313\Lib\socketserver.py", line 349, in process_request
    self.finish_request(request, client_address)
    ~~~~~~~~~~~~~~~~~~~^^^^^^^^^^^^^^^^^^^^^^^^^
  File "C:\Users\ganas\AppData\Local\Programs\Python\Python313\Lib\socketserver.py", line 362, in finish_request
    self.RequestHandlerClass(request, client_address, self)
    ~~~~~~~~~~~~~~~~~~~~~~~~^^^^^^^^^^^^^^^^^^^^^^^^^^^^^^^
  File "C:\Users\ganas\AppData\Local\Programs\Python\Python313\Lib\http\server.py", line 683, in __init__
    super().__init__(*args, **kwargs)
    ~~~~~~~~~~~~~~~~^^^^^^^^^^^^^^^^^
  File "C:\Users\ganas\AppData\Local\Programs\Python\Python313\Lib\socketserver.py", line 766, in __init__
    self.handle()
    ~~~~~~~~~~~^^
  File "C:\Users\ganas\AppData\Local\Programs\Python\Python313\Lib\http\server.py", line 447, in handle
    self.handle_one_request()
    ~~~~~~~~~~~~~~~~~~~~~~~^^
  File "C:\Users\ganas\AppData\Local\Programs\Python\Python313\Lib\http\server.py", line 415, in handle_one_request
    self.raw_requestline = self.rfile.readline(65537)
                           ~~~~~~~~~~~~~~~~~~~^^^^^^^
  File "C:\Users\ganas\AppData\Local\Programs\Python\Python313\Lib\socket.py", line 723, in readinto
    return self._sock.recv_into(b)
           ~~~~~~~~~~~~~~~~~~~~^^^
KeyboardInterrupt

[0m12:56:56.318289 [debug] [MainThread]: Command `dbt docs serve` failed at 12:56:56.318042 after 91.98 seconds
[0m12:56:56.318698 [debug] [MainThread]: Sending event: {'category': 'dbt', 'action': 'invocation', 'label': 'end', 'context': [<snowplow_tracker.self_describing_json.SelfDescribingJson object at 0x000002B3A4BDCC50>, <snowplow_tracker.self_describing_json.SelfDescribingJson object at 0x000002B3A4BDCB50>, <snowplow_tracker.self_describing_json.SelfDescribingJson object at 0x000002B3A4BC5B80>]}
[0m12:56:56.319071 [debug] [MainThread]: Flushing usage events
[0m12:56:57.127188 [debug] [MainThread]: An error was encountered while trying to flush usage events
[0m12:58:04.244348 [debug] [MainThread]: Sending event: {'category': 'dbt', 'action': 'invocation', 'label': 'start', 'context': [<snowplow_tracker.self_describing_json.SelfDescribingJson object at 0x000001F0F8E6D2B0>, <snowplow_tracker.self_describing_json.SelfDescribingJson object at 0x000001F0FB567ED0>, <snowplow_tracker.self_describing_json.SelfDescribingJson object at 0x000001F0FB567B10>]}


============================== 12:58:04.252520 | 57d408de-e660-4d22-a1dd-3276240944ae ==============================
[0m12:58:04.252520 [info ] [MainThread]: Running with dbt=1.12.0
[0m12:58:04.253912 [debug] [MainThread]: running dbt with arguments {'version_check': 'True', 'no_print': 'None', 'maximum_seed_size_mib': '1', 'target_path': 'None', 'warn_error_options': 'WarnErrorOptionsV2(error=[], warn=[], silence=[])', 'static_parser': 'True', 'printer_width': '80', 'write_json': 'True', 'introspect': 'True', 'log_cache_events': 'False', 'empty': 'None', 'cache_selected_only': 'False', 'log_format': 'default', 'debug': 'False', 'fail_fast': 'False', 'profiles_dir': 'C:\\Users\\ganas\\.dbt', 'send_anonymous_usage_stats': 'True', 'quiet': 'False', 'warn_error': 'None', 'partial_parse': 'True', 'invocation_command': 'dbt init product_performance_dashboard_lab2', 'hints_enabled': 'True', 'use_colors': 'True', 'use_experimental_parser': 'False', 'indirect_selection': 'eager', 'log_path': 'C:\\dbt_demo\\customer_revenue_analytics_lab1\\logs'}
[0m12:58:04.271502 [info ] [MainThread]: Setting up your profile.
[0m12:58:20.848925 [info ] [MainThread]: Running dbt debug to validate the project...
[0m12:58:20.850080 [info ] [MainThread]: dbt version: 1.12.0
[0m12:58:20.850746 [info ] [MainThread]: python version: 3.13.14
[0m12:58:20.851251 [info ] [MainThread]: python path: C:\dbt_demo\dbt_env\Scripts\python.exe
[0m12:58:20.851796 [info ] [MainThread]: os info: Windows-11-10.0.26200-SP0
[0m12:58:20.966472 [info ] [MainThread]: Using profiles dir at C:\Users\ganas\.dbt
[0m12:58:20.967110 [info ] [MainThread]: Using profiles.yml file at C:\Users\ganas\.dbt\profiles.yml
[0m12:58:20.967659 [info ] [MainThread]: Using dbt_project.yml file at C:\dbt_demo\customer_revenue_analytics_lab1\dbt_project.yml
[0m12:58:20.969690 [info ] [MainThread]: adapter type: duckdb
[0m12:58:20.970123 [info ] [MainThread]: adapter version: 1.10.1
[0m12:58:21.079697 [info ] [MainThread]: Configuration:
[0m12:58:21.080460 [info ] [MainThread]:   profiles.yml file [[32mOK found and valid[0m]
[0m12:58:21.080999 [info ] [MainThread]:   dbt_project.yml file [[32mOK found and valid[0m]
[0m12:58:21.081425 [info ] [MainThread]: Required dependencies:
[0m12:58:21.081876 [debug] [MainThread]: Executing "git --help"
[0m12:58:21.152284 [debug] [MainThread]: STDOUT: "b"usage: git [-v | --version] [-h | --help] [-C <path>] [-c <name>=<value>]\n           [--exec-path[=<path>]] [--html-path] [--man-path] [--info-path]\n           [-p | --paginate | -P | --no-pager] [--no-replace-objects] [--no-lazy-fetch]\n           [--no-optional-locks] [--no-advice] [--bare] [--git-dir=<path>]\n           [--work-tree=<path>] [--namespace=<name>] [--config-env=<name>=<envvar>]\n           <command> [<args>]\n\nThese are common Git commands used in various situations:\n\nstart a working area (see also: git help tutorial)\n   clone      Clone a repository into a new directory\n   init       Create an empty Git repository or reinitialize an existing one\n\nwork on the current change (see also: git help everyday)\n   add        Add file contents to the index\n   mv         Move or rename a file, a directory, or a symlink\n   restore    Restore working tree files\n   rm         Remove files from the working tree and from the index\n\nexamine the history and state (see also: git help revisions)\n   bisect     Use binary search to find the commit that introduced a bug\n   diff       Show changes between commits, commit and working tree, etc\n   grep       Print lines matching a pattern\n   log        Show commit logs\n   show       Show various types of objects\n   status     Show the working tree status\n\ngrow, mark and tweak your common history\n   backfill   Download missing objects in a partial clone\n   branch     List, create, or delete branches\n   commit     Record changes to the repository\n   history    EXPERIMENTAL: Rewrite history\n   merge      Join two or more development histories together\n   rebase     Reapply commits on top of another base tip\n   reset      Set `HEAD` or the index to a known state\n   switch     Switch branches\n   tag        Create, list, delete or verify tags\n\ncollaborate (see also: git help workflows)\n   fetch      Download objects and refs from another repository\n   pull       Fetch from and integrate with another repository or a local branch\n   push       Update remote refs along with associated objects\n\n'git help -a' and 'git help -g' list available subcommands and some\nconcept guides. See 'git help <command>' or 'git help <concept>'\nto read about a specific subcommand or concept.\nSee 'git help git' for an overview of the system.\n""
[0m12:58:21.152941 [debug] [MainThread]: STDERR: "b''"
[0m12:58:21.153442 [info ] [MainThread]:  - git [[32mOK found[0m]

[0m12:58:21.153993 [info ] [MainThread]: Connection:
[0m12:58:21.154728 [info ] [MainThread]:   database: dev
[0m12:58:21.155278 [info ] [MainThread]:   schema: main
[0m12:58:21.156040 [info ] [MainThread]:   path: dev.duckdb
[0m12:58:21.156609 [info ] [MainThread]:   config_options: None
[0m12:58:21.157387 [info ] [MainThread]:   extensions: None
[0m12:58:21.157908 [info ] [MainThread]:   settings: {}
[0m12:58:21.158269 [info ] [MainThread]:   external_root: .
[0m12:58:21.158793 [info ] [MainThread]:   use_credential_provider: None
[0m12:58:21.159302 [info ] [MainThread]:   attach: None
[0m12:58:21.159714 [info ] [MainThread]:   filesystems: None
[0m12:58:21.160124 [info ] [MainThread]:   remote: None
[0m12:58:21.160846 [info ] [MainThread]:   plugins: None
[0m12:58:21.161543 [info ] [MainThread]:   disable_transactions: False
[0m12:58:21.162519 [info ] [MainThread]: Registered adapter: duckdb=1.10.1
[0m12:58:21.347726 [debug] [MainThread]: Acquiring new duckdb connection 'debug'
[0m12:58:21.389488 [debug] [MainThread]: Using duckdb connection "debug"
[0m12:58:21.389868 [debug] [MainThread]: On debug: select 1 as id
[0m12:58:21.390127 [debug] [MainThread]: Opening a new connection, currently in state init
[0m12:58:21.406466 [debug] [MainThread]: SQL status: OK in 0.016 seconds
[0m12:58:21.407360 [debug] [MainThread]: On debug: Close
[0m12:58:21.407727 [info ] [MainThread]:   Connection test: [[32mOK connection ok[0m]

[0m12:58:21.408248 [info ] [MainThread]: [32mAll checks passed![0m
[0m12:58:21.409143 [debug] [MainThread]: Command `dbt init` succeeded at 12:58:21.409018 after 17.40 seconds
[0m12:58:21.409429 [debug] [MainThread]: Connection 'debug' was properly closed.
[0m12:58:21.409718 [debug] [MainThread]: Sending event: {'category': 'dbt', 'action': 'invocation', 'label': 'end', 'context': [<snowplow_tracker.self_describing_json.SelfDescribingJson object at 0x000001F0FBC5A520>, <snowplow_tracker.self_describing_json.SelfDescribingJson object at 0x000001F0FBC2FAD0>, <snowplow_tracker.self_describing_json.SelfDescribingJson object at 0x000001F0FBC39260>]}
[0m12:58:21.410055 [debug] [MainThread]: Flushing usage events
[0m12:58:22.182651 [debug] [MainThread]: An error was encountered while trying to flush usage events
